  0
SECTION
  2
HEADER
  9
$ACADVER
  1
AC1009
  9
$FILLMODE
 70
1
  9
$EXTMIN
 10
-0.0500
 20
2.8970
 30
0.0000
  9
$EXTMAX
 10
78.1500
 20
26.8410
 30
0.0000
  0
ENDSEC
  0
SECTION
  2
TABLES
  0
TABLE
  2
LTYPE
 70
1
  0
LTYPE
  2
CONTINUOUS
 70
64
  3
Solid line
 72
65
 73
0
 40
0
  0
ENDTAB
  0
TABLE
  2
LAYER
 70
255
  0
LAYER
  2
1
 70
64
 62
12
  6
CONTINUOUS
  0
LAYER
  2
16
 70
64
 62
132
  6
CONTINUOUS
  0
LAYER
  2
17
 70
64
 62
110
  6
CONTINUOUS
  0
LAYER
  2
18
 70
64
 62
110
  6
CONTINUOUS
  0
LAYER
  2
19
 70
64
 62
53
  6
CONTINUOUS
  0
LAYER
  2
20
 70
64
 62
31
  6
CONTINUOUS
  0
LAYER
  2
21
 70
64
 62
253
  6
CONTINUOUS
  0
LAYER
  2
22
 70
64
 62
253
  6
CONTINUOUS
  0
LAYER
  2
23
 70
64
 62
53
  6
CONTINUOUS
  0
LAYER
  2
24
 70
64
 62
53
  6
CONTINUOUS
  0
LAYER
  2
25
 70
64
 62
253
  6
CONTINUOUS
  0
LAYER
  2
26
 70
64
 62
253
  6
CONTINUOUS
  0
LAYER
  2
27
 70
64
 62
253
  6
CONTINUOUS
  0
LAYER
  2
28
 70
64
 62
253
  6
CONTINUOUS
  0
LAYER
  2
39
 70
64
 62
12
  6
CONTINUOUS
  0
LAYER
  2
40
 70
64
 62
132
  6
CONTINUOUS
  0
LAYER
  2
41
 70
64
 62
12
  6
CONTINUOUS
  0
LAYER
  2
42
 70
64
 62
132
  6
CONTINUOUS
  0
LAYER
  2
43
 70
64
 62
110
  6
CONTINUOUS
  0
LAYER
  2
45
 70
64
 62
253
  6
CONTINUOUS
  0
LAYER
  2
48
 70
64
 62
253
  6
CONTINUOUS
  0
LAYER
  2
49
 70
64
 62
253
  6
CONTINUOUS
  0
LAYER
  2
51
 70
64
 62
253
  6
CONTINUOUS
  0
LAYER
  2
52
 70
64
 62
253
  6
CONTINUOUS
  0
ENDTAB
  0
ENDSEC
  0
SECTION
  2
BLOCKS
  0
BLOCK
  8
0
  2
RECT
 70
64
 10
0.0000
 20
0.0000
 30
0.0000
  3
RECT
  0
SOLID
  8
0
 10
-0.5000
 20
-0.5000
 30
0.0000
 11
0.5000
 21
-0.5000
 31
0.0000
 12
-0.5000
 22
0.5000
 32
0.0000
 13
0.5000
 23
0.5000
 33
0.0000
  0
ENDBLK
  8
0
  0
BLOCK
  8
0
  2
PIE
 70
64
 10
0.0000
 20
0.0000
 30
0.0000
  3
PIE
  0
POLYLINE
  8
0
 66
1
 10
0.0000
 20
0.0000
 30
0.0000
 40
0.5000
 41
0.5000
 70
0
  0
VERTEX
  8
0
 10
0.0000
 20
-0.2500
 30
0.0000
 42
1.0000
  0
VERTEX
  8
0
 10
0.0000
 20
0.2500
 30
0.0000
 42
1.0000
  0
VERTEX
  8
0
 10
0.0000
 20
-0.2500
 30
0.0000
  0
SEQEND
  8
0
  0
ENDBLK
  8
0
  0
BLOCK
  8
0
  2
OCTAGONP
 70
64
 10
0.0000
 20
0.0000
 30
0.0000
  3
OCTAGONP
  0
POLYLINE
  8
0
 66
1
 10
0.0000
 20
0.0000
 30
0.0000
 40
0.5000
 41
0.5000
 70
0
  0
VERTEX
  8
0
 10
-0.2500
 20
-0.1036
 30
0.0000
  0
VERTEX
  8
0
 10
-0.2500
 20
0.1036
 30
0.0000
  0
VERTEX
  8
0
 10
-0.1036
 20
0.2500
 30
0.0000
  0
VERTEX
  8
0
 10
0.1036
 20
0.2500
 30
0.0000
  0
VERTEX
  8
0
 10
0.2500
 20
0.1036
 30
0.0000
  0
VERTEX
  8
0
 10
0.2500
 20
-0.1036
 30
0.0000
  0
VERTEX
  8
0
 10
0.1036
 20
-0.2500
 30
0.0000
  0
VERTEX
  8
0
 10
-0.1036
 20
-0.2500
 30
0.0000
  0
VERTEX
  8
0
 10
-0.2500
 20
-0.1036
 30
0.0000
  0
VERTEX
  8
0
 10
-0.2500
 20
0.1036
 30
0.0000
  0
SEQEND
  8
0
  0
ENDBLK
  8
0
  0
BLOCK
  8
0
  2
SQUAREP
 70
64
 10
0.0000
 20
0.0000
 30
0.0000
  3
SQUAREP
  0
SOLID
  8
0
 10
-0.5000
 20
-0.5000
 30
0.0000
 11
0.5000
 21
-0.5000
 31
0.0000
 12
-0.5000
 22
0.5000
 32
0.0000
 13
0.5000
 23
0.5000
 33
0.0000
  0
ENDBLK
  8
0
  0
BLOCK
  8
0
  2
ROUNDP
 70
64
 10
0.0000
 20
0.0000
 30
0.0000
  3
ROUNDP
  0
POLYLINE
  8
0
 66
1
 10
0.0000
 20
0.0000
 30
0.0000
 40
0.5000
 41
0.5000
 70
0
  0
VERTEX
  8
0
 10
0.0000
 20
-0.2500
 30
0.0000
 42
1.0000
  0
VERTEX
  8
0
 10
0.0000
 20
0.2500
 30
0.0000
 42
1.0000
  0
VERTEX
  8
0
 10
0.0000
 20
-0.2500
 30
0.0000
  0
SEQEND
  8
0
  0
ENDBLK
  8
0
  0
BLOCK
  8
0
  2
ANNULUSP
 70
64
 10
0.0000
 20
0.0000
 30
0.0000
  3
ANNULUSP
  0
POLYLINE
  8
0
 66
1
 10
0.0000
 20
0.0000
 30
0.0000
 40
0.5000
 41
0.5000
 70
0
  0
VERTEX
  8
0
 10
0.0000
 20
-0.2500
 30
0.0000
 42
1.0000
  0
VERTEX
  8
0
 10
0.0000
 20
0.2500
 30
0.0000
 42
1.0000
  0
VERTEX
  8
0
 10
0.0000
 20
-0.2500
 30
0.0000
  0
SEQEND
  8
0
  0
ENDBLK
  8
0
  0
BLOCK
  8
0
  2
THERMALP
 70
64
 10
0.0000
 20
0.0000
 30
0.0000
  3
THERMALP
  0
POLYLINE
  8
0
 66
1
 10
0.0000
 20
0.0000
 30
0.0000
 40
0.1000
 41
0.1000
 70
0
  0
VERTEX
  8
0
 10
-0.2379
 20
0.4500
 30
0.0000
  0
VERTEX
  8
0
 10
0.2379
 20
0.4500
 30
0.0000
  0
SEQEND
  8
0
  0
POLYLINE
  8
0
 66
1
 10
0.0000
 20
0.0000
 30
0.0000
 40
0.0500
 41
0.0500
 70
0
  0
VERTEX
  8
0
 10
0.2379
 20
0.4250
 30
0.0000
 42
1.0000
  0
VERTEX
  8
0
 10
0.2379
 20
0.4750
 30
0.0000
  0
SEQEND
  8
0
  0
POLYLINE
  8
0
 66
1
 10
0.0000
 20
0.0000
 30
0.0000
 40
0.0500
 41
0.0500
 70
0
  0
VERTEX
  8
0
 10
-0.2379
 20
0.4750
 30
0.0000
 42
1.0000
  0
VERTEX
  8
0
 10
-0.2379
 20
0.4250
 30
0.0000
  0
SEQEND
  8
0
  0
POLYLINE
  8
0
 66
1
 10
0.0000
 20
0.0000
 30
0.0000
 40
0.1000
 41
0.1000
 70
0
  0
VERTEX
  8
0
 10
0.4500
 20
0.2379
 30
0.0000
  0
VERTEX
  8
0
 10
0.4500
 20
-0.2379
 30
0.0000
  0
SEQEND
  8
0
  0
POLYLINE
  8
0
 66
1
 10
0.0000
 20
0.0000
 30
0.0000
 40
0.0500
 41
0.0500
 70
0
  0
VERTEX
  8
0
 10
0.4250
 20
-0.2379
 30
0.0000
 42
1.0000
  0
VERTEX
  8
0
 10
0.4750
 20
-0.2379
 30
0.0000
  0
SEQEND
  8
0
  0
POLYLINE
  8
0
 66
1
 10
0.0000
 20
0.0000
 30
0.0000
 40
0.0500
 41
0.0500
 70
0
  0
VERTEX
  8
0
 10
0.4750
 20
0.2379
 30
0.0000
 42
1.0000
  0
VERTEX
  8
0
 10
0.4250
 20
0.2379
 30
0.0000
  0
SEQEND
  8
0
  0
POLYLINE
  8
0
 66
1
 10
0.0000
 20
0.0000
 30
0.0000
 40
0.1000
 41
0.1000
 70
0
  0
VERTEX
  8
0
 10
0.2379
 20
-0.4500
 30
0.0000
  0
VERTEX
  8
0
 10
-0.2379
 20
-0.4500
 30
0.0000
  0
SEQEND
  8
0
  0
POLYLINE
  8
0
 66
1
 10
0.0000
 20
0.0000
 30
0.0000
 40
0.0500
 41
0.0500
 70
0
  0
VERTEX
  8
0
 10
-0.2379
 20
-0.4250
 30
0.0000
 42
1.0000
  0
VERTEX
  8
0
 10
-0.2379
 20
-0.4750
 30
0.0000
  0
SEQEND
  8
0
  0
POLYLINE
  8
0
 66
1
 10
0.0000
 20
0.0000
 30
0.0000
 40
0.0500
 41
0.0500
 70
0
  0
VERTEX
  8
0
 10
0.2379
 20
-0.4750
 30
0.0000
 42
1.0000
  0
VERTEX
  8
0
 10
0.2379
 20
-0.4250
 30
0.0000
  0
SEQEND
  8
0
  0
POLYLINE
  8
0
 66
1
 10
0.0000
 20
0.0000
 30
0.0000
 40
0.1000
 41
0.1000
 70
0
  0
VERTEX
  8
0
 10
-0.4500
 20
-0.2379
 30
0.0000
  0
VERTEX
  8
0
 10
-0.4500
 20
0.2379
 30
0.0000
  0
SEQEND
  8
0
  0
POLYLINE
  8
0
 66
1
 10
0.0000
 20
0.0000
 30
0.0000
 40
0.0500
 41
0.0500
 70
0
  0
VERTEX
  8
0
 10
-0.4250
 20
0.2379
 30
0.0000
 42
1.0000
  0
VERTEX
  8
0
 10
-0.4750
 20
0.2379
 30
0.0000
  0
SEQEND
  8
0
  0
POLYLINE
  8
0
 66
1
 10
0.0000
 20
0.0000
 30
0.0000
 40
0.0500
 41
0.0500
 70
0
  0
VERTEX
  8
0
 10
-0.4750
 20
-0.2379
 30
0.0000
 42
1.0000
  0
VERTEX
  8
0
 10
-0.4250
 20
-0.2379
 30
0.0000
  0
SEQEND
  8
0
  0
ENDBLK
  8
0
  0
BLOCK
  8
0
  2
OCTAGONV
 70
64
 10
0.0000
 20
0.0000
 30
0.0000
  3
OCTAGONV
  0
POLYLINE
  8
0
 66
1
 10
0.0000
 20
0.0000
 30
0.0000
 40
0.5000
 41
0.5000
 70
0
  0
VERTEX
  8
0
 10
-0.2500
 20
-0.1036
 30
0.0000
  0
VERTEX
  8
0
 10
-0.2500
 20
0.1036
 30
0.0000
  0
VERTEX
  8
0
 10
-0.1036
 20
0.2500
 30
0.0000
  0
VERTEX
  8
0
 10
0.1036
 20
0.2500
 30
0.0000
  0
VERTEX
  8
0
 10
0.2500
 20
0.1036
 30
0.0000
  0
VERTEX
  8
0
 10
0.2500
 20
-0.1036
 30
0.0000
  0
VERTEX
  8
0
 10
0.1036
 20
-0.2500
 30
0.0000
  0
VERTEX
  8
0
 10
-0.1036
 20
-0.2500
 30
0.0000
  0
VERTEX
  8
0
 10
-0.2500
 20
-0.1036
 30
0.0000
  0
VERTEX
  8
0
 10
-0.2500
 20
0.1036
 30
0.0000
  0
SEQEND
  8
0
  0
ENDBLK
  8
0
  0
BLOCK
  8
0
  2
SQUAREV
 70
64
 10
0.0000
 20
0.0000
 30
0.0000
  3
SQUAREV
  0
SOLID
  8
0
 10
-0.5000
 20
-0.5000
 30
0.0000
 11
0.5000
 21
-0.5000
 31
0.0000
 12
-0.5000
 22
0.5000
 32
0.0000
 13
0.5000
 23
0.5000
 33
0.0000
  0
ENDBLK
  8
0
  0
BLOCK
  8
0
  2
ROUNDV
 70
64
 10
0.0000
 20
0.0000
 30
0.0000
  3
ROUNDV
  0
POLYLINE
  8
0
 66
1
 10
0.0000
 20
0.0000
 30
0.0000
 40
0.5000
 41
0.5000
 70
0
  0
VERTEX
  8
0
 10
0.0000
 20
-0.2500
 30
0.0000
 42
1.0000
  0
VERTEX
  8
0
 10
0.0000
 20
0.2500
 30
0.0000
 42
1.0000
  0
VERTEX
  8
0
 10
0.0000
 20
-0.2500
 30
0.0000
  0
SEQEND
  8
0
  0
ENDBLK
  8
0
  0
BLOCK
  8
0
  2
ANNULUSV
 70
64
 10
0.0000
 20
0.0000
 30
0.0000
  3
ANNULUSV
  0
POLYLINE
  8
0
 66
1
 10
0.0000
 20
0.0000
 30
0.0000
 40
0.5000
 41
0.5000
 70
0
  0
VERTEX
  8
0
 10
0.0000
 20
-0.2500
 30
0.0000
 42
1.0000
  0
VERTEX
  8
0
 10
0.0000
 20
0.2500
 30
0.0000
 42
1.0000
  0
VERTEX
  8
0
 10
0.0000
 20
-0.2500
 30
0.0000
  0
SEQEND
  8
0
  0
ENDBLK
  8
0
  0
BLOCK
  8
0
  2
THERMALV
 70
64
 10
0.0000
 20
0.0000
 30
0.0000
  3
THERMALV
  0
POLYLINE
  8
0
 66
1
 10
0.0000
 20
0.0000
 30
0.0000
 40
0.1000
 41
0.1000
 70
0
  0
VERTEX
  8
0
 10
-0.2379
 20
0.4500
 30
0.0000
  0
VERTEX
  8
0
 10
0.2379
 20
0.4500
 30
0.0000
  0
SEQEND
  8
0
  0
POLYLINE
  8
0
 66
1
 10
0.0000
 20
0.0000
 30
0.0000
 40
0.0500
 41
0.0500
 70
0
  0
VERTEX
  8
0
 10
0.2379
 20
0.4250
 30
0.0000
 42
1.0000
  0
VERTEX
  8
0
 10
0.2379
 20
0.4750
 30
0.0000
  0
SEQEND
  8
0
  0
POLYLINE
  8
0
 66
1
 10
0.0000
 20
0.0000
 30
0.0000
 40
0.0500
 41
0.0500
 70
0
  0
VERTEX
  8
0
 10
-0.2379
 20
0.4750
 30
0.0000
 42
1.0000
  0
VERTEX
  8
0
 10
-0.2379
 20
0.4250
 30
0.0000
  0
SEQEND
  8
0
  0
POLYLINE
  8
0
 66
1
 10
0.0000
 20
0.0000
 30
0.0000
 40
0.1000
 41
0.1000
 70
0
  0
VERTEX
  8
0
 10
0.4500
 20
0.2379
 30
0.0000
  0
VERTEX
  8
0
 10
0.4500
 20
-0.2379
 30
0.0000
  0
SEQEND
  8
0
  0
POLYLINE
  8
0
 66
1
 10
0.0000
 20
0.0000
 30
0.0000
 40
0.0500
 41
0.0500
 70
0
  0
VERTEX
  8
0
 10
0.4250
 20
-0.2379
 30
0.0000
 42
1.0000
  0
VERTEX
  8
0
 10
0.4750
 20
-0.2379
 30
0.0000
  0
SEQEND
  8
0
  0
POLYLINE
  8
0
 66
1
 10
0.0000
 20
0.0000
 30
0.0000
 40
0.0500
 41
0.0500
 70
0
  0
VERTEX
  8
0
 10
0.4750
 20
0.2379
 30
0.0000
 42
1.0000
  0
VERTEX
  8
0
 10
0.4250
 20
0.2379
 30
0.0000
  0
SEQEND
  8
0
  0
POLYLINE
  8
0
 66
1
 10
0.0000
 20
0.0000
 30
0.0000
 40
0.1000
 41
0.1000
 70
0
  0
VERTEX
  8
0
 10
0.2379
 20
-0.4500
 30
0.0000
  0
VERTEX
  8
0
 10
-0.2379
 20
-0.4500
 30
0.0000
  0
SEQEND
  8
0
  0
POLYLINE
  8
0
 66
1
 10
0.0000
 20
0.0000
 30
0.0000
 40
0.0500
 41
0.0500
 70
0
  0
VERTEX
  8
0
 10
-0.2379
 20
-0.4250
 30
0.0000
 42
1.0000
  0
VERTEX
  8
0
 10
-0.2379
 20
-0.4750
 30
0.0000
  0
SEQEND
  8
0
  0
POLYLINE
  8
0
 66
1
 10
0.0000
 20
0.0000
 30
0.0000
 40
0.0500
 41
0.0500
 70
0
  0
VERTEX
  8
0
 10
0.2379
 20
-0.4750
 30
0.0000
 42
1.0000
  0
VERTEX
  8
0
 10
0.2379
 20
-0.4250
 30
0.0000
  0
SEQEND
  8
0
  0
POLYLINE
  8
0
 66
1
 10
0.0000
 20
0.0000
 30
0.0000
 40
0.1000
 41
0.1000
 70
0
  0
VERTEX
  8
0
 10
-0.4500
 20
-0.2379
 30
0.0000
  0
VERTEX
  8
0
 10
-0.4500
 20
0.2379
 30
0.0000
  0
SEQEND
  8
0
  0
POLYLINE
  8
0
 66
1
 10
0.0000
 20
0.0000
 30
0.0000
 40
0.0500
 41
0.0500
 70
0
  0
VERTEX
  8
0
 10
-0.4250
 20
0.2379
 30
0.0000
 42
1.0000
  0
VERTEX
  8
0
 10
-0.4750
 20
0.2379
 30
0.0000
  0
SEQEND
  8
0
  0
POLYLINE
  8
0
 66
1
 10
0.0000
 20
0.0000
 30
0.0000
 40
0.0500
 41
0.0500
 70
0
  0
VERTEX
  8
0
 10
-0.4750
 20
-0.2379
 30
0.0000
 42
1.0000
  0
VERTEX
  8
0
 10
-0.4250
 20
-0.2379
 30
0.0000
  0
SEQEND
  8
0
  0
ENDBLK
  8
0
  0
ENDSEC
  0
SECTION
  2
ENTITIES
  0
POLYLINE
  8
20
 66
1
 10
0.0000
 20
0.0000
 30
0.0000
 40
0.1000
 41
0.1000
 70
0
  0
VERTEX
  8
20
 10
45.8000
 20
7.1000
 30
0.0000
  0
VERTEX
  8
20
 10
45.8000
 20
13.7000
 30
0.0000
  0
SEQEND
  8
0
  0
POLYLINE
  8
20
 66
1
 10
0.0000
 20
0.0000
 30
0.0000
 40
0.0500
 41
0.0500
 70
0
  0
VERTEX
  8
20
 10
45.8250
 20
13.7000
 30
0.0000
 42
1.0000
  0
VERTEX
  8
20
 10
45.7750
 20
13.7000
 30
0.0000
  0
SEQEND
  8
0
  0
POLYLINE
  8
20
 66
1
 10
0.0000
 20
0.0000
 30
0.0000
 40
0.0500
 41
0.0500
 70
0
  0
VERTEX
  8
20
 10
45.7750
 20
7.1000
 30
0.0000
 42
1.0000
  0
VERTEX
  8
20
 10
45.8250
 20
7.1000
 30
0.0000
  0
SEQEND
  8
0
  0
POLYLINE
  8
20
 66
1
 10
0.0000
 20
0.0000
 30
0.0000
 40
0.1000
 41
0.1000
 70
0
  0
VERTEX
  8
20
 10
32.7000
 20
13.7000
 30
0.0000
  0
VERTEX
  8
20
 10
32.7000
 20
7.1000
 30
0.0000
  0
SEQEND
  8
0
  0
POLYLINE
  8
20
 66
1
 10
0.0000
 20
0.0000
 30
0.0000
 40
0.0500
 41
0.0500
 70
0
  0
VERTEX
  8
20
 10
32.6750
 20
7.1000
 30
0.0000
 42
1.0000
  0
VERTEX
  8
20
 10
32.7250
 20
7.1000
 30
0.0000
  0
SEQEND
  8
0
  0
POLYLINE
  8
20
 66
1
 10
0.0000
 20
0.0000
 30
0.0000
 40
0.0500
 41
0.0500
 70
0
  0
VERTEX
  8
20
 10
32.7250
 20
13.7000
 30
0.0000
 42
1.0000
  0
VERTEX
  8
20
 10
32.6750
 20
13.7000
 30
0.0000
  0
SEQEND
  8
0
  0
POLYLINE
  8
20
 66
1
 10
0.0000
 20
0.0000
 30
0.0000
 40
0.1000
 41
0.1000
 70
0
  0
VERTEX
  8
20
 10
0.0000
 20
5.0000
 30
0.0000
  0
VERTEX
  8
20
 10
19.1000
 20
5.0000
 30
0.0000
  0
SEQEND
  8
0
  0
POLYLINE
  8
20
 66
1
 10
0.0000
 20
0.0000
 30
0.0000
 40
0.0500
 41
0.0500
 70
0
  0
VERTEX
  8
20
 10
19.1000
 20
4.9750
 30
0.0000
 42
1.0000
  0
VERTEX
  8
20
 10
19.1000
 20
5.0250
 30
0.0000
  0
SEQEND
  8
0
  0
POLYLINE
  8
20
 66
1
 10
0.0000
 20
0.0000
 30
0.0000
 40
0.0500
 41
0.0500
 70
0
  0
VERTEX
  8
20
 10
0.0000
 20
5.0250
 30
0.0000
 42
1.0000
  0
VERTEX
  8
20
 10
0.0000
 20
4.9750
 30
0.0000
  0
SEQEND
  8
0
  0
POLYLINE
  8
20
 66
1
 10
0.0000
 20
0.0000
 30
0.0000
 40
0.1000
 41
0.1000
 70
0
  0
VERTEX
  8
20
 10
19.1000
 20
5.0000
 30
0.0000
  0
VERTEX
  8
20
 10
19.1000
 20
3.0000
 30
0.0000
  0
SEQEND
  8
0
  0
POLYLINE
  8
20
 66
1
 10
0.0000
 20
0.0000
 30
0.0000
 40
0.0500
 41
0.0500
 70
0
  0
VERTEX
  8
20
 10
19.0750
 20
3.0000
 30
0.0000
 42
1.0000
  0
VERTEX
  8
20
 10
19.1250
 20
3.0000
 30
0.0000
  0
SEQEND
  8
0
  0
POLYLINE
  8
20
 66
1
 10
0.0000
 20
0.0000
 30
0.0000
 40
0.0500
 41
0.0500
 70
0
  0
VERTEX
  8
20
 10
19.1250
 20
5.0000
 30
0.0000
 42
1.0000
  0
VERTEX
  8
20
 10
19.0750
 20
5.0000
 30
0.0000
  0
SEQEND
  8
0
  0
POLYLINE
  8
20
 66
1
 10
0.0000
 20
0.0000
 30
0.0000
 40
0.1000
 41
0.1000
 70
0
  0
VERTEX
  8
20
 10
19.1000
 20
3.0000
 30
0.0000
  0
VERTEX
  8
20
 10
59.0000
 20
3.0000
 30
0.0000
  0
SEQEND
  8
0
  0
POLYLINE
  8
20
 66
1
 10
0.0000
 20
0.0000
 30
0.0000
 40
0.0500
 41
0.0500
 70
0
  0
VERTEX
  8
20
 10
59.0000
 20
2.9750
 30
0.0000
 42
1.0000
  0
VERTEX
  8
20
 10
59.0000
 20
3.0250
 30
0.0000
  0
SEQEND
  8
0
  0
POLYLINE
  8
20
 66
1
 10
0.0000
 20
0.0000
 30
0.0000
 40
0.0500
 41
0.0500
 70
0
  0
VERTEX
  8
20
 10
19.1000
 20
3.0250
 30
0.0000
 42
1.0000
  0
VERTEX
  8
20
 10
19.1000
 20
2.9750
 30
0.0000
  0
SEQEND
  8
0
  0
POLYLINE
  8
20
 66
1
 10
0.0000
 20
0.0000
 30
0.0000
 40
0.1000
 41
0.1000
 70
0
  0
VERTEX
  8
20
 10
59.0000
 20
3.0000
 30
0.0000
  0
VERTEX
  8
20
 10
59.0000
 20
5.0000
 30
0.0000
  0
SEQEND
  8
0
  0
POLYLINE
  8
20
 66
1
 10
0.0000
 20
0.0000
 30
0.0000
 40
0.0500
 41
0.0500
 70
0
  0
VERTEX
  8
20
 10
59.0250
 20
5.0000
 30
0.0000
 42
1.0000
  0
VERTEX
  8
20
 10
58.9750
 20
5.0000
 30
0.0000
  0
SEQEND
  8
0
  0
POLYLINE
  8
20
 66
1
 10
0.0000
 20
0.0000
 30
0.0000
 40
0.0500
 41
0.0500
 70
0
  0
VERTEX
  8
20
 10
58.9750
 20
3.0000
 30
0.0000
 42
1.0000
  0
VERTEX
  8
20
 10
59.0250
 20
3.0000
 30
0.0000
  0
SEQEND
  8
0
  0
POLYLINE
  8
20
 66
1
 10
0.0000
 20
0.0000
 30
0.0000
 40
0.1000
 41
0.1000
 70
0
  0
VERTEX
  8
20
 10
59.0000
 20
5.0000
 30
0.0000
  0
VERTEX
  8
20
 10
78.1000
 20
5.0000
 30
0.0000
  0
SEQEND
  8
0
  0
POLYLINE
  8
20
 66
1
 10
0.0000
 20
0.0000
 30
0.0000
 40
0.0500
 41
0.0500
 70
0
  0
VERTEX
  8
20
 10
78.1000
 20
4.9750
 30
0.0000
 42
1.0000
  0
VERTEX
  8
20
 10
78.1000
 20
5.0250
 30
0.0000
  0
SEQEND
  8
0
  0
POLYLINE
  8
20
 66
1
 10
0.0000
 20
0.0000
 30
0.0000
 40
0.0500
 41
0.0500
 70
0
  0
VERTEX
  8
20
 10
59.0000
 20
5.0250
 30
0.0000
 42
1.0000
  0
VERTEX
  8
20
 10
59.0000
 20
4.9750
 30
0.0000
  0
SEQEND
  8
0
  0
POLYLINE
  8
20
 66
1
 10
0.0000
 20
0.0000
 30
0.0000
 40
0.1000
 41
0.1000
 70
0
  0
VERTEX
  8
20
 10
78.1000
 20
5.0000
 30
0.0000
  0
VERTEX
  8
20
 10
78.1000
 20
15.8000
 30
0.0000
  0
SEQEND
  8
0
  0
POLYLINE
  8
20
 66
1
 10
0.0000
 20
0.0000
 30
0.0000
 40
0.0500
 41
0.0500
 70
0
  0
VERTEX
  8
20
 10
78.1250
 20
15.8000
 30
0.0000
 42
1.0000
  0
VERTEX
  8
20
 10
78.0750
 20
15.8000
 30
0.0000
  0
SEQEND
  8
0
  0
POLYLINE
  8
20
 66
1
 10
0.0000
 20
0.0000
 30
0.0000
 40
0.0500
 41
0.0500
 70
0
  0
VERTEX
  8
20
 10
78.0750
 20
5.0000
 30
0.0000
 42
1.0000
  0
VERTEX
  8
20
 10
78.1250
 20
5.0000
 30
0.0000
  0
SEQEND
  8
0
  0
POLYLINE
  8
20
 66
1
 10
0.0000
 20
0.0000
 30
0.0000
 40
0.1000
 41
0.1000
 70
0
  0
VERTEX
  8
20
 10
78.1000
 20
15.8000
 30
0.0000
  0
VERTEX
  8
20
 10
59.0000
 20
15.8000
 30
0.0000
  0
SEQEND
  8
0
  0
POLYLINE
  8
20
 66
1
 10
0.0000
 20
0.0000
 30
0.0000
 40
0.0500
 41
0.0500
 70
0
  0
VERTEX
  8
20
 10
59.0000
 20
15.8250
 30
0.0000
 42
1.0000
  0
VERTEX
  8
20
 10
59.0000
 20
15.7750
 30
0.0000
  0
SEQEND
  8
0
  0
POLYLINE
  8
20
 66
1
 10
0.0000
 20
0.0000
 30
0.0000
 40
0.0500
 41
0.0500
 70
0
  0
VERTEX
  8
20
 10
78.1000
 20
15.7750
 30
0.0000
 42
1.0000
  0
VERTEX
  8
20
 10
78.1000
 20
15.8250
 30
0.0000
  0
SEQEND
  8
0
  0
POLYLINE
  8
20
 66
1
 10
0.0000
 20
0.0000
 30
0.0000
 40
0.1000
 41
0.1000
 70
0
  0
VERTEX
  8
20
 10
59.0000
 20
15.8000
 30
0.0000
  0
VERTEX
  8
20
 10
59.0000
 20
17.8000
 30
0.0000
  0
SEQEND
  8
0
  0
POLYLINE
  8
20
 66
1
 10
0.0000
 20
0.0000
 30
0.0000
 40
0.0500
 41
0.0500
 70
0
  0
VERTEX
  8
20
 10
59.0250
 20
17.8000
 30
0.0000
 42
1.0000
  0
VERTEX
  8
20
 10
58.9750
 20
17.8000
 30
0.0000
  0
SEQEND
  8
0
  0
POLYLINE
  8
20
 66
1
 10
0.0000
 20
0.0000
 30
0.0000
 40
0.0500
 41
0.0500
 70
0
  0
VERTEX
  8
20
 10
58.9750
 20
15.8000
 30
0.0000
 42
1.0000
  0
VERTEX
  8
20
 10
59.0250
 20
15.8000
 30
0.0000
  0
SEQEND
  8
0
  0
POLYLINE
  8
20
 66
1
 10
0.0000
 20
0.0000
 30
0.0000
 40
0.1000
 41
0.1000
 70
0
  0
VERTEX
  8
20
 10
59.0000
 20
17.8000
 30
0.0000
  0
VERTEX
  8
20
 10
19.1000
 20
17.8000
 30
0.0000
  0
SEQEND
  8
0
  0
POLYLINE
  8
20
 66
1
 10
0.0000
 20
0.0000
 30
0.0000
 40
0.0500
 41
0.0500
 70
0
  0
VERTEX
  8
20
 10
19.1000
 20
17.8250
 30
0.0000
 42
1.0000
  0
VERTEX
  8
20
 10
19.1000
 20
17.7750
 30
0.0000
  0
SEQEND
  8
0
  0
POLYLINE
  8
20
 66
1
 10
0.0000
 20
0.0000
 30
0.0000
 40
0.0500
 41
0.0500
 70
0
  0
VERTEX
  8
20
 10
59.0000
 20
17.7750
 30
0.0000
 42
1.0000
  0
VERTEX
  8
20
 10
59.0000
 20
17.8250
 30
0.0000
  0
SEQEND
  8
0
  0
POLYLINE
  8
20
 66
1
 10
0.0000
 20
0.0000
 30
0.0000
 40
0.1000
 41
0.1000
 70
0
  0
VERTEX
  8
20
 10
19.1000
 20
17.8000
 30
0.0000
  0
VERTEX
  8
20
 10
19.1000
 20
15.8000
 30
0.0000
  0
SEQEND
  8
0
  0
POLYLINE
  8
20
 66
1
 10
0.0000
 20
0.0000
 30
0.0000
 40
0.0500
 41
0.0500
 70
0
  0
VERTEX
  8
20
 10
19.0750
 20
15.8000
 30
0.0000
 42
1.0000
  0
VERTEX
  8
20
 10
19.1250
 20
15.8000
 30
0.0000
  0
SEQEND
  8
0
  0
POLYLINE
  8
20
 66
1
 10
0.0000
 20
0.0000
 30
0.0000
 40
0.0500
 41
0.0500
 70
0
  0
VERTEX
  8
20
 10
19.1250
 20
17.8000
 30
0.0000
 42
1.0000
  0
VERTEX
  8
20
 10
19.0750
 20
17.8000
 30
0.0000
  0
SEQEND
  8
0
  0
POLYLINE
  8
20
 66
1
 10
0.0000
 20
0.0000
 30
0.0000
 40
0.1000
 41
0.1000
 70
0
  0
VERTEX
  8
20
 10
19.1000
 20
15.8000
 30
0.0000
  0
VERTEX
  8
20
 10
0.0000
 20
15.8000
 30
0.0000
  0
SEQEND
  8
0
  0
POLYLINE
  8
20
 66
1
 10
0.0000
 20
0.0000
 30
0.0000
 40
0.0500
 41
0.0500
 70
0
  0
VERTEX
  8
20
 10
0.0000
 20
15.8250
 30
0.0000
 42
1.0000
  0
VERTEX
  8
20
 10
0.0000
 20
15.7750
 30
0.0000
  0
SEQEND
  8
0
  0
POLYLINE
  8
20
 66
1
 10
0.0000
 20
0.0000
 30
0.0000
 40
0.0500
 41
0.0500
 70
0
  0
VERTEX
  8
20
 10
19.1000
 20
15.7750
 30
0.0000
 42
1.0000
  0
VERTEX
  8
20
 10
19.1000
 20
15.8250
 30
0.0000
  0
SEQEND
  8
0
  0
POLYLINE
  8
20
 66
1
 10
0.0000
 20
0.0000
 30
0.0000
 40
0.1000
 41
0.1000
 70
0
  0
VERTEX
  8
20
 10
0.0000
 20
15.8000
 30
0.0000
  0
VERTEX
  8
20
 10
0.0000
 20
5.0000
 30
0.0000
  0
SEQEND
  8
0
  0
POLYLINE
  8
20
 66
1
 10
0.0000
 20
0.0000
 30
0.0000
 40
0.0500
 41
0.0500
 70
0
  0
VERTEX
  8
20
 10
-0.0250
 20
5.0000
 30
0.0000
 42
1.0000
  0
VERTEX
  8
20
 10
0.0250
 20
5.0000
 30
0.0000
  0
SEQEND
  8
0
  0
POLYLINE
  8
20
 66
1
 10
0.0000
 20
0.0000
 30
0.0000
 40
0.0500
 41
0.0500
 70
0
  0
VERTEX
  8
20
 10
0.0250
 20
15.8000
 30
0.0000
 42
1.0000
  0
VERTEX
  8
20
 10
-0.0250
 20
15.8000
 30
0.0000
  0
SEQEND
  8
0
  0
POLYLINE
  8
20
 66
1
 10
0.0000
 20
0.0000
 30
0.0000
 40
0.1000
 41
0.1000
 70
0
  0
VERTEX
  8
20
 10
32.7000
 20
7.1000
 30
0.0000
  0
VERTEX
  8
20
 10
45.8000
 20
7.1000
 30
0.0000
  0
SEQEND
  8
0
  0
POLYLINE
  8
20
 66
1
 10
0.0000
 20
0.0000
 30
0.0000
 40
0.0500
 41
0.0500
 70
0
  0
VERTEX
  8
20
 10
45.8000
 20
7.0750
 30
0.0000
 42
1.0000
  0
VERTEX
  8
20
 10
45.8000
 20
7.1250
 30
0.0000
  0
SEQEND
  8
0
  0
POLYLINE
  8
20
 66
1
 10
0.0000
 20
0.0000
 30
0.0000
 40
0.0500
 41
0.0500
 70
0
  0
VERTEX
  8
20
 10
32.7000
 20
7.1250
 30
0.0000
 42
1.0000
  0
VERTEX
  8
20
 10
32.7000
 20
7.0750
 30
0.0000
  0
SEQEND
  8
0
  0
POLYLINE
  8
20
 66
1
 10
0.0000
 20
0.0000
 30
0.0000
 40
0.1000
 41
0.1000
 70
0
  0
VERTEX
  8
20
 10
45.8000
 20
13.7000
 30
0.0000
  0
VERTEX
  8
20
 10
32.7000
 20
13.7000
 30
0.0000
  0
SEQEND
  8
0
  0
POLYLINE
  8
20
 66
1
 10
0.0000
 20
0.0000
 30
0.0000
 40
0.0500
 41
0.0500
 70
0
  0
VERTEX
  8
20
 10
32.7000
 20
13.7250
 30
0.0000
 42
1.0000
  0
VERTEX
  8
20
 10
32.7000
 20
13.6750
 30
0.0000
  0
SEQEND
  8
0
  0
POLYLINE
  8
20
 66
1
 10
0.0000
 20
0.0000
 30
0.0000
 40
0.0500
 41
0.0500
 70
0
  0
VERTEX
  8
20
 10
45.8000
 20
13.6750
 30
0.0000
 42
1.0000
  0
VERTEX
  8
20
 10
45.8000
 20
13.7250
 30
0.0000
  0
SEQEND
  8
0
  0
POLYLINE
  8
20
 66
1
 10
0.0000
 20
0.0000
 30
0.0000
 40
0.1000
 41
0.1000
 70
0
  0
VERTEX
  8
20
 10
25.6000
 20
11.7000
 30
0.0000
  0
VERTEX
  8
20
 10
27.4000
 20
11.7000
 30
0.0000
  0
SEQEND
  8
0
  0
POLYLINE
  8
20
 66
1
 10
0.0000
 20
0.0000
 30
0.0000
 40
0.0500
 41
0.0500
 70
0
  0
VERTEX
  8
20
 10
27.4000
 20
11.6750
 30
0.0000
 42
1.0000
  0
VERTEX
  8
20
 10
27.4000
 20
11.7250
 30
0.0000
  0
SEQEND
  8
0
  0
POLYLINE
  8
20
 66
1
 10
0.0000
 20
0.0000
 30
0.0000
 40
0.0500
 41
0.0500
 70
0
  0
VERTEX
  8
20
 10
25.6000
 20
11.7250
 30
0.0000
 42
1.0000
  0
VERTEX
  8
20
 10
25.6000
 20
11.6750
 30
0.0000
  0
SEQEND
  8
0
  0
POLYLINE
  8
20
 66
1
 10
0.0000
 20
0.0000
 30
0.0000
 40
0.1000
 41
0.1000
 70
0
  0
VERTEX
  8
20
 10
27.4000
 20
11.7000
 30
0.0000
  0
VERTEX
  8
20
 10
27.4000
 20
15.8000
 30
0.0000
  0
SEQEND
  8
0
  0
POLYLINE
  8
20
 66
1
 10
0.0000
 20
0.0000
 30
0.0000
 40
0.0500
 41
0.0500
 70
0
  0
VERTEX
  8
20
 10
27.4250
 20
15.8000
 30
0.0000
 42
1.0000
  0
VERTEX
  8
20
 10
27.3750
 20
15.8000
 30
0.0000
  0
SEQEND
  8
0
  0
POLYLINE
  8
20
 66
1
 10
0.0000
 20
0.0000
 30
0.0000
 40
0.0500
 41
0.0500
 70
0
  0
VERTEX
  8
20
 10
27.3750
 20
11.7000
 30
0.0000
 42
1.0000
  0
VERTEX
  8
20
 10
27.4250
 20
11.7000
 30
0.0000
  0
SEQEND
  8
0
  0
POLYLINE
  8
20
 66
1
 10
0.0000
 20
0.0000
 30
0.0000
 40
0.1000
 41
0.1000
 70
0
  0
VERTEX
  8
20
 10
27.4000
 20
15.8000
 30
0.0000
  0
VERTEX
  8
20
 10
25.6000
 20
15.8000
 30
0.0000
  0
SEQEND
  8
0
  0
POLYLINE
  8
20
 66
1
 10
0.0000
 20
0.0000
 30
0.0000
 40
0.0500
 41
0.0500
 70
0
  0
VERTEX
  8
20
 10
25.6000
 20
15.8250
 30
0.0000
 42
1.0000
  0
VERTEX
  8
20
 10
25.6000
 20
15.7750
 30
0.0000
  0
SEQEND
  8
0
  0
POLYLINE
  8
20
 66
1
 10
0.0000
 20
0.0000
 30
0.0000
 40
0.0500
 41
0.0500
 70
0
  0
VERTEX
  8
20
 10
27.4000
 20
15.7750
 30
0.0000
 42
1.0000
  0
VERTEX
  8
20
 10
27.4000
 20
15.8250
 30
0.0000
  0
SEQEND
  8
0
  0
POLYLINE
  8
20
 66
1
 10
0.0000
 20
0.0000
 30
0.0000
 40
0.1000
 41
0.1000
 70
0
  0
VERTEX
  8
20
 10
25.6000
 20
15.8000
 30
0.0000
  0
VERTEX
  8
20
 10
25.6000
 20
11.7000
 30
0.0000
  0
SEQEND
  8
0
  0
POLYLINE
  8
20
 66
1
 10
0.0000
 20
0.0000
 30
0.0000
 40
0.0500
 41
0.0500
 70
0
  0
VERTEX
  8
20
 10
25.5750
 20
11.7000
 30
0.0000
 42
1.0000
  0
VERTEX
  8
20
 10
25.6250
 20
11.7000
 30
0.0000
  0
SEQEND
  8
0
  0
POLYLINE
  8
20
 66
1
 10
0.0000
 20
0.0000
 30
0.0000
 40
0.0500
 41
0.0500
 70
0
  0
VERTEX
  8
20
 10
25.6250
 20
15.8000
 30
0.0000
 42
1.0000
  0
VERTEX
  8
20
 10
25.5750
 20
15.8000
 30
0.0000
  0
SEQEND
  8
0
  0
POLYLINE
  8
20
 66
1
 10
0.0000
 20
0.0000
 30
0.0000
 40
0.1000
 41
0.1000
 70
0
  0
VERTEX
  8
20
 10
25.6000
 20
5.0000
 30
0.0000
  0
VERTEX
  8
20
 10
27.4000
 20
5.0000
 30
0.0000
  0
SEQEND
  8
0
  0
POLYLINE
  8
20
 66
1
 10
0.0000
 20
0.0000
 30
0.0000
 40
0.0500
 41
0.0500
 70
0
  0
VERTEX
  8
20
 10
27.4000
 20
4.9750
 30
0.0000
 42
1.0000
  0
VERTEX
  8
20
 10
27.4000
 20
5.0250
 30
0.0000
  0
SEQEND
  8
0
  0
POLYLINE
  8
20
 66
1
 10
0.0000
 20
0.0000
 30
0.0000
 40
0.0500
 41
0.0500
 70
0
  0
VERTEX
  8
20
 10
25.6000
 20
5.0250
 30
0.0000
 42
1.0000
  0
VERTEX
  8
20
 10
25.6000
 20
4.9750
 30
0.0000
  0
SEQEND
  8
0
  0
POLYLINE
  8
20
 66
1
 10
0.0000
 20
0.0000
 30
0.0000
 40
0.1000
 41
0.1000
 70
0
  0
VERTEX
  8
20
 10
27.4000
 20
5.0000
 30
0.0000
  0
VERTEX
  8
20
 10
27.4000
 20
9.1000
 30
0.0000
  0
SEQEND
  8
0
  0
POLYLINE
  8
20
 66
1
 10
0.0000
 20
0.0000
 30
0.0000
 40
0.0500
 41
0.0500
 70
0
  0
VERTEX
  8
20
 10
27.4250
 20
9.1000
 30
0.0000
 42
1.0000
  0
VERTEX
  8
20
 10
27.3750
 20
9.1000
 30
0.0000
  0
SEQEND
  8
0
  0
POLYLINE
  8
20
 66
1
 10
0.0000
 20
0.0000
 30
0.0000
 40
0.0500
 41
0.0500
 70
0
  0
VERTEX
  8
20
 10
27.3750
 20
5.0000
 30
0.0000
 42
1.0000
  0
VERTEX
  8
20
 10
27.4250
 20
5.0000
 30
0.0000
  0
SEQEND
  8
0
  0
POLYLINE
  8
20
 66
1
 10
0.0000
 20
0.0000
 30
0.0000
 40
0.1000
 41
0.1000
 70
0
  0
VERTEX
  8
20
 10
27.4000
 20
9.1000
 30
0.0000
  0
VERTEX
  8
20
 10
25.6000
 20
9.1000
 30
0.0000
  0
SEQEND
  8
0
  0
POLYLINE
  8
20
 66
1
 10
0.0000
 20
0.0000
 30
0.0000
 40
0.0500
 41
0.0500
 70
0
  0
VERTEX
  8
20
 10
25.6000
 20
9.1250
 30
0.0000
 42
1.0000
  0
VERTEX
  8
20
 10
25.6000
 20
9.0750
 30
0.0000
  0
SEQEND
  8
0
  0
POLYLINE
  8
20
 66
1
 10
0.0000
 20
0.0000
 30
0.0000
 40
0.0500
 41
0.0500
 70
0
  0
VERTEX
  8
20
 10
27.4000
 20
9.0750
 30
0.0000
 42
1.0000
  0
VERTEX
  8
20
 10
27.4000
 20
9.1250
 30
0.0000
  0
SEQEND
  8
0
  0
POLYLINE
  8
20
 66
1
 10
0.0000
 20
0.0000
 30
0.0000
 40
0.1000
 41
0.1000
 70
0
  0
VERTEX
  8
20
 10
25.6000
 20
9.1000
 30
0.0000
  0
VERTEX
  8
20
 10
25.6000
 20
5.0000
 30
0.0000
  0
SEQEND
  8
0
  0
POLYLINE
  8
20
 66
1
 10
0.0000
 20
0.0000
 30
0.0000
 40
0.0500
 41
0.0500
 70
0
  0
VERTEX
  8
20
 10
25.5750
 20
5.0000
 30
0.0000
 42
1.0000
  0
VERTEX
  8
20
 10
25.6250
 20
5.0000
 30
0.0000
  0
SEQEND
  8
0
  0
POLYLINE
  8
20
 66
1
 10
0.0000
 20
0.0000
 30
0.0000
 40
0.0500
 41
0.0500
 70
0
  0
VERTEX
  8
20
 10
25.6250
 20
9.1000
 30
0.0000
 42
1.0000
  0
VERTEX
  8
20
 10
25.5750
 20
9.1000
 30
0.0000
  0
SEQEND
  8
0
  0
POINT
  8
23
 10
5.2070
 20
10.5410
 30
0.0000
  0
POLYLINE
  8
39
 66
1
 10
0.0000
 20
0.0000
 30
0.0000
 40
0.0508
 41
0.0508
 70
0
  0
VERTEX
  8
39
 10
4.2240
 20
8.5680
 30
0.0000
  0
VERTEX
  8
39
 10
4.2240
 20
12.5140
 30
0.0000
  0
SEQEND
  8
0
  0
POLYLINE
  8
39
 66
1
 10
0.0000
 20
0.0000
 30
0.0000
 40
0.0254
 41
0.0254
 70
0
  0
VERTEX
  8
39
 10
4.2367
 20
12.5140
 30
0.0000
 42
1.0000
  0
VERTEX
  8
39
 10
4.2113
 20
12.5140
 30
0.0000
  0
SEQEND
  8
0
  0
POLYLINE
  8
39
 66
1
 10
0.0000
 20
0.0000
 30
0.0000
 40
0.0254
 41
0.0254
 70
0
  0
VERTEX
  8
39
 10
4.2113
 20
8.5680
 30
0.0000
 42
1.0000
  0
VERTEX
  8
39
 10
4.2367
 20
8.5680
 30
0.0000
  0
SEQEND
  8
0
  0
POLYLINE
  8
39
 66
1
 10
0.0000
 20
0.0000
 30
0.0000
 40
0.0508
 41
0.0508
 70
0
  0
VERTEX
  8
39
 10
6.1900
 20
12.5140
 30
0.0000
  0
VERTEX
  8
39
 10
6.1900
 20
8.5680
 30
0.0000
  0
SEQEND
  8
0
  0
POLYLINE
  8
39
 66
1
 10
0.0000
 20
0.0000
 30
0.0000
 40
0.0254
 41
0.0254
 70
0
  0
VERTEX
  8
39
 10
6.1773
 20
8.5680
 30
0.0000
 42
1.0000
  0
VERTEX
  8
39
 10
6.2027
 20
8.5680
 30
0.0000
  0
SEQEND
  8
0
  0
POLYLINE
  8
39
 66
1
 10
0.0000
 20
0.0000
 30
0.0000
 40
0.0254
 41
0.0254
 70
0
  0
VERTEX
  8
39
 10
6.2027
 20
12.5140
 30
0.0000
 42
1.0000
  0
VERTEX
  8
39
 10
6.1773
 20
12.5140
 30
0.0000
  0
SEQEND
  8
0
  0
POLYLINE
  8
39
 66
1
 10
0.0000
 20
0.0000
 30
0.0000
 40
0.0508
 41
0.0508
 70
0
  0
VERTEX
  8
39
 10
6.1900
 20
8.5680
 30
0.0000
  0
VERTEX
  8
39
 10
4.2240
 20
8.5680
 30
0.0000
  0
SEQEND
  8
0
  0
POLYLINE
  8
39
 66
1
 10
0.0000
 20
0.0000
 30
0.0000
 40
0.0254
 41
0.0254
 70
0
  0
VERTEX
  8
39
 10
4.2240
 20
8.5807
 30
0.0000
 42
1.0000
  0
VERTEX
  8
39
 10
4.2240
 20
8.5553
 30
0.0000
  0
SEQEND
  8
0
  0
POLYLINE
  8
39
 66
1
 10
0.0000
 20
0.0000
 30
0.0000
 40
0.0254
 41
0.0254
 70
0
  0
VERTEX
  8
39
 10
6.1900
 20
8.5553
 30
0.0000
 42
1.0000
  0
VERTEX
  8
39
 10
6.1900
 20
8.5807
 30
0.0000
  0
SEQEND
  8
0
  0
POLYLINE
  8
51
 66
1
 10
0.0000
 20
0.0000
 30
0.0000
 40
0.1016
 41
0.1016
 70
0
  0
VERTEX
  8
51
 10
4.5470
 20
10.1600
 30
0.0000
  0
VERTEX
  8
51
 10
4.5470
 20
10.9220
 30
0.0000
  0
SEQEND
  8
0
  0
POLYLINE
  8
51
 66
1
 10
0.0000
 20
0.0000
 30
0.0000
 40
0.0508
 41
0.0508
 70
0
  0
VERTEX
  8
51
 10
4.5724
 20
10.9220
 30
0.0000
 42
1.0000
  0
VERTEX
  8
51
 10
4.5216
 20
10.9220
 30
0.0000
  0
SEQEND
  8
0
  0
POLYLINE
  8
51
 66
1
 10
0.0000
 20
0.0000
 30
0.0000
 40
0.0508
 41
0.0508
 70
0
  0
VERTEX
  8
51
 10
4.5216
 20
10.1600
 30
0.0000
 42
1.0000
  0
VERTEX
  8
51
 10
4.5724
 20
10.1600
 30
0.0000
  0
SEQEND
  8
0
  0
POLYLINE
  8
51
 66
1
 10
0.0000
 20
0.0000
 30
0.0000
 40
0.1016
 41
0.1016
 70
0
  0
VERTEX
  8
51
 10
5.8670
 20
10.1850
 30
0.0000
  0
VERTEX
  8
51
 10
5.8670
 20
10.9220
 30
0.0000
  0
SEQEND
  8
0
  0
POLYLINE
  8
51
 66
1
 10
0.0000
 20
0.0000
 30
0.0000
 40
0.0508
 41
0.0508
 70
0
  0
VERTEX
  8
51
 10
5.8924
 20
10.9220
 30
0.0000
 42
1.0000
  0
VERTEX
  8
51
 10
5.8416
 20
10.9220
 30
0.0000
  0
SEQEND
  8
0
  0
POLYLINE
  8
51
 66
1
 10
0.0000
 20
0.0000
 30
0.0000
 40
0.0508
 41
0.0508
 70
0
  0
VERTEX
  8
51
 10
5.8416
 20
10.1850
 30
0.0000
 42
1.0000
  0
VERTEX
  8
51
 10
5.8924
 20
10.1850
 30
0.0000
  0
SEQEND
  8
0
  0
POLYLINE
  8
39
 66
1
 10
0.0000
 20
0.0000
 30
0.0000
 40
0.0508
 41
0.0508
 70
0
  0
VERTEX
  8
39
 10
4.2240
 20
12.5140
 30
0.0000
  0
VERTEX
  8
39
 10
6.1900
 20
12.5140
 30
0.0000
  0
SEQEND
  8
0
  0
POLYLINE
  8
39
 66
1
 10
0.0000
 20
0.0000
 30
0.0000
 40
0.0254
 41
0.0254
 70
0
  0
VERTEX
  8
39
 10
6.1900
 20
12.5013
 30
0.0000
 42
1.0000
  0
VERTEX
  8
39
 10
6.1900
 20
12.5267
 30
0.0000
  0
SEQEND
  8
0
  0
POLYLINE
  8
39
 66
1
 10
0.0000
 20
0.0000
 30
0.0000
 40
0.0254
 41
0.0254
 70
0
  0
VERTEX
  8
39
 10
4.2240
 20
12.5267
 30
0.0000
 42
1.0000
  0
VERTEX
  8
39
 10
4.2240
 20
12.5013
 30
0.0000
  0
SEQEND
  8
0
  0
INSERT
  8
51
  2
RECT
 10
5.2058
 20
9.8239
 30
0.0000
 41
0.7501
 42
1.4501
 43
1.0000
 50
90.0000
  0
INSERT
  8
51
  2
RECT
 10
5.2058
 20
11.2717
 30
0.0000
 41
0.7501
 42
1.4501
 43
1.0000
 50
90.0000
  0
INSERT
  8
1
  2
RECT
 10
5.2070
 20
9.5910
 30
0.0000
 41
1.3000
 42
1.5000
 43
1.0000
 50
90.0000
  0
INSERT
  8
1
  2
RECT
 10
5.2070
 20
11.4910
 30
0.0000
 41
1.3000
 42
1.5000
 43
1.0000
 50
90.0000
  0
POLYLINE
  8
25
 66
1
 10
0.0000
 20
0.0000
 30
0.0000
 40
0.1016
 41
0.1016
 70
0
  0
VERTEX
  8
25
 10
3.8862
 20
9.8411
 30
0.0000
  0
VERTEX
  8
25
 10
3.8862
 20
9.5814
 30
0.0000
  0
SEQEND
  8
0
  0
POLYLINE
  8
25
 66
1
 10
0.0000
 20
0.0000
 30
0.0000
 40
0.0508
 41
0.0508
 70
0
  0
VERTEX
  8
25
 10
3.8608
 20
9.5814
 30
0.0000
 42
1.0000
  0
VERTEX
  8
25
 10
3.9116
 20
9.5814
 30
0.0000
  0
SEQEND
  8
0
  0
POLYLINE
  8
25
 66
1
 10
0.0000
 20
0.0000
 30
0.0000
 40
0.0508
 41
0.0508
 70
0
  0
VERTEX
  8
25
 10
3.9116
 20
9.8411
 30
0.0000
 42
1.0000
  0
VERTEX
  8
25
 10
3.8608
 20
9.8411
 30
0.0000
  0
SEQEND
  8
0
  0
POLYLINE
  8
25
 66
1
 10
0.0000
 20
0.0000
 30
0.0000
 40
0.1016
 41
0.1016
 70
0
  0
VERTEX
  8
25
 10
3.6266
 20
9.3218
 30
0.0000
 42
0.4142
  0
VERTEX
  8
25
 10
3.8862
 20
9.5814
 30
0.0000
  0
SEQEND
  8
0
  0
POLYLINE
  8
25
 66
1
 10
0.0000
 20
0.0000
 30
0.0000
 40
0.0508
 41
0.0508
 70
0
  0
VERTEX
  8
25
 10
3.6266
 20
9.3472
 30
0.0000
 42
1.0000
  0
VERTEX
  8
25
 10
3.6266
 20
9.2964
 30
0.0000
  0
SEQEND
  8
0
  0
POLYLINE
  8
25
 66
1
 10
0.0000
 20
0.0000
 30
0.0000
 40
0.0508
 41
0.0508
 70
0
  0
VERTEX
  8
25
 10
3.9116
 20
9.5814
 30
0.0000
 42
1.0000
  0
VERTEX
  8
25
 10
3.8608
 20
9.5814
 30
0.0000
  0
SEQEND
  8
0
  0
POLYLINE
  8
25
 66
1
 10
0.0000
 20
0.0000
 30
0.0000
 40
0.1016
 41
0.1016
 70
0
  0
VERTEX
  8
25
 10
3.6266
 20
9.3218
 30
0.0000
  0
VERTEX
  8
25
 10
2.9774
 20
9.3218
 30
0.0000
  0
SEQEND
  8
0
  0
POLYLINE
  8
25
 66
1
 10
0.0000
 20
0.0000
 30
0.0000
 40
0.0508
 41
0.0508
 70
0
  0
VERTEX
  8
25
 10
2.9774
 20
9.3472
 30
0.0000
 42
1.0000
  0
VERTEX
  8
25
 10
2.9774
 20
9.2964
 30
0.0000
  0
SEQEND
  8
0
  0
POLYLINE
  8
25
 66
1
 10
0.0000
 20
0.0000
 30
0.0000
 40
0.0508
 41
0.0508
 70
0
  0
VERTEX
  8
25
 10
3.6266
 20
9.2964
 30
0.0000
 42
1.0000
  0
VERTEX
  8
25
 10
3.6266
 20
9.3472
 30
0.0000
  0
SEQEND
  8
0
  0
POLYLINE
  8
25
 66
1
 10
0.0000
 20
0.0000
 30
0.0000
 40
0.1016
 41
0.1016
 70
0
  0
VERTEX
  8
25
 10
2.7178
 20
9.5814
 30
0.0000
 42
0.4142
  0
VERTEX
  8
25
 10
2.9774
 20
9.3218
 30
0.0000
  0
SEQEND
  8
0
  0
POLYLINE
  8
25
 66
1
 10
0.0000
 20
0.0000
 30
0.0000
 40
0.0508
 41
0.0508
 70
0
  0
VERTEX
  8
25
 10
2.7432
 20
9.5814
 30
0.0000
 42
1.0000
  0
VERTEX
  8
25
 10
2.6924
 20
9.5814
 30
0.0000
  0
SEQEND
  8
0
  0
POLYLINE
  8
25
 66
1
 10
0.0000
 20
0.0000
 30
0.0000
 40
0.0508
 41
0.0508
 70
0
  0
VERTEX
  8
25
 10
2.9774
 20
9.2964
 30
0.0000
 42
1.0000
  0
VERTEX
  8
25
 10
2.9774
 20
9.3472
 30
0.0000
  0
SEQEND
  8
0
  0
POLYLINE
  8
25
 66
1
 10
0.0000
 20
0.0000
 30
0.0000
 40
0.1016
 41
0.1016
 70
0
  0
VERTEX
  8
25
 10
2.7178
 20
9.5814
 30
0.0000
  0
VERTEX
  8
25
 10
2.7178
 20
9.8411
 30
0.0000
  0
SEQEND
  8
0
  0
POLYLINE
  8
25
 66
1
 10
0.0000
 20
0.0000
 30
0.0000
 40
0.0508
 41
0.0508
 70
0
  0
VERTEX
  8
25
 10
2.7432
 20
9.8411
 30
0.0000
 42
1.0000
  0
VERTEX
  8
25
 10
2.6924
 20
9.8411
 30
0.0000
  0
SEQEND
  8
0
  0
POLYLINE
  8
25
 66
1
 10
0.0000
 20
0.0000
 30
0.0000
 40
0.0508
 41
0.0508
 70
0
  0
VERTEX
  8
25
 10
2.6924
 20
9.5814
 30
0.0000
 42
1.0000
  0
VERTEX
  8
25
 10
2.7432
 20
9.5814
 30
0.0000
  0
SEQEND
  8
0
  0
POLYLINE
  8
25
 66
1
 10
0.0000
 20
0.0000
 30
0.0000
 40
0.1016
 41
0.1016
 70
0
  0
VERTEX
  8
25
 10
2.9774
 20
10.2776
 30
0.0000
  0
VERTEX
  8
25
 10
2.7178
 20
10.6022
 30
0.0000
  0
SEQEND
  8
0
  0
POLYLINE
  8
25
 66
1
 10
0.0000
 20
0.0000
 30
0.0000
 40
0.0508
 41
0.0508
 70
0
  0
VERTEX
  8
25
 10
2.7376
 20
10.6180
 30
0.0000
 42
1.0000
  0
VERTEX
  8
25
 10
2.6980
 20
10.5863
 30
0.0000
  0
SEQEND
  8
0
  0
POLYLINE
  8
25
 66
1
 10
0.0000
 20
0.0000
 30
0.0000
 40
0.0508
 41
0.0508
 70
0
  0
VERTEX
  8
25
 10
2.9576
 20
10.2618
 30
0.0000
 42
1.0000
  0
VERTEX
  8
25
 10
2.9973
 20
10.2935
 30
0.0000
  0
SEQEND
  8
0
  0
POLYLINE
  8
25
 66
1
 10
0.0000
 20
0.0000
 30
0.0000
 40
0.1016
 41
0.1016
 70
0
  0
VERTEX
  8
25
 10
2.7178
 20
10.6022
 30
0.0000
  0
VERTEX
  8
25
 10
3.8862
 20
10.6022
 30
0.0000
  0
SEQEND
  8
0
  0
POLYLINE
  8
25
 66
1
 10
0.0000
 20
0.0000
 30
0.0000
 40
0.0508
 41
0.0508
 70
0
  0
VERTEX
  8
25
 10
3.8862
 20
10.5768
 30
0.0000
 42
1.0000
  0
VERTEX
  8
25
 10
3.8862
 20
10.6276
 30
0.0000
  0
SEQEND
  8
0
  0
POLYLINE
  8
25
 66
1
 10
0.0000
 20
0.0000
 30
0.0000
 40
0.0508
 41
0.0508
 70
0
  0
VERTEX
  8
25
 10
2.7178
 20
10.6276
 30
0.0000
 42
1.0000
  0
VERTEX
  8
25
 10
2.7178
 20
10.5768
 30
0.0000
  0
SEQEND
  8
0
  0
POLYLINE
  8
25
 66
1
 10
0.0000
 20
0.0000
 30
0.0000
 40
0.1016
 41
0.1016
 70
0
  0
VERTEX
  8
25
 10
3.8862
 20
10.2776
 30
0.0000
  0
VERTEX
  8
25
 10
3.8862
 20
10.9267
 30
0.0000
  0
SEQEND
  8
0
  0
POLYLINE
  8
25
 66
1
 10
0.0000
 20
0.0000
 30
0.0000
 40
0.0508
 41
0.0508
 70
0
  0
VERTEX
  8
25
 10
3.9116
 20
10.9267
 30
0.0000
 42
1.0000
  0
VERTEX
  8
25
 10
3.8608
 20
10.9267
 30
0.0000
  0
SEQEND
  8
0
  0
POLYLINE
  8
25
 66
1
 10
0.0000
 20
0.0000
 30
0.0000
 40
0.0508
 41
0.0508
 70
0
  0
VERTEX
  8
25
 10
3.8608
 20
10.2776
 30
0.0000
 42
1.0000
  0
VERTEX
  8
25
 10
3.9116
 20
10.2776
 30
0.0000
  0
SEQEND
  8
0
  0
POLYLINE
  8
27
 66
1
 10
0.0000
 20
0.0000
 30
0.0000
 40
0.1016
 41
0.1016
 70
0
  0
VERTEX
  8
27
 10
6.7874
 20
9.3218
 30
0.0000
  0
VERTEX
  8
27
 10
6.5278
 20
9.6464
 30
0.0000
  0
SEQEND
  8
0
  0
POLYLINE
  8
27
 66
1
 10
0.0000
 20
0.0000
 30
0.0000
 40
0.0508
 41
0.0508
 70
0
  0
VERTEX
  8
27
 10
6.5476
 20
9.6622
 30
0.0000
 42
1.0000
  0
VERTEX
  8
27
 10
6.5080
 20
9.6305
 30
0.0000
  0
SEQEND
  8
0
  0
POLYLINE
  8
27
 66
1
 10
0.0000
 20
0.0000
 30
0.0000
 40
0.0508
 41
0.0508
 70
0
  0
VERTEX
  8
27
 10
6.7676
 20
9.3059
 30
0.0000
 42
1.0000
  0
VERTEX
  8
27
 10
6.8073
 20
9.3377
 30
0.0000
  0
SEQEND
  8
0
  0
POLYLINE
  8
27
 66
1
 10
0.0000
 20
0.0000
 30
0.0000
 40
0.1016
 41
0.1016
 70
0
  0
VERTEX
  8
27
 10
6.5278
 20
9.6464
 30
0.0000
  0
VERTEX
  8
27
 10
7.6962
 20
9.6464
 30
0.0000
  0
SEQEND
  8
0
  0
POLYLINE
  8
27
 66
1
 10
0.0000
 20
0.0000
 30
0.0000
 40
0.0508
 41
0.0508
 70
0
  0
VERTEX
  8
27
 10
7.6962
 20
9.6210
 30
0.0000
 42
1.0000
  0
VERTEX
  8
27
 10
7.6962
 20
9.6718
 30
0.0000
  0
SEQEND
  8
0
  0
POLYLINE
  8
27
 66
1
 10
0.0000
 20
0.0000
 30
0.0000
 40
0.0508
 41
0.0508
 70
0
  0
VERTEX
  8
27
 10
6.5278
 20
9.6718
 30
0.0000
 42
1.0000
  0
VERTEX
  8
27
 10
6.5278
 20
9.6210
 30
0.0000
  0
SEQEND
  8
0
  0
POLYLINE
  8
27
 66
1
 10
0.0000
 20
0.0000
 30
0.0000
 40
0.1016
 41
0.1016
 70
0
  0
VERTEX
  8
27
 10
7.6962
 20
9.3218
 30
0.0000
  0
VERTEX
  8
27
 10
7.6962
 20
9.9709
 30
0.0000
  0
SEQEND
  8
0
  0
POLYLINE
  8
27
 66
1
 10
0.0000
 20
0.0000
 30
0.0000
 40
0.0508
 41
0.0508
 70
0
  0
VERTEX
  8
27
 10
7.7216
 20
9.9709
 30
0.0000
 42
1.0000
  0
VERTEX
  8
27
 10
7.6708
 20
9.9709
 30
0.0000
  0
SEQEND
  8
0
  0
POLYLINE
  8
27
 66
1
 10
0.0000
 20
0.0000
 30
0.0000
 40
0.0508
 41
0.0508
 70
0
  0
VERTEX
  8
27
 10
7.6708
 20
9.3218
 30
0.0000
 42
1.0000
  0
VERTEX
  8
27
 10
7.7216
 20
9.3218
 30
0.0000
  0
SEQEND
  8
0
  0
POLYLINE
  8
27
 66
1
 10
0.0000
 20
0.0000
 30
0.0000
 40
0.1016
 41
0.1016
 70
0
  0
VERTEX
  8
27
 10
6.6901
 20
10.5622
 30
0.0000
 42
0.1139
  0
VERTEX
  8
27
 10
7.1120
 20
10.4648
 30
0.0000
  0
SEQEND
  8
0
  0
POLYLINE
  8
27
 66
1
 10
0.0000
 20
0.0000
 30
0.0000
 40
0.0508
 41
0.0508
 70
0
  0
VERTEX
  8
27
 10
6.7012
 20
10.5850
 30
0.0000
 42
1.0000
  0
VERTEX
  8
27
 10
6.6789
 20
10.5393
 30
0.0000
  0
SEQEND
  8
0
  0
POLYLINE
  8
27
 66
1
 10
0.0000
 20
0.0000
 30
0.0000
 40
0.0508
 41
0.0508
 70
0
  0
VERTEX
  8
27
 10
7.1120
 20
10.4394
 30
0.0000
 42
1.0000
  0
VERTEX
  8
27
 10
7.1120
 20
10.4902
 30
0.0000
  0
SEQEND
  8
0
  0
POLYLINE
  8
27
 66
1
 10
0.0000
 20
0.0000
 30
0.0000
 40
0.1016
 41
0.1016
 70
0
  0
VERTEX
  8
27
 10
6.5278
 20
10.7894
 30
0.0000
 42
0.3205
  0
VERTEX
  8
27
 10
6.6901
 20
10.5622
 30
0.0000
  0
SEQEND
  8
0
  0
POLYLINE
  8
27
 66
1
 10
0.0000
 20
0.0000
 30
0.0000
 40
0.0508
 41
0.0508
 70
0
  0
VERTEX
  8
27
 10
6.5532
 20
10.7893
 30
0.0000
 42
1.0000
  0
VERTEX
  8
27
 10
6.5024
 20
10.7894
 30
0.0000
  0
SEQEND
  8
0
  0
POLYLINE
  8
27
 66
1
 10
0.0000
 20
0.0000
 30
0.0000
 40
0.0508
 41
0.0508
 70
0
  0
VERTEX
  8
27
 10
6.6818
 20
10.5381
 30
0.0000
 42
1.0000
  0
VERTEX
  8
27
 10
6.6983
 20
10.5862
 30
0.0000
  0
SEQEND
  8
0
  0
POLYLINE
  8
27
 66
1
 10
0.0000
 20
0.0000
 30
0.0000
 40
0.1016
 41
0.1016
 70
0
  0
VERTEX
  8
27
 10
6.6901
 20
11.0165
 30
0.0000
 42
0.3205
  0
VERTEX
  8
27
 10
6.5278
 20
10.7894
 30
0.0000
  0
SEQEND
  8
0
  0
POLYLINE
  8
27
 66
1
 10
0.0000
 20
0.0000
 30
0.0000
 40
0.0508
 41
0.0508
 70
0
  0
VERTEX
  8
27
 10
6.6983
 20
10.9925
 30
0.0000
 42
1.0000
  0
VERTEX
  8
27
 10
6.6818
 20
11.0406
 30
0.0000
  0
SEQEND
  8
0
  0
POLYLINE
  8
27
 66
1
 10
0.0000
 20
0.0000
 30
0.0000
 40
0.0508
 41
0.0508
 70
0
  0
VERTEX
  8
27
 10
6.5024
 20
10.7893
 30
0.0000
 42
1.0000
  0
VERTEX
  8
27
 10
6.5532
 20
10.7894
 30
0.0000
  0
SEQEND
  8
0
  0
POLYLINE
  8
27
 66
1
 10
0.0000
 20
0.0000
 30
0.0000
 40
0.1016
 41
0.1016
 70
0
  0
VERTEX
  8
27
 10
7.1120
 20
11.1139
 30
0.0000
 42
0.1139
  0
VERTEX
  8
27
 10
6.6901
 20
11.0165
 30
0.0000
  0
SEQEND
  8
0
  0
POLYLINE
  8
27
 66
1
 10
0.0000
 20
0.0000
 30
0.0000
 40
0.0508
 41
0.0508
 70
0
  0
VERTEX
  8
27
 10
7.1120
 20
11.0885
 30
0.0000
 42
1.0000
  0
VERTEX
  8
27
 10
7.1120
 20
11.1393
 30
0.0000
  0
SEQEND
  8
0
  0
POLYLINE
  8
27
 66
1
 10
0.0000
 20
0.0000
 30
0.0000
 40
0.0508
 41
0.0508
 70
0
  0
VERTEX
  8
27
 10
6.6789
 20
11.0394
 30
0.0000
 42
1.0000
  0
VERTEX
  8
27
 10
6.7012
 20
10.9937
 30
0.0000
  0
SEQEND
  8
0
  0
POLYLINE
  8
27
 66
1
 10
0.0000
 20
0.0000
 30
0.0000
 40
0.1016
 41
0.1016
 70
0
  0
VERTEX
  8
27
 10
7.1120
 20
10.4648
 30
0.0000
 42
0.1139
  0
VERTEX
  8
27
 10
7.5339
 20
10.5622
 30
0.0000
  0
SEQEND
  8
0
  0
POLYLINE
  8
27
 66
1
 10
0.0000
 20
0.0000
 30
0.0000
 40
0.0508
 41
0.0508
 70
0
  0
VERTEX
  8
27
 10
7.1120
 20
10.4902
 30
0.0000
 42
1.0000
  0
VERTEX
  8
27
 10
7.1120
 20
10.4394
 30
0.0000
  0
SEQEND
  8
0
  0
POLYLINE
  8
27
 66
1
 10
0.0000
 20
0.0000
 30
0.0000
 40
0.0508
 41
0.0508
 70
0
  0
VERTEX
  8
27
 10
7.5451
 20
10.5393
 30
0.0000
 42
1.0000
  0
VERTEX
  8
27
 10
7.5228
 20
10.5850
 30
0.0000
  0
SEQEND
  8
0
  0
POLYLINE
  8
27
 66
1
 10
0.0000
 20
0.0000
 30
0.0000
 40
0.1016
 41
0.1016
 70
0
  0
VERTEX
  8
27
 10
7.5339
 20
10.5622
 30
0.0000
 42
0.3205
  0
VERTEX
  8
27
 10
7.6962
 20
10.7894
 30
0.0000
  0
SEQEND
  8
0
  0
POLYLINE
  8
27
 66
1
 10
0.0000
 20
0.0000
 30
0.0000
 40
0.0508
 41
0.0508
 70
0
  0
VERTEX
  8
27
 10
7.5257
 20
10.5862
 30
0.0000
 42
1.0000
  0
VERTEX
  8
27
 10
7.5422
 20
10.5381
 30
0.0000
  0
SEQEND
  8
0
  0
POLYLINE
  8
27
 66
1
 10
0.0000
 20
0.0000
 30
0.0000
 40
0.0508
 41
0.0508
 70
0
  0
VERTEX
  8
27
 10
7.7216
 20
10.7893
 30
0.0000
 42
1.0000
  0
VERTEX
  8
27
 10
7.6708
 20
10.7894
 30
0.0000
  0
SEQEND
  8
0
  0
POLYLINE
  8
27
 66
1
 10
0.0000
 20
0.0000
 30
0.0000
 40
0.1016
 41
0.1016
 70
0
  0
VERTEX
  8
27
 10
7.5339
 20
11.0165
 30
0.0000
 42
0.1139
  0
VERTEX
  8
27
 10
7.1120
 20
11.1139
 30
0.0000
  0
SEQEND
  8
0
  0
POLYLINE
  8
27
 66
1
 10
0.0000
 20
0.0000
 30
0.0000
 40
0.0508
 41
0.0508
 70
0
  0
VERTEX
  8
27
 10
7.5228
 20
10.9937
 30
0.0000
 42
1.0000
  0
VERTEX
  8
27
 10
7.5451
 20
11.0394
 30
0.0000
  0
SEQEND
  8
0
  0
POLYLINE
  8
27
 66
1
 10
0.0000
 20
0.0000
 30
0.0000
 40
0.0508
 41
0.0508
 70
0
  0
VERTEX
  8
27
 10
7.1120
 20
11.1393
 30
0.0000
 42
1.0000
  0
VERTEX
  8
27
 10
7.1120
 20
11.0885
 30
0.0000
  0
SEQEND
  8
0
  0
POLYLINE
  8
27
 66
1
 10
0.0000
 20
0.0000
 30
0.0000
 40
0.1016
 41
0.1016
 70
0
  0
VERTEX
  8
27
 10
7.6962
 20
10.7894
 30
0.0000
 42
0.3205
  0
VERTEX
  8
27
 10
7.5339
 20
11.0165
 30
0.0000
  0
SEQEND
  8
0
  0
POLYLINE
  8
27
 66
1
 10
0.0000
 20
0.0000
 30
0.0000
 40
0.0508
 41
0.0508
 70
0
  0
VERTEX
  8
27
 10
7.6708
 20
10.7893
 30
0.0000
 42
1.0000
  0
VERTEX
  8
27
 10
7.7216
 20
10.7894
 30
0.0000
  0
SEQEND
  8
0
  0
POLYLINE
  8
27
 66
1
 10
0.0000
 20
0.0000
 30
0.0000
 40
0.0508
 41
0.0508
 70
0
  0
VERTEX
  8
27
 10
7.5422
 20
11.0406
 30
0.0000
 42
1.0000
  0
VERTEX
  8
27
 10
7.5257
 20
10.9925
 30
0.0000
  0
SEQEND
  8
0
  0
POLYLINE
  8
27
 66
1
 10
0.0000
 20
0.0000
 30
0.0000
 40
0.1016
 41
0.1016
 70
0
  0
VERTEX
  8
27
 10
7.4366
 20
10.5297
 30
0.0000
  0
VERTEX
  8
27
 10
6.7874
 20
11.0490
 30
0.0000
  0
SEQEND
  8
0
  0
POLYLINE
  8
27
 66
1
 10
0.0000
 20
0.0000
 30
0.0000
 40
0.0508
 41
0.0508
 70
0
  0
VERTEX
  8
27
 10
6.8033
 20
11.0688
 30
0.0000
 42
1.0000
  0
VERTEX
  8
27
 10
6.7716
 20
11.0292
 30
0.0000
  0
SEQEND
  8
0
  0
POLYLINE
  8
27
 66
1
 10
0.0000
 20
0.0000
 30
0.0000
 40
0.0508
 41
0.0508
 70
0
  0
VERTEX
  8
27
 10
7.4207
 20
10.5099
 30
0.0000
 42
1.0000
  0
VERTEX
  8
27
 10
7.4524
 20
10.5495
 30
0.0000
  0
SEQEND
  8
0
  0
POLYLINE
  8
27
 66
1
 10
0.0000
 20
0.0000
 30
0.0000
 40
0.1016
 41
0.1016
 70
0
  0
VERTEX
  8
27
 10
6.6901
 20
11.7052
 30
0.0000
 42
0.1139
  0
VERTEX
  8
27
 10
7.1120
 20
11.6078
 30
0.0000
  0
SEQEND
  8
0
  0
POLYLINE
  8
27
 66
1
 10
0.0000
 20
0.0000
 30
0.0000
 40
0.0508
 41
0.0508
 70
0
  0
VERTEX
  8
27
 10
6.7012
 20
11.7280
 30
0.0000
 42
1.0000
  0
VERTEX
  8
27
 10
6.6789
 20
11.6823
 30
0.0000
  0
SEQEND
  8
0
  0
POLYLINE
  8
27
 66
1
 10
0.0000
 20
0.0000
 30
0.0000
 40
0.0508
 41
0.0508
 70
0
  0
VERTEX
  8
27
 10
7.1120
 20
11.5824
 30
0.0000
 42
1.0000
  0
VERTEX
  8
27
 10
7.1120
 20
11.6332
 30
0.0000
  0
SEQEND
  8
0
  0
POLYLINE
  8
27
 66
1
 10
0.0000
 20
0.0000
 30
0.0000
 40
0.1016
 41
0.1016
 70
0
  0
VERTEX
  8
27
 10
6.5278
 20
11.9323
 30
0.0000
 42
0.3205
  0
VERTEX
  8
27
 10
6.6901
 20
11.7052
 30
0.0000
  0
SEQEND
  8
0
  0
POLYLINE
  8
27
 66
1
 10
0.0000
 20
0.0000
 30
0.0000
 40
0.0508
 41
0.0508
 70
0
  0
VERTEX
  8
27
 10
6.5532
 20
11.9323
 30
0.0000
 42
1.0000
  0
VERTEX
  8
27
 10
6.5024
 20
11.9323
 30
0.0000
  0
SEQEND
  8
0
  0
POLYLINE
  8
27
 66
1
 10
0.0000
 20
0.0000
 30
0.0000
 40
0.0508
 41
0.0508
 70
0
  0
VERTEX
  8
27
 10
6.6818
 20
11.6811
 30
0.0000
 42
1.0000
  0
VERTEX
  8
27
 10
6.6983
 20
11.7292
 30
0.0000
  0
SEQEND
  8
0
  0
POLYLINE
  8
27
 66
1
 10
0.0000
 20
0.0000
 30
0.0000
 40
0.1016
 41
0.1016
 70
0
  0
VERTEX
  8
27
 10
6.6901
 20
12.1595
 30
0.0000
 42
0.3205
  0
VERTEX
  8
27
 10
6.5278
 20
11.9323
 30
0.0000
  0
SEQEND
  8
0
  0
POLYLINE
  8
27
 66
1
 10
0.0000
 20
0.0000
 30
0.0000
 40
0.0508
 41
0.0508
 70
0
  0
VERTEX
  8
27
 10
6.6983
 20
12.1355
 30
0.0000
 42
1.0000
  0
VERTEX
  8
27
 10
6.6818
 20
12.1836
 30
0.0000
  0
SEQEND
  8
0
  0
POLYLINE
  8
27
 66
1
 10
0.0000
 20
0.0000
 30
0.0000
 40
0.0508
 41
0.0508
 70
0
  0
VERTEX
  8
27
 10
6.5024
 20
11.9323
 30
0.0000
 42
1.0000
  0
VERTEX
  8
27
 10
6.5532
 20
11.9323
 30
0.0000
  0
SEQEND
  8
0
  0
POLYLINE
  8
27
 66
1
 10
0.0000
 20
0.0000
 30
0.0000
 40
0.1016
 41
0.1016
 70
0
  0
VERTEX
  8
27
 10
7.1120
 20
12.2569
 30
0.0000
 42
0.1139
  0
VERTEX
  8
27
 10
6.6901
 20
12.1595
 30
0.0000
  0
SEQEND
  8
0
  0
POLYLINE
  8
27
 66
1
 10
0.0000
 20
0.0000
 30
0.0000
 40
0.0508
 41
0.0508
 70
0
  0
VERTEX
  8
27
 10
7.1120
 20
12.2315
 30
0.0000
 42
1.0000
  0
VERTEX
  8
27
 10
7.1120
 20
12.2823
 30
0.0000
  0
SEQEND
  8
0
  0
POLYLINE
  8
27
 66
1
 10
0.0000
 20
0.0000
 30
0.0000
 40
0.0508
 41
0.0508
 70
0
  0
VERTEX
  8
27
 10
6.6789
 20
12.1824
 30
0.0000
 42
1.0000
  0
VERTEX
  8
27
 10
6.7012
 20
12.1367
 30
0.0000
  0
SEQEND
  8
0
  0
POLYLINE
  8
27
 66
1
 10
0.0000
 20
0.0000
 30
0.0000
 40
0.1016
 41
0.1016
 70
0
  0
VERTEX
  8
27
 10
7.1120
 20
11.6078
 30
0.0000
 42
0.1139
  0
VERTEX
  8
27
 10
7.5339
 20
11.7052
 30
0.0000
  0
SEQEND
  8
0
  0
POLYLINE
  8
27
 66
1
 10
0.0000
 20
0.0000
 30
0.0000
 40
0.0508
 41
0.0508
 70
0
  0
VERTEX
  8
27
 10
7.1120
 20
11.6332
 30
0.0000
 42
1.0000
  0
VERTEX
  8
27
 10
7.1120
 20
11.5824
 30
0.0000
  0
SEQEND
  8
0
  0
POLYLINE
  8
27
 66
1
 10
0.0000
 20
0.0000
 30
0.0000
 40
0.0508
 41
0.0508
 70
0
  0
VERTEX
  8
27
 10
7.5451
 20
11.6823
 30
0.0000
 42
1.0000
  0
VERTEX
  8
27
 10
7.5228
 20
11.7280
 30
0.0000
  0
SEQEND
  8
0
  0
POLYLINE
  8
27
 66
1
 10
0.0000
 20
0.0000
 30
0.0000
 40
0.1016
 41
0.1016
 70
0
  0
VERTEX
  8
27
 10
7.5339
 20
11.7052
 30
0.0000
 42
0.3205
  0
VERTEX
  8
27
 10
7.6962
 20
11.9323
 30
0.0000
  0
SEQEND
  8
0
  0
POLYLINE
  8
27
 66
1
 10
0.0000
 20
0.0000
 30
0.0000
 40
0.0508
 41
0.0508
 70
0
  0
VERTEX
  8
27
 10
7.5257
 20
11.7292
 30
0.0000
 42
1.0000
  0
VERTEX
  8
27
 10
7.5422
 20
11.6811
 30
0.0000
  0
SEQEND
  8
0
  0
POLYLINE
  8
27
 66
1
 10
0.0000
 20
0.0000
 30
0.0000
 40
0.0508
 41
0.0508
 70
0
  0
VERTEX
  8
27
 10
7.7216
 20
11.9323
 30
0.0000
 42
1.0000
  0
VERTEX
  8
27
 10
7.6708
 20
11.9323
 30
0.0000
  0
SEQEND
  8
0
  0
POLYLINE
  8
27
 66
1
 10
0.0000
 20
0.0000
 30
0.0000
 40
0.1016
 41
0.1016
 70
0
  0
VERTEX
  8
27
 10
7.5339
 20
12.1595
 30
0.0000
 42
0.1139
  0
VERTEX
  8
27
 10
7.1120
 20
12.2569
 30
0.0000
  0
SEQEND
  8
0
  0
POLYLINE
  8
27
 66
1
 10
0.0000
 20
0.0000
 30
0.0000
 40
0.0508
 41
0.0508
 70
0
  0
VERTEX
  8
27
 10
7.5228
 20
12.1367
 30
0.0000
 42
1.0000
  0
VERTEX
  8
27
 10
7.5451
 20
12.1824
 30
0.0000
  0
SEQEND
  8
0
  0
POLYLINE
  8
27
 66
1
 10
0.0000
 20
0.0000
 30
0.0000
 40
0.0508
 41
0.0508
 70
0
  0
VERTEX
  8
27
 10
7.1120
 20
12.2823
 30
0.0000
 42
1.0000
  0
VERTEX
  8
27
 10
7.1120
 20
12.2315
 30
0.0000
  0
SEQEND
  8
0
  0
POLYLINE
  8
27
 66
1
 10
0.0000
 20
0.0000
 30
0.0000
 40
0.1016
 41
0.1016
 70
0
  0
VERTEX
  8
27
 10
7.6962
 20
11.9323
 30
0.0000
 42
0.3205
  0
VERTEX
  8
27
 10
7.5339
 20
12.1595
 30
0.0000
  0
SEQEND
  8
0
  0
POLYLINE
  8
27
 66
1
 10
0.0000
 20
0.0000
 30
0.0000
 40
0.0508
 41
0.0508
 70
0
  0
VERTEX
  8
27
 10
7.6708
 20
11.9323
 30
0.0000
 42
1.0000
  0
VERTEX
  8
27
 10
7.7216
 20
11.9323
 30
0.0000
  0
SEQEND
  8
0
  0
POLYLINE
  8
27
 66
1
 10
0.0000
 20
0.0000
 30
0.0000
 40
0.0508
 41
0.0508
 70
0
  0
VERTEX
  8
27
 10
7.5422
 20
12.1836
 30
0.0000
 42
1.0000
  0
VERTEX
  8
27
 10
7.5257
 20
12.1355
 30
0.0000
  0
SEQEND
  8
0
  0
POLYLINE
  8
27
 66
1
 10
0.0000
 20
0.0000
 30
0.0000
 40
0.1016
 41
0.1016
 70
0
  0
VERTEX
  8
27
 10
7.4366
 20
11.6727
 30
0.0000
  0
VERTEX
  8
27
 10
6.7874
 20
12.1920
 30
0.0000
  0
SEQEND
  8
0
  0
POLYLINE
  8
27
 66
1
 10
0.0000
 20
0.0000
 30
0.0000
 40
0.0508
 41
0.0508
 70
0
  0
VERTEX
  8
27
 10
6.8033
 20
12.2118
 30
0.0000
 42
1.0000
  0
VERTEX
  8
27
 10
6.7716
 20
12.1722
 30
0.0000
  0
SEQEND
  8
0
  0
POLYLINE
  8
27
 66
1
 10
0.0000
 20
0.0000
 30
0.0000
 40
0.0508
 41
0.0508
 70
0
  0
VERTEX
  8
27
 10
7.4207
 20
11.6529
 30
0.0000
 42
1.0000
  0
VERTEX
  8
27
 10
7.4524
 20
11.6925
 30
0.0000
  0
SEQEND
  8
0
  0
POLYLINE
  8
27
 66
1
 10
0.0000
 20
0.0000
 30
0.0000
 40
0.1016
 41
0.1016
 70
0
  0
VERTEX
  8
27
 10
7.6962
 20
12.7776
 30
0.0000
  0
VERTEX
  8
27
 10
6.9173
 20
12.7776
 30
0.0000
  0
SEQEND
  8
0
  0
POLYLINE
  8
27
 66
1
 10
0.0000
 20
0.0000
 30
0.0000
 40
0.0508
 41
0.0508
 70
0
  0
VERTEX
  8
27
 10
6.9173
 20
12.8030
 30
0.0000
 42
1.0000
  0
VERTEX
  8
27
 10
6.9173
 20
12.7522
 30
0.0000
  0
SEQEND
  8
0
  0
POLYLINE
  8
27
 66
1
 10
0.0000
 20
0.0000
 30
0.0000
 40
0.0508
 41
0.0508
 70
0
  0
VERTEX
  8
27
 10
7.6962
 20
12.7522
 30
0.0000
 42
1.0000
  0
VERTEX
  8
27
 10
7.6962
 20
12.8030
 30
0.0000
  0
SEQEND
  8
0
  0
POLYLINE
  8
27
 66
1
 10
0.0000
 20
0.0000
 30
0.0000
 40
0.1016
 41
0.1016
 70
0
  0
VERTEX
  8
27
 10
6.9173
 20
12.7776
 30
0.0000
  0
VERTEX
  8
27
 10
6.9173
 20
13.1022
 30
0.0000
  0
SEQEND
  8
0
  0
POLYLINE
  8
27
 66
1
 10
0.0000
 20
0.0000
 30
0.0000
 40
0.0508
 41
0.0508
 70
0
  0
VERTEX
  8
27
 10
6.9427
 20
13.1022
 30
0.0000
 42
1.0000
  0
VERTEX
  8
27
 10
6.8919
 20
13.1022
 30
0.0000
  0
SEQEND
  8
0
  0
POLYLINE
  8
27
 66
1
 10
0.0000
 20
0.0000
 30
0.0000
 40
0.0508
 41
0.0508
 70
0
  0
VERTEX
  8
27
 10
6.8919
 20
12.7776
 30
0.0000
 42
1.0000
  0
VERTEX
  8
27
 10
6.9427
 20
12.7776
 30
0.0000
  0
SEQEND
  8
0
  0
POLYLINE
  8
27
 66
1
 10
0.0000
 20
0.0000
 30
0.0000
 40
0.1016
 41
0.1016
 70
0
  0
VERTEX
  8
27
 10
7.1120
 20
13.2969
 30
0.0000
 42
0.4142
  0
VERTEX
  8
27
 10
6.9173
 20
13.1022
 30
0.0000
  0
SEQEND
  8
0
  0
POLYLINE
  8
27
 66
1
 10
0.0000
 20
0.0000
 30
0.0000
 40
0.0508
 41
0.0508
 70
0
  0
VERTEX
  8
27
 10
7.1120
 20
13.2715
 30
0.0000
 42
1.0000
  0
VERTEX
  8
27
 10
7.1120
 20
13.3223
 30
0.0000
  0
SEQEND
  8
0
  0
POLYLINE
  8
27
 66
1
 10
0.0000
 20
0.0000
 30
0.0000
 40
0.0508
 41
0.0508
 70
0
  0
VERTEX
  8
27
 10
6.8919
 20
13.1022
 30
0.0000
 42
1.0000
  0
VERTEX
  8
27
 10
6.9427
 20
13.1022
 30
0.0000
  0
SEQEND
  8
0
  0
POLYLINE
  8
27
 66
1
 10
0.0000
 20
0.0000
 30
0.0000
 40
0.1016
 41
0.1016
 70
0
  0
VERTEX
  8
27
 10
7.1120
 20
13.2969
 30
0.0000
  0
VERTEX
  8
27
 10
7.6962
 20
13.2969
 30
0.0000
  0
SEQEND
  8
0
  0
POLYLINE
  8
27
 66
1
 10
0.0000
 20
0.0000
 30
0.0000
 40
0.0508
 41
0.0508
 70
0
  0
VERTEX
  8
27
 10
7.6962
 20
13.2715
 30
0.0000
 42
1.0000
  0
VERTEX
  8
27
 10
7.6962
 20
13.3223
 30
0.0000
  0
SEQEND
  8
0
  0
POLYLINE
  8
27
 66
1
 10
0.0000
 20
0.0000
 30
0.0000
 40
0.0508
 41
0.0508
 70
0
  0
VERTEX
  8
27
 10
7.1120
 20
13.3223
 30
0.0000
 42
1.0000
  0
VERTEX
  8
27
 10
7.1120
 20
13.2715
 30
0.0000
  0
SEQEND
  8
0
  0
POLYLINE
  8
27
 66
1
 10
0.0000
 20
0.0000
 30
0.0000
 40
0.1016
 41
0.1016
 70
0
  0
VERTEX
  8
27
 10
7.6962
 20
13.8580
 30
0.0000
  0
VERTEX
  8
27
 10
6.5278
 20
13.8580
 30
0.0000
  0
SEQEND
  8
0
  0
POLYLINE
  8
27
 66
1
 10
0.0000
 20
0.0000
 30
0.0000
 40
0.0508
 41
0.0508
 70
0
  0
VERTEX
  8
27
 10
6.5278
 20
13.8834
 30
0.0000
 42
1.0000
  0
VERTEX
  8
27
 10
6.5278
 20
13.8326
 30
0.0000
  0
SEQEND
  8
0
  0
POLYLINE
  8
27
 66
1
 10
0.0000
 20
0.0000
 30
0.0000
 40
0.0508
 41
0.0508
 70
0
  0
VERTEX
  8
27
 10
7.6962
 20
13.8326
 30
0.0000
 42
1.0000
  0
VERTEX
  8
27
 10
7.6962
 20
13.8834
 30
0.0000
  0
SEQEND
  8
0
  0
POLYLINE
  8
27
 66
1
 10
0.0000
 20
0.0000
 30
0.0000
 40
0.1016
 41
0.1016
 70
0
  0
VERTEX
  8
27
 10
6.5278
 20
13.8580
 30
0.0000
  0
VERTEX
  8
27
 10
6.5278
 20
14.3772
 30
0.0000
  0
SEQEND
  8
0
  0
POLYLINE
  8
27
 66
1
 10
0.0000
 20
0.0000
 30
0.0000
 40
0.0508
 41
0.0508
 70
0
  0
VERTEX
  8
27
 10
6.5532
 20
14.3772
 30
0.0000
 42
1.0000
  0
VERTEX
  8
27
 10
6.5024
 20
14.3772
 30
0.0000
  0
SEQEND
  8
0
  0
POLYLINE
  8
27
 66
1
 10
0.0000
 20
0.0000
 30
0.0000
 40
0.0508
 41
0.0508
 70
0
  0
VERTEX
  8
27
 10
6.5024
 20
13.8580
 30
0.0000
 42
1.0000
  0
VERTEX
  8
27
 10
6.5532
 20
13.8580
 30
0.0000
  0
SEQEND
  8
0
  0
POLYLINE
  8
27
 66
1
 10
0.0000
 20
0.0000
 30
0.0000
 40
0.1016
 41
0.1016
 70
0
  0
VERTEX
  8
27
 10
7.0471
 20
13.8580
 30
0.0000
  0
VERTEX
  8
27
 10
7.0471
 20
14.3772
 30
0.0000
  0
SEQEND
  8
0
  0
POLYLINE
  8
27
 66
1
 10
0.0000
 20
0.0000
 30
0.0000
 40
0.0508
 41
0.0508
 70
0
  0
VERTEX
  8
27
 10
7.0725
 20
14.3772
 30
0.0000
 42
1.0000
  0
VERTEX
  8
27
 10
7.0217
 20
14.3772
 30
0.0000
  0
SEQEND
  8
0
  0
POLYLINE
  8
27
 66
1
 10
0.0000
 20
0.0000
 30
0.0000
 40
0.0508
 41
0.0508
 70
0
  0
VERTEX
  8
27
 10
7.0217
 20
13.8580
 30
0.0000
 42
1.0000
  0
VERTEX
  8
27
 10
7.0725
 20
13.8580
 30
0.0000
  0
SEQEND
  8
0
  0
POINT
  8
23
 10
73.1520
 20
10.2870
 30
0.0000
  0
POLYLINE
  8
39
 66
1
 10
0.0000
 20
0.0000
 30
0.0000
 40
0.0508
 41
0.0508
 70
0
  0
VERTEX
  8
39
 10
72.1690
 20
8.3140
 30
0.0000
  0
VERTEX
  8
39
 10
72.1690
 20
12.2600
 30
0.0000
  0
SEQEND
  8
0
  0
POLYLINE
  8
39
 66
1
 10
0.0000
 20
0.0000
 30
0.0000
 40
0.0254
 41
0.0254
 70
0
  0
VERTEX
  8
39
 10
72.1817
 20
12.2600
 30
0.0000
 42
1.0000
  0
VERTEX
  8
39
 10
72.1563
 20
12.2600
 30
0.0000
  0
SEQEND
  8
0
  0
POLYLINE
  8
39
 66
1
 10
0.0000
 20
0.0000
 30
0.0000
 40
0.0254
 41
0.0254
 70
0
  0
VERTEX
  8
39
 10
72.1563
 20
8.3140
 30
0.0000
 42
1.0000
  0
VERTEX
  8
39
 10
72.1817
 20
8.3140
 30
0.0000
  0
SEQEND
  8
0
  0
POLYLINE
  8
39
 66
1
 10
0.0000
 20
0.0000
 30
0.0000
 40
0.0508
 41
0.0508
 70
0
  0
VERTEX
  8
39
 10
74.1350
 20
12.2600
 30
0.0000
  0
VERTEX
  8
39
 10
74.1350
 20
8.3140
 30
0.0000
  0
SEQEND
  8
0
  0
POLYLINE
  8
39
 66
1
 10
0.0000
 20
0.0000
 30
0.0000
 40
0.0254
 41
0.0254
 70
0
  0
VERTEX
  8
39
 10
74.1223
 20
8.3140
 30
0.0000
 42
1.0000
  0
VERTEX
  8
39
 10
74.1477
 20
8.3140
 30
0.0000
  0
SEQEND
  8
0
  0
POLYLINE
  8
39
 66
1
 10
0.0000
 20
0.0000
 30
0.0000
 40
0.0254
 41
0.0254
 70
0
  0
VERTEX
  8
39
 10
74.1477
 20
12.2600
 30
0.0000
 42
1.0000
  0
VERTEX
  8
39
 10
74.1223
 20
12.2600
 30
0.0000
  0
SEQEND
  8
0
  0
POLYLINE
  8
39
 66
1
 10
0.0000
 20
0.0000
 30
0.0000
 40
0.0508
 41
0.0508
 70
0
  0
VERTEX
  8
39
 10
74.1350
 20
8.3140
 30
0.0000
  0
VERTEX
  8
39
 10
72.1690
 20
8.3140
 30
0.0000
  0
SEQEND
  8
0
  0
POLYLINE
  8
39
 66
1
 10
0.0000
 20
0.0000
 30
0.0000
 40
0.0254
 41
0.0254
 70
0
  0
VERTEX
  8
39
 10
72.1690
 20
8.3267
 30
0.0000
 42
1.0000
  0
VERTEX
  8
39
 10
72.1690
 20
8.3013
 30
0.0000
  0
SEQEND
  8
0
  0
POLYLINE
  8
39
 66
1
 10
0.0000
 20
0.0000
 30
0.0000
 40
0.0254
 41
0.0254
 70
0
  0
VERTEX
  8
39
 10
74.1350
 20
8.3013
 30
0.0000
 42
1.0000
  0
VERTEX
  8
39
 10
74.1350
 20
8.3267
 30
0.0000
  0
SEQEND
  8
0
  0
POLYLINE
  8
51
 66
1
 10
0.0000
 20
0.0000
 30
0.0000
 40
0.1016
 41
0.1016
 70
0
  0
VERTEX
  8
51
 10
72.4920
 20
9.9060
 30
0.0000
  0
VERTEX
  8
51
 10
72.4920
 20
10.6680
 30
0.0000
  0
SEQEND
  8
0
  0
POLYLINE
  8
51
 66
1
 10
0.0000
 20
0.0000
 30
0.0000
 40
0.0508
 41
0.0508
 70
0
  0
VERTEX
  8
51
 10
72.5174
 20
10.6680
 30
0.0000
 42
1.0000
  0
VERTEX
  8
51
 10
72.4666
 20
10.6680
 30
0.0000
  0
SEQEND
  8
0
  0
POLYLINE
  8
51
 66
1
 10
0.0000
 20
0.0000
 30
0.0000
 40
0.0508
 41
0.0508
 70
0
  0
VERTEX
  8
51
 10
72.4666
 20
9.9060
 30
0.0000
 42
1.0000
  0
VERTEX
  8
51
 10
72.5174
 20
9.9060
 30
0.0000
  0
SEQEND
  8
0
  0
POLYLINE
  8
51
 66
1
 10
0.0000
 20
0.0000
 30
0.0000
 40
0.1016
 41
0.1016
 70
0
  0
VERTEX
  8
51
 10
73.8120
 20
9.9310
 30
0.0000
  0
VERTEX
  8
51
 10
73.8120
 20
10.6680
 30
0.0000
  0
SEQEND
  8
0
  0
POLYLINE
  8
51
 66
1
 10
0.0000
 20
0.0000
 30
0.0000
 40
0.0508
 41
0.0508
 70
0
  0
VERTEX
  8
51
 10
73.8374
 20
10.6680
 30
0.0000
 42
1.0000
  0
VERTEX
  8
51
 10
73.7866
 20
10.6680
 30
0.0000
  0
SEQEND
  8
0
  0
POLYLINE
  8
51
 66
1
 10
0.0000
 20
0.0000
 30
0.0000
 40
0.0508
 41
0.0508
 70
0
  0
VERTEX
  8
51
 10
73.7866
 20
9.9310
 30
0.0000
 42
1.0000
  0
VERTEX
  8
51
 10
73.8374
 20
9.9310
 30
0.0000
  0
SEQEND
  8
0
  0
POLYLINE
  8
39
 66
1
 10
0.0000
 20
0.0000
 30
0.0000
 40
0.0508
 41
0.0508
 70
0
  0
VERTEX
  8
39
 10
72.1690
 20
12.2600
 30
0.0000
  0
VERTEX
  8
39
 10
74.1350
 20
12.2600
 30
0.0000
  0
SEQEND
  8
0
  0
POLYLINE
  8
39
 66
1
 10
0.0000
 20
0.0000
 30
0.0000
 40
0.0254
 41
0.0254
 70
0
  0
VERTEX
  8
39
 10
74.1350
 20
12.2473
 30
0.0000
 42
1.0000
  0
VERTEX
  8
39
 10
74.1350
 20
12.2727
 30
0.0000
  0
SEQEND
  8
0
  0
POLYLINE
  8
39
 66
1
 10
0.0000
 20
0.0000
 30
0.0000
 40
0.0254
 41
0.0254
 70
0
  0
VERTEX
  8
39
 10
72.1690
 20
12.2727
 30
0.0000
 42
1.0000
  0
VERTEX
  8
39
 10
72.1690
 20
12.2473
 30
0.0000
  0
SEQEND
  8
0
  0
INSERT
  8
51
  2
RECT
 10
73.1509
 20
9.5699
 30
0.0000
 41
0.7501
 42
1.4501
 43
1.0000
 50
90.0000
  0
INSERT
  8
51
  2
RECT
 10
73.1509
 20
11.0176
 30
0.0000
 41
0.7501
 42
1.4501
 43
1.0000
 50
90.0000
  0
INSERT
  8
1
  2
RECT
 10
73.1520
 20
9.3370
 30
0.0000
 41
1.3000
 42
1.5000
 43
1.0000
 50
90.0000
  0
INSERT
  8
1
  2
RECT
 10
73.1520
 20
11.2370
 30
0.0000
 41
1.3000
 42
1.5000
 43
1.0000
 50
90.0000
  0
POLYLINE
  8
25
 66
1
 10
0.0000
 20
0.0000
 30
0.0000
 40
0.1016
 41
0.1016
 70
0
  0
VERTEX
  8
25
 10
71.8312
 20
9.5871
 30
0.0000
  0
VERTEX
  8
25
 10
71.8312
 20
9.3274
 30
0.0000
  0
SEQEND
  8
0
  0
POLYLINE
  8
25
 66
1
 10
0.0000
 20
0.0000
 30
0.0000
 40
0.0508
 41
0.0508
 70
0
  0
VERTEX
  8
25
 10
71.8058
 20
9.3274
 30
0.0000
 42
1.0000
  0
VERTEX
  8
25
 10
71.8566
 20
9.3274
 30
0.0000
  0
SEQEND
  8
0
  0
POLYLINE
  8
25
 66
1
 10
0.0000
 20
0.0000
 30
0.0000
 40
0.0508
 41
0.0508
 70
0
  0
VERTEX
  8
25
 10
71.8566
 20
9.5871
 30
0.0000
 42
1.0000
  0
VERTEX
  8
25
 10
71.8058
 20
9.5871
 30
0.0000
  0
SEQEND
  8
0
  0
POLYLINE
  8
25
 66
1
 10
0.0000
 20
0.0000
 30
0.0000
 40
0.1016
 41
0.1016
 70
0
  0
VERTEX
  8
25
 10
71.5716
 20
9.0678
 30
0.0000
 42
0.4142
  0
VERTEX
  8
25
 10
71.8312
 20
9.3274
 30
0.0000
  0
SEQEND
  8
0
  0
POLYLINE
  8
25
 66
1
 10
0.0000
 20
0.0000
 30
0.0000
 40
0.0508
 41
0.0508
 70
0
  0
VERTEX
  8
25
 10
71.5716
 20
9.0932
 30
0.0000
 42
1.0000
  0
VERTEX
  8
25
 10
71.5716
 20
9.0424
 30
0.0000
  0
SEQEND
  8
0
  0
POLYLINE
  8
25
 66
1
 10
0.0000
 20
0.0000
 30
0.0000
 40
0.0508
 41
0.0508
 70
0
  0
VERTEX
  8
25
 10
71.8566
 20
9.3274
 30
0.0000
 42
1.0000
  0
VERTEX
  8
25
 10
71.8058
 20
9.3274
 30
0.0000
  0
SEQEND
  8
0
  0
POLYLINE
  8
25
 66
1
 10
0.0000
 20
0.0000
 30
0.0000
 40
0.1016
 41
0.1016
 70
0
  0
VERTEX
  8
25
 10
71.5716
 20
9.0678
 30
0.0000
  0
VERTEX
  8
25
 10
70.9224
 20
9.0678
 30
0.0000
  0
SEQEND
  8
0
  0
POLYLINE
  8
25
 66
1
 10
0.0000
 20
0.0000
 30
0.0000
 40
0.0508
 41
0.0508
 70
0
  0
VERTEX
  8
25
 10
70.9224
 20
9.0932
 30
0.0000
 42
1.0000
  0
VERTEX
  8
25
 10
70.9224
 20
9.0424
 30
0.0000
  0
SEQEND
  8
0
  0
POLYLINE
  8
25
 66
1
 10
0.0000
 20
0.0000
 30
0.0000
 40
0.0508
 41
0.0508
 70
0
  0
VERTEX
  8
25
 10
71.5716
 20
9.0424
 30
0.0000
 42
1.0000
  0
VERTEX
  8
25
 10
71.5716
 20
9.0932
 30
0.0000
  0
SEQEND
  8
0
  0
POLYLINE
  8
25
 66
1
 10
0.0000
 20
0.0000
 30
0.0000
 40
0.1016
 41
0.1016
 70
0
  0
VERTEX
  8
25
 10
70.6628
 20
9.3274
 30
0.0000
 42
0.4142
  0
VERTEX
  8
25
 10
70.9224
 20
9.0678
 30
0.0000
  0
SEQEND
  8
0
  0
POLYLINE
  8
25
 66
1
 10
0.0000
 20
0.0000
 30
0.0000
 40
0.0508
 41
0.0508
 70
0
  0
VERTEX
  8
25
 10
70.6882
 20
9.3274
 30
0.0000
 42
1.0000
  0
VERTEX
  8
25
 10
70.6374
 20
9.3274
 30
0.0000
  0
SEQEND
  8
0
  0
POLYLINE
  8
25
 66
1
 10
0.0000
 20
0.0000
 30
0.0000
 40
0.0508
 41
0.0508
 70
0
  0
VERTEX
  8
25
 10
70.9224
 20
9.0424
 30
0.0000
 42
1.0000
  0
VERTEX
  8
25
 10
70.9224
 20
9.0932
 30
0.0000
  0
SEQEND
  8
0
  0
POLYLINE
  8
25
 66
1
 10
0.0000
 20
0.0000
 30
0.0000
 40
0.1016
 41
0.1016
 70
0
  0
VERTEX
  8
25
 10
70.6628
 20
9.3274
 30
0.0000
  0
VERTEX
  8
25
 10
70.6628
 20
9.5871
 30
0.0000
  0
SEQEND
  8
0
  0
POLYLINE
  8
25
 66
1
 10
0.0000
 20
0.0000
 30
0.0000
 40
0.0508
 41
0.0508
 70
0
  0
VERTEX
  8
25
 10
70.6882
 20
9.5871
 30
0.0000
 42
1.0000
  0
VERTEX
  8
25
 10
70.6374
 20
9.5871
 30
0.0000
  0
SEQEND
  8
0
  0
POLYLINE
  8
25
 66
1
 10
0.0000
 20
0.0000
 30
0.0000
 40
0.0508
 41
0.0508
 70
0
  0
VERTEX
  8
25
 10
70.6374
 20
9.3274
 30
0.0000
 42
1.0000
  0
VERTEX
  8
25
 10
70.6882
 20
9.3274
 30
0.0000
  0
SEQEND
  8
0
  0
POLYLINE
  8
25
 66
1
 10
0.0000
 20
0.0000
 30
0.0000
 40
0.1016
 41
0.1016
 70
0
  0
VERTEX
  8
25
 10
70.9549
 20
10.6727
 30
0.0000
 42
0.4142
  0
VERTEX
  8
25
 10
70.6628
 20
10.3806
 30
0.0000
  0
SEQEND
  8
0
  0
POLYLINE
  8
25
 66
1
 10
0.0000
 20
0.0000
 30
0.0000
 40
0.0508
 41
0.0508
 70
0
  0
VERTEX
  8
25
 10
70.9549
 20
10.6473
 30
0.0000
 42
1.0000
  0
VERTEX
  8
25
 10
70.9549
 20
10.6981
 30
0.0000
  0
SEQEND
  8
0
  0
POLYLINE
  8
25
 66
1
 10
0.0000
 20
0.0000
 30
0.0000
 40
0.0508
 41
0.0508
 70
0
  0
VERTEX
  8
25
 10
70.6374
 20
10.3806
 30
0.0000
 42
1.0000
  0
VERTEX
  8
25
 10
70.6882
 20
10.3806
 30
0.0000
  0
SEQEND
  8
0
  0
POLYLINE
  8
25
 66
1
 10
0.0000
 20
0.0000
 30
0.0000
 40
0.1016
 41
0.1016
 70
0
  0
VERTEX
  8
25
 10
70.6628
 20
10.3806
 30
0.0000
 42
0.3252
  0
VERTEX
  8
25
 10
70.9224
 20
10.0236
 30
0.0000
  0
SEQEND
  8
0
  0
POLYLINE
  8
25
 66
1
 10
0.0000
 20
0.0000
 30
0.0000
 40
0.0508
 41
0.0508
 70
0
  0
VERTEX
  8
25
 10
70.6882
 20
10.3806
 30
0.0000
 42
1.0000
  0
VERTEX
  8
25
 10
70.6374
 20
10.3806
 30
0.0000
  0
SEQEND
  8
0
  0
POLYLINE
  8
25
 66
1
 10
0.0000
 20
0.0000
 30
0.0000
 40
0.0508
 41
0.0508
 70
0
  0
VERTEX
  8
25
 10
70.9146
 20
9.9995
 30
0.0000
 42
1.0000
  0
VERTEX
  8
25
 10
70.9303
 20
10.0478
 30
0.0000
  0
SEQEND
  8
0
  0
POLYLINE
  8
25
 66
1
 10
0.0000
 20
0.0000
 30
0.0000
 40
0.1016
 41
0.1016
 70
0
  0
VERTEX
  8
25
 10
71.1821
 20
10.5754
 30
0.0000
 42
0.2053
  0
VERTEX
  8
25
 10
70.9549
 20
10.6727
 30
0.0000
  0
SEQEND
  8
0
  0
POLYLINE
  8
25
 66
1
 10
0.0000
 20
0.0000
 30
0.0000
 40
0.0508
 41
0.0508
 70
0
  0
VERTEX
  8
25
 10
71.1637
 20
10.5578
 30
0.0000
 42
1.0000
  0
VERTEX
  8
25
 10
71.2005
 20
10.5929
 30
0.0000
  0
SEQEND
  8
0
  0
POLYLINE
  8
25
 66
1
 10
0.0000
 20
0.0000
 30
0.0000
 40
0.0508
 41
0.0508
 70
0
  0
VERTEX
  8
25
 10
70.9549
 20
10.6981
 30
0.0000
 42
1.0000
  0
VERTEX
  8
25
 10
70.9549
 20
10.6473
 30
0.0000
  0
SEQEND
  8
0
  0
POLYLINE
  8
25
 66
1
 10
0.0000
 20
0.0000
 30
0.0000
 40
0.1016
 41
0.1016
 70
0
  0
VERTEX
  8
25
 10
71.1821
 20
10.5754
 30
0.0000
  0
VERTEX
  8
25
 10
71.8312
 20
10.0236
 30
0.0000
  0
SEQEND
  8
0
  0
POLYLINE
  8
25
 66
1
 10
0.0000
 20
0.0000
 30
0.0000
 40
0.0508
 41
0.0508
 70
0
  0
VERTEX
  8
25
 10
71.8147
 20
10.0043
 30
0.0000
 42
1.0000
  0
VERTEX
  8
25
 10
71.8477
 20
10.0430
 30
0.0000
  0
SEQEND
  8
0
  0
POLYLINE
  8
25
 66
1
 10
0.0000
 20
0.0000
 30
0.0000
 40
0.0508
 41
0.0508
 70
0
  0
VERTEX
  8
25
 10
71.1985
 20
10.5947
 30
0.0000
 42
1.0000
  0
VERTEX
  8
25
 10
71.1656
 20
10.5560
 30
0.0000
  0
SEQEND
  8
0
  0
POLYLINE
  8
25
 66
1
 10
0.0000
 20
0.0000
 30
0.0000
 40
0.1016
 41
0.1016
 70
0
  0
VERTEX
  8
25
 10
71.8312
 20
10.0236
 30
0.0000
  0
VERTEX
  8
25
 10
71.8312
 20
10.6727
 30
0.0000
  0
SEQEND
  8
0
  0
POLYLINE
  8
25
 66
1
 10
0.0000
 20
0.0000
 30
0.0000
 40
0.0508
 41
0.0508
 70
0
  0
VERTEX
  8
25
 10
71.8566
 20
10.6727
 30
0.0000
 42
1.0000
  0
VERTEX
  8
25
 10
71.8058
 20
10.6727
 30
0.0000
  0
SEQEND
  8
0
  0
POLYLINE
  8
25
 66
1
 10
0.0000
 20
0.0000
 30
0.0000
 40
0.0508
 41
0.0508
 70
0
  0
VERTEX
  8
25
 10
71.8058
 20
10.0236
 30
0.0000
 42
1.0000
  0
VERTEX
  8
25
 10
71.8566
 20
10.0236
 30
0.0000
  0
SEQEND
  8
0
  0
POLYLINE
  8
27
 66
1
 10
0.0000
 20
0.0000
 30
0.0000
 40
0.1016
 41
0.1016
 70
0
  0
VERTEX
  8
27
 10
74.7324
 20
9.0678
 30
0.0000
  0
VERTEX
  8
27
 10
74.4728
 20
9.3924
 30
0.0000
  0
SEQEND
  8
0
  0
POLYLINE
  8
27
 66
1
 10
0.0000
 20
0.0000
 30
0.0000
 40
0.0508
 41
0.0508
 70
0
  0
VERTEX
  8
27
 10
74.4926
 20
9.4082
 30
0.0000
 42
1.0000
  0
VERTEX
  8
27
 10
74.4530
 20
9.3765
 30
0.0000
  0
SEQEND
  8
0
  0
POLYLINE
  8
27
 66
1
 10
0.0000
 20
0.0000
 30
0.0000
 40
0.0508
 41
0.0508
 70
0
  0
VERTEX
  8
27
 10
74.7126
 20
9.0519
 30
0.0000
 42
1.0000
  0
VERTEX
  8
27
 10
74.7523
 20
9.0837
 30
0.0000
  0
SEQEND
  8
0
  0
POLYLINE
  8
27
 66
1
 10
0.0000
 20
0.0000
 30
0.0000
 40
0.1016
 41
0.1016
 70
0
  0
VERTEX
  8
27
 10
74.4728
 20
9.3924
 30
0.0000
  0
VERTEX
  8
27
 10
75.6412
 20
9.3924
 30
0.0000
  0
SEQEND
  8
0
  0
POLYLINE
  8
27
 66
1
 10
0.0000
 20
0.0000
 30
0.0000
 40
0.0508
 41
0.0508
 70
0
  0
VERTEX
  8
27
 10
75.6412
 20
9.3670
 30
0.0000
 42
1.0000
  0
VERTEX
  8
27
 10
75.6412
 20
9.4178
 30
0.0000
  0
SEQEND
  8
0
  0
POLYLINE
  8
27
 66
1
 10
0.0000
 20
0.0000
 30
0.0000
 40
0.0508
 41
0.0508
 70
0
  0
VERTEX
  8
27
 10
74.4728
 20
9.4178
 30
0.0000
 42
1.0000
  0
VERTEX
  8
27
 10
74.4728
 20
9.3670
 30
0.0000
  0
SEQEND
  8
0
  0
POLYLINE
  8
27
 66
1
 10
0.0000
 20
0.0000
 30
0.0000
 40
0.1016
 41
0.1016
 70
0
  0
VERTEX
  8
27
 10
75.6412
 20
9.0678
 30
0.0000
  0
VERTEX
  8
27
 10
75.6412
 20
9.7169
 30
0.0000
  0
SEQEND
  8
0
  0
POLYLINE
  8
27
 66
1
 10
0.0000
 20
0.0000
 30
0.0000
 40
0.0508
 41
0.0508
 70
0
  0
VERTEX
  8
27
 10
75.6666
 20
9.7169
 30
0.0000
 42
1.0000
  0
VERTEX
  8
27
 10
75.6158
 20
9.7169
 30
0.0000
  0
SEQEND
  8
0
  0
POLYLINE
  8
27
 66
1
 10
0.0000
 20
0.0000
 30
0.0000
 40
0.0508
 41
0.0508
 70
0
  0
VERTEX
  8
27
 10
75.6158
 20
9.0678
 30
0.0000
 42
1.0000
  0
VERTEX
  8
27
 10
75.6666
 20
9.0678
 30
0.0000
  0
SEQEND
  8
0
  0
POLYLINE
  8
27
 66
1
 10
0.0000
 20
0.0000
 30
0.0000
 40
0.1016
 41
0.1016
 70
0
  0
VERTEX
  8
27
 10
74.6351
 20
10.3082
 30
0.0000
 42
0.1139
  0
VERTEX
  8
27
 10
75.0570
 20
10.2108
 30
0.0000
  0
SEQEND
  8
0
  0
POLYLINE
  8
27
 66
1
 10
0.0000
 20
0.0000
 30
0.0000
 40
0.0508
 41
0.0508
 70
0
  0
VERTEX
  8
27
 10
74.6462
 20
10.3310
 30
0.0000
 42
1.0000
  0
VERTEX
  8
27
 10
74.6239
 20
10.2853
 30
0.0000
  0
SEQEND
  8
0
  0
POLYLINE
  8
27
 66
1
 10
0.0000
 20
0.0000
 30
0.0000
 40
0.0508
 41
0.0508
 70
0
  0
VERTEX
  8
27
 10
75.0570
 20
10.1854
 30
0.0000
 42
1.0000
  0
VERTEX
  8
27
 10
75.0570
 20
10.2362
 30
0.0000
  0
SEQEND
  8
0
  0
POLYLINE
  8
27
 66
1
 10
0.0000
 20
0.0000
 30
0.0000
 40
0.1016
 41
0.1016
 70
0
  0
VERTEX
  8
27
 10
74.4728
 20
10.5354
 30
0.0000
 42
0.3205
  0
VERTEX
  8
27
 10
74.6351
 20
10.3082
 30
0.0000
  0
SEQEND
  8
0
  0
POLYLINE
  8
27
 66
1
 10
0.0000
 20
0.0000
 30
0.0000
 40
0.0508
 41
0.0508
 70
0
  0
VERTEX
  8
27
 10
74.4982
 20
10.5353
 30
0.0000
 42
1.0000
  0
VERTEX
  8
27
 10
74.4474
 20
10.5354
 30
0.0000
  0
SEQEND
  8
0
  0
POLYLINE
  8
27
 66
1
 10
0.0000
 20
0.0000
 30
0.0000
 40
0.0508
 41
0.0508
 70
0
  0
VERTEX
  8
27
 10
74.6268
 20
10.2841
 30
0.0000
 42
1.0000
  0
VERTEX
  8
27
 10
74.6433
 20
10.3322
 30
0.0000
  0
SEQEND
  8
0
  0
POLYLINE
  8
27
 66
1
 10
0.0000
 20
0.0000
 30
0.0000
 40
0.1016
 41
0.1016
 70
0
  0
VERTEX
  8
27
 10
74.6351
 20
10.7625
 30
0.0000
 42
0.3205
  0
VERTEX
  8
27
 10
74.4728
 20
10.5354
 30
0.0000
  0
SEQEND
  8
0
  0
POLYLINE
  8
27
 66
1
 10
0.0000
 20
0.0000
 30
0.0000
 40
0.0508
 41
0.0508
 70
0
  0
VERTEX
  8
27
 10
74.6433
 20
10.7385
 30
0.0000
 42
1.0000
  0
VERTEX
  8
27
 10
74.6268
 20
10.7866
 30
0.0000
  0
SEQEND
  8
0
  0
POLYLINE
  8
27
 66
1
 10
0.0000
 20
0.0000
 30
0.0000
 40
0.0508
 41
0.0508
 70
0
  0
VERTEX
  8
27
 10
74.4474
 20
10.5353
 30
0.0000
 42
1.0000
  0
VERTEX
  8
27
 10
74.4982
 20
10.5354
 30
0.0000
  0
SEQEND
  8
0
  0
POLYLINE
  8
27
 66
1
 10
0.0000
 20
0.0000
 30
0.0000
 40
0.1016
 41
0.1016
 70
0
  0
VERTEX
  8
27
 10
75.0570
 20
10.8599
 30
0.0000
 42
0.1139
  0
VERTEX
  8
27
 10
74.6351
 20
10.7625
 30
0.0000
  0
SEQEND
  8
0
  0
POLYLINE
  8
27
 66
1
 10
0.0000
 20
0.0000
 30
0.0000
 40
0.0508
 41
0.0508
 70
0
  0
VERTEX
  8
27
 10
75.0570
 20
10.8345
 30
0.0000
 42
1.0000
  0
VERTEX
  8
27
 10
75.0570
 20
10.8853
 30
0.0000
  0
SEQEND
  8
0
  0
POLYLINE
  8
27
 66
1
 10
0.0000
 20
0.0000
 30
0.0000
 40
0.0508
 41
0.0508
 70
0
  0
VERTEX
  8
27
 10
74.6239
 20
10.7854
 30
0.0000
 42
1.0000
  0
VERTEX
  8
27
 10
74.6462
 20
10.7397
 30
0.0000
  0
SEQEND
  8
0
  0
POLYLINE
  8
27
 66
1
 10
0.0000
 20
0.0000
 30
0.0000
 40
0.1016
 41
0.1016
 70
0
  0
VERTEX
  8
27
 10
75.0570
 20
10.2108
 30
0.0000
 42
0.1139
  0
VERTEX
  8
27
 10
75.4789
 20
10.3082
 30
0.0000
  0
SEQEND
  8
0
  0
POLYLINE
  8
27
 66
1
 10
0.0000
 20
0.0000
 30
0.0000
 40
0.0508
 41
0.0508
 70
0
  0
VERTEX
  8
27
 10
75.0570
 20
10.2362
 30
0.0000
 42
1.0000
  0
VERTEX
  8
27
 10
75.0570
 20
10.1854
 30
0.0000
  0
SEQEND
  8
0
  0
POLYLINE
  8
27
 66
1
 10
0.0000
 20
0.0000
 30
0.0000
 40
0.0508
 41
0.0508
 70
0
  0
VERTEX
  8
27
 10
75.4901
 20
10.2853
 30
0.0000
 42
1.0000
  0
VERTEX
  8
27
 10
75.4678
 20
10.3310
 30
0.0000
  0
SEQEND
  8
0
  0
POLYLINE
  8
27
 66
1
 10
0.0000
 20
0.0000
 30
0.0000
 40
0.1016
 41
0.1016
 70
0
  0
VERTEX
  8
27
 10
75.4789
 20
10.3082
 30
0.0000
 42
0.3205
  0
VERTEX
  8
27
 10
75.6412
 20
10.5354
 30
0.0000
  0
SEQEND
  8
0
  0
POLYLINE
  8
27
 66
1
 10
0.0000
 20
0.0000
 30
0.0000
 40
0.0508
 41
0.0508
 70
0
  0
VERTEX
  8
27
 10
75.4707
 20
10.3322
 30
0.0000
 42
1.0000
  0
VERTEX
  8
27
 10
75.4872
 20
10.2841
 30
0.0000
  0
SEQEND
  8
0
  0
POLYLINE
  8
27
 66
1
 10
0.0000
 20
0.0000
 30
0.0000
 40
0.0508
 41
0.0508
 70
0
  0
VERTEX
  8
27
 10
75.6666
 20
10.5353
 30
0.0000
 42
1.0000
  0
VERTEX
  8
27
 10
75.6158
 20
10.5354
 30
0.0000
  0
SEQEND
  8
0
  0
POLYLINE
  8
27
 66
1
 10
0.0000
 20
0.0000
 30
0.0000
 40
0.1016
 41
0.1016
 70
0
  0
VERTEX
  8
27
 10
75.4789
 20
10.7625
 30
0.0000
 42
0.1139
  0
VERTEX
  8
27
 10
75.0570
 20
10.8599
 30
0.0000
  0
SEQEND
  8
0
  0
POLYLINE
  8
27
 66
1
 10
0.0000
 20
0.0000
 30
0.0000
 40
0.0508
 41
0.0508
 70
0
  0
VERTEX
  8
27
 10
75.4678
 20
10.7397
 30
0.0000
 42
1.0000
  0
VERTEX
  8
27
 10
75.4901
 20
10.7854
 30
0.0000
  0
SEQEND
  8
0
  0
POLYLINE
  8
27
 66
1
 10
0.0000
 20
0.0000
 30
0.0000
 40
0.0508
 41
0.0508
 70
0
  0
VERTEX
  8
27
 10
75.0570
 20
10.8853
 30
0.0000
 42
1.0000
  0
VERTEX
  8
27
 10
75.0570
 20
10.8345
 30
0.0000
  0
SEQEND
  8
0
  0
POLYLINE
  8
27
 66
1
 10
0.0000
 20
0.0000
 30
0.0000
 40
0.1016
 41
0.1016
 70
0
  0
VERTEX
  8
27
 10
75.6412
 20
10.5354
 30
0.0000
 42
0.3205
  0
VERTEX
  8
27
 10
75.4789
 20
10.7625
 30
0.0000
  0
SEQEND
  8
0
  0
POLYLINE
  8
27
 66
1
 10
0.0000
 20
0.0000
 30
0.0000
 40
0.0508
 41
0.0508
 70
0
  0
VERTEX
  8
27
 10
75.6158
 20
10.5353
 30
0.0000
 42
1.0000
  0
VERTEX
  8
27
 10
75.6666
 20
10.5354
 30
0.0000
  0
SEQEND
  8
0
  0
POLYLINE
  8
27
 66
1
 10
0.0000
 20
0.0000
 30
0.0000
 40
0.0508
 41
0.0508
 70
0
  0
VERTEX
  8
27
 10
75.4872
 20
10.7866
 30
0.0000
 42
1.0000
  0
VERTEX
  8
27
 10
75.4707
 20
10.7385
 30
0.0000
  0
SEQEND
  8
0
  0
POLYLINE
  8
27
 66
1
 10
0.0000
 20
0.0000
 30
0.0000
 40
0.1016
 41
0.1016
 70
0
  0
VERTEX
  8
27
 10
75.3816
 20
10.2757
 30
0.0000
  0
VERTEX
  8
27
 10
74.7324
 20
10.7950
 30
0.0000
  0
SEQEND
  8
0
  0
POLYLINE
  8
27
 66
1
 10
0.0000
 20
0.0000
 30
0.0000
 40
0.0508
 41
0.0508
 70
0
  0
VERTEX
  8
27
 10
74.7483
 20
10.8148
 30
0.0000
 42
1.0000
  0
VERTEX
  8
27
 10
74.7166
 20
10.7752
 30
0.0000
  0
SEQEND
  8
0
  0
POLYLINE
  8
27
 66
1
 10
0.0000
 20
0.0000
 30
0.0000
 40
0.0508
 41
0.0508
 70
0
  0
VERTEX
  8
27
 10
75.3657
 20
10.2559
 30
0.0000
 42
1.0000
  0
VERTEX
  8
27
 10
75.3974
 20
10.2955
 30
0.0000
  0
SEQEND
  8
0
  0
POLYLINE
  8
27
 66
1
 10
0.0000
 20
0.0000
 30
0.0000
 40
0.1016
 41
0.1016
 70
0
  0
VERTEX
  8
27
 10
74.6351
 20
11.4512
 30
0.0000
 42
0.1139
  0
VERTEX
  8
27
 10
75.0570
 20
11.3538
 30
0.0000
  0
SEQEND
  8
0
  0
POLYLINE
  8
27
 66
1
 10
0.0000
 20
0.0000
 30
0.0000
 40
0.0508
 41
0.0508
 70
0
  0
VERTEX
  8
27
 10
74.6462
 20
11.4740
 30
0.0000
 42
1.0000
  0
VERTEX
  8
27
 10
74.6239
 20
11.4283
 30
0.0000
  0
SEQEND
  8
0
  0
POLYLINE
  8
27
 66
1
 10
0.0000
 20
0.0000
 30
0.0000
 40
0.0508
 41
0.0508
 70
0
  0
VERTEX
  8
27
 10
75.0570
 20
11.3284
 30
0.0000
 42
1.0000
  0
VERTEX
  8
27
 10
75.0570
 20
11.3792
 30
0.0000
  0
SEQEND
  8
0
  0
POLYLINE
  8
27
 66
1
 10
0.0000
 20
0.0000
 30
0.0000
 40
0.1016
 41
0.1016
 70
0
  0
VERTEX
  8
27
 10
74.4728
 20
11.6783
 30
0.0000
 42
0.3205
  0
VERTEX
  8
27
 10
74.6351
 20
11.4512
 30
0.0000
  0
SEQEND
  8
0
  0
POLYLINE
  8
27
 66
1
 10
0.0000
 20
0.0000
 30
0.0000
 40
0.0508
 41
0.0508
 70
0
  0
VERTEX
  8
27
 10
74.4982
 20
11.6783
 30
0.0000
 42
1.0000
  0
VERTEX
  8
27
 10
74.4474
 20
11.6783
 30
0.0000
  0
SEQEND
  8
0
  0
POLYLINE
  8
27
 66
1
 10
0.0000
 20
0.0000
 30
0.0000
 40
0.0508
 41
0.0508
 70
0
  0
VERTEX
  8
27
 10
74.6268
 20
11.4271
 30
0.0000
 42
1.0000
  0
VERTEX
  8
27
 10
74.6433
 20
11.4752
 30
0.0000
  0
SEQEND
  8
0
  0
POLYLINE
  8
27
 66
1
 10
0.0000
 20
0.0000
 30
0.0000
 40
0.1016
 41
0.1016
 70
0
  0
VERTEX
  8
27
 10
74.6351
 20
11.9055
 30
0.0000
 42
0.3205
  0
VERTEX
  8
27
 10
74.4728
 20
11.6783
 30
0.0000
  0
SEQEND
  8
0
  0
POLYLINE
  8
27
 66
1
 10
0.0000
 20
0.0000
 30
0.0000
 40
0.0508
 41
0.0508
 70
0
  0
VERTEX
  8
27
 10
74.6433
 20
11.8815
 30
0.0000
 42
1.0000
  0
VERTEX
  8
27
 10
74.6268
 20
11.9296
 30
0.0000
  0
SEQEND
  8
0
  0
POLYLINE
  8
27
 66
1
 10
0.0000
 20
0.0000
 30
0.0000
 40
0.0508
 41
0.0508
 70
0
  0
VERTEX
  8
27
 10
74.4474
 20
11.6783
 30
0.0000
 42
1.0000
  0
VERTEX
  8
27
 10
74.4982
 20
11.6783
 30
0.0000
  0
SEQEND
  8
0
  0
POLYLINE
  8
27
 66
1
 10
0.0000
 20
0.0000
 30
0.0000
 40
0.1016
 41
0.1016
 70
0
  0
VERTEX
  8
27
 10
75.0570
 20
12.0029
 30
0.0000
 42
0.1139
  0
VERTEX
  8
27
 10
74.6351
 20
11.9055
 30
0.0000
  0
SEQEND
  8
0
  0
POLYLINE
  8
27
 66
1
 10
0.0000
 20
0.0000
 30
0.0000
 40
0.0508
 41
0.0508
 70
0
  0
VERTEX
  8
27
 10
75.0570
 20
11.9775
 30
0.0000
 42
1.0000
  0
VERTEX
  8
27
 10
75.0570
 20
12.0283
 30
0.0000
  0
SEQEND
  8
0
  0
POLYLINE
  8
27
 66
1
 10
0.0000
 20
0.0000
 30
0.0000
 40
0.0508
 41
0.0508
 70
0
  0
VERTEX
  8
27
 10
74.6239
 20
11.9284
 30
0.0000
 42
1.0000
  0
VERTEX
  8
27
 10
74.6462
 20
11.8827
 30
0.0000
  0
SEQEND
  8
0
  0
POLYLINE
  8
27
 66
1
 10
0.0000
 20
0.0000
 30
0.0000
 40
0.1016
 41
0.1016
 70
0
  0
VERTEX
  8
27
 10
75.0570
 20
11.3538
 30
0.0000
 42
0.1139
  0
VERTEX
  8
27
 10
75.4789
 20
11.4512
 30
0.0000
  0
SEQEND
  8
0
  0
POLYLINE
  8
27
 66
1
 10
0.0000
 20
0.0000
 30
0.0000
 40
0.0508
 41
0.0508
 70
0
  0
VERTEX
  8
27
 10
75.0570
 20
11.3792
 30
0.0000
 42
1.0000
  0
VERTEX
  8
27
 10
75.0570
 20
11.3284
 30
0.0000
  0
SEQEND
  8
0
  0
POLYLINE
  8
27
 66
1
 10
0.0000
 20
0.0000
 30
0.0000
 40
0.0508
 41
0.0508
 70
0
  0
VERTEX
  8
27
 10
75.4901
 20
11.4283
 30
0.0000
 42
1.0000
  0
VERTEX
  8
27
 10
75.4678
 20
11.4740
 30
0.0000
  0
SEQEND
  8
0
  0
POLYLINE
  8
27
 66
1
 10
0.0000
 20
0.0000
 30
0.0000
 40
0.1016
 41
0.1016
 70
0
  0
VERTEX
  8
27
 10
75.4789
 20
11.4512
 30
0.0000
 42
0.3205
  0
VERTEX
  8
27
 10
75.6412
 20
11.6783
 30
0.0000
  0
SEQEND
  8
0
  0
POLYLINE
  8
27
 66
1
 10
0.0000
 20
0.0000
 30
0.0000
 40
0.0508
 41
0.0508
 70
0
  0
VERTEX
  8
27
 10
75.4707
 20
11.4752
 30
0.0000
 42
1.0000
  0
VERTEX
  8
27
 10
75.4872
 20
11.4271
 30
0.0000
  0
SEQEND
  8
0
  0
POLYLINE
  8
27
 66
1
 10
0.0000
 20
0.0000
 30
0.0000
 40
0.0508
 41
0.0508
 70
0
  0
VERTEX
  8
27
 10
75.6666
 20
11.6783
 30
0.0000
 42
1.0000
  0
VERTEX
  8
27
 10
75.6158
 20
11.6783
 30
0.0000
  0
SEQEND
  8
0
  0
POLYLINE
  8
27
 66
1
 10
0.0000
 20
0.0000
 30
0.0000
 40
0.1016
 41
0.1016
 70
0
  0
VERTEX
  8
27
 10
75.4789
 20
11.9055
 30
0.0000
 42
0.1139
  0
VERTEX
  8
27
 10
75.0570
 20
12.0029
 30
0.0000
  0
SEQEND
  8
0
  0
POLYLINE
  8
27
 66
1
 10
0.0000
 20
0.0000
 30
0.0000
 40
0.0508
 41
0.0508
 70
0
  0
VERTEX
  8
27
 10
75.4678
 20
11.8827
 30
0.0000
 42
1.0000
  0
VERTEX
  8
27
 10
75.4901
 20
11.9284
 30
0.0000
  0
SEQEND
  8
0
  0
POLYLINE
  8
27
 66
1
 10
0.0000
 20
0.0000
 30
0.0000
 40
0.0508
 41
0.0508
 70
0
  0
VERTEX
  8
27
 10
75.0570
 20
12.0283
 30
0.0000
 42
1.0000
  0
VERTEX
  8
27
 10
75.0570
 20
11.9775
 30
0.0000
  0
SEQEND
  8
0
  0
POLYLINE
  8
27
 66
1
 10
0.0000
 20
0.0000
 30
0.0000
 40
0.1016
 41
0.1016
 70
0
  0
VERTEX
  8
27
 10
75.6412
 20
11.6783
 30
0.0000
 42
0.3205
  0
VERTEX
  8
27
 10
75.4789
 20
11.9055
 30
0.0000
  0
SEQEND
  8
0
  0
POLYLINE
  8
27
 66
1
 10
0.0000
 20
0.0000
 30
0.0000
 40
0.0508
 41
0.0508
 70
0
  0
VERTEX
  8
27
 10
75.6158
 20
11.6783
 30
0.0000
 42
1.0000
  0
VERTEX
  8
27
 10
75.6666
 20
11.6783
 30
0.0000
  0
SEQEND
  8
0
  0
POLYLINE
  8
27
 66
1
 10
0.0000
 20
0.0000
 30
0.0000
 40
0.0508
 41
0.0508
 70
0
  0
VERTEX
  8
27
 10
75.4872
 20
11.9296
 30
0.0000
 42
1.0000
  0
VERTEX
  8
27
 10
75.4707
 20
11.8815
 30
0.0000
  0
SEQEND
  8
0
  0
POLYLINE
  8
27
 66
1
 10
0.0000
 20
0.0000
 30
0.0000
 40
0.1016
 41
0.1016
 70
0
  0
VERTEX
  8
27
 10
75.3816
 20
11.4187
 30
0.0000
  0
VERTEX
  8
27
 10
74.7324
 20
11.9380
 30
0.0000
  0
SEQEND
  8
0
  0
POLYLINE
  8
27
 66
1
 10
0.0000
 20
0.0000
 30
0.0000
 40
0.0508
 41
0.0508
 70
0
  0
VERTEX
  8
27
 10
74.7483
 20
11.9578
 30
0.0000
 42
1.0000
  0
VERTEX
  8
27
 10
74.7166
 20
11.9182
 30
0.0000
  0
SEQEND
  8
0
  0
POLYLINE
  8
27
 66
1
 10
0.0000
 20
0.0000
 30
0.0000
 40
0.0508
 41
0.0508
 70
0
  0
VERTEX
  8
27
 10
75.3657
 20
11.3989
 30
0.0000
 42
1.0000
  0
VERTEX
  8
27
 10
75.3974
 20
11.4385
 30
0.0000
  0
SEQEND
  8
0
  0
POLYLINE
  8
27
 66
1
 10
0.0000
 20
0.0000
 30
0.0000
 40
0.1016
 41
0.1016
 70
0
  0
VERTEX
  8
27
 10
75.6412
 20
12.5236
 30
0.0000
  0
VERTEX
  8
27
 10
74.8623
 20
12.5236
 30
0.0000
  0
SEQEND
  8
0
  0
POLYLINE
  8
27
 66
1
 10
0.0000
 20
0.0000
 30
0.0000
 40
0.0508
 41
0.0508
 70
0
  0
VERTEX
  8
27
 10
74.8623
 20
12.5490
 30
0.0000
 42
1.0000
  0
VERTEX
  8
27
 10
74.8623
 20
12.4982
 30
0.0000
  0
SEQEND
  8
0
  0
POLYLINE
  8
27
 66
1
 10
0.0000
 20
0.0000
 30
0.0000
 40
0.0508
 41
0.0508
 70
0
  0
VERTEX
  8
27
 10
75.6412
 20
12.4982
 30
0.0000
 42
1.0000
  0
VERTEX
  8
27
 10
75.6412
 20
12.5490
 30
0.0000
  0
SEQEND
  8
0
  0
POLYLINE
  8
27
 66
1
 10
0.0000
 20
0.0000
 30
0.0000
 40
0.1016
 41
0.1016
 70
0
  0
VERTEX
  8
27
 10
74.8623
 20
12.5236
 30
0.0000
  0
VERTEX
  8
27
 10
74.8623
 20
12.8482
 30
0.0000
  0
SEQEND
  8
0
  0
POLYLINE
  8
27
 66
1
 10
0.0000
 20
0.0000
 30
0.0000
 40
0.0508
 41
0.0508
 70
0
  0
VERTEX
  8
27
 10
74.8877
 20
12.8482
 30
0.0000
 42
1.0000
  0
VERTEX
  8
27
 10
74.8369
 20
12.8482
 30
0.0000
  0
SEQEND
  8
0
  0
POLYLINE
  8
27
 66
1
 10
0.0000
 20
0.0000
 30
0.0000
 40
0.0508
 41
0.0508
 70
0
  0
VERTEX
  8
27
 10
74.8369
 20
12.5236
 30
0.0000
 42
1.0000
  0
VERTEX
  8
27
 10
74.8877
 20
12.5236
 30
0.0000
  0
SEQEND
  8
0
  0
POLYLINE
  8
27
 66
1
 10
0.0000
 20
0.0000
 30
0.0000
 40
0.1016
 41
0.1016
 70
0
  0
VERTEX
  8
27
 10
75.0570
 20
13.0429
 30
0.0000
 42
0.4142
  0
VERTEX
  8
27
 10
74.8623
 20
12.8482
 30
0.0000
  0
SEQEND
  8
0
  0
POLYLINE
  8
27
 66
1
 10
0.0000
 20
0.0000
 30
0.0000
 40
0.0508
 41
0.0508
 70
0
  0
VERTEX
  8
27
 10
75.0570
 20
13.0175
 30
0.0000
 42
1.0000
  0
VERTEX
  8
27
 10
75.0570
 20
13.0683
 30
0.0000
  0
SEQEND
  8
0
  0
POLYLINE
  8
27
 66
1
 10
0.0000
 20
0.0000
 30
0.0000
 40
0.0508
 41
0.0508
 70
0
  0
VERTEX
  8
27
 10
74.8369
 20
12.8482
 30
0.0000
 42
1.0000
  0
VERTEX
  8
27
 10
74.8877
 20
12.8482
 30
0.0000
  0
SEQEND
  8
0
  0
POLYLINE
  8
27
 66
1
 10
0.0000
 20
0.0000
 30
0.0000
 40
0.1016
 41
0.1016
 70
0
  0
VERTEX
  8
27
 10
75.0570
 20
13.0429
 30
0.0000
  0
VERTEX
  8
27
 10
75.6412
 20
13.0429
 30
0.0000
  0
SEQEND
  8
0
  0
POLYLINE
  8
27
 66
1
 10
0.0000
 20
0.0000
 30
0.0000
 40
0.0508
 41
0.0508
 70
0
  0
VERTEX
  8
27
 10
75.6412
 20
13.0175
 30
0.0000
 42
1.0000
  0
VERTEX
  8
27
 10
75.6412
 20
13.0683
 30
0.0000
  0
SEQEND
  8
0
  0
POLYLINE
  8
27
 66
1
 10
0.0000
 20
0.0000
 30
0.0000
 40
0.0508
 41
0.0508
 70
0
  0
VERTEX
  8
27
 10
75.0570
 20
13.0683
 30
0.0000
 42
1.0000
  0
VERTEX
  8
27
 10
75.0570
 20
13.0175
 30
0.0000
  0
SEQEND
  8
0
  0
POLYLINE
  8
27
 66
1
 10
0.0000
 20
0.0000
 30
0.0000
 40
0.1016
 41
0.1016
 70
0
  0
VERTEX
  8
27
 10
75.6412
 20
13.6040
 30
0.0000
  0
VERTEX
  8
27
 10
74.4728
 20
13.6040
 30
0.0000
  0
SEQEND
  8
0
  0
POLYLINE
  8
27
 66
1
 10
0.0000
 20
0.0000
 30
0.0000
 40
0.0508
 41
0.0508
 70
0
  0
VERTEX
  8
27
 10
74.4728
 20
13.6294
 30
0.0000
 42
1.0000
  0
VERTEX
  8
27
 10
74.4728
 20
13.5786
 30
0.0000
  0
SEQEND
  8
0
  0
POLYLINE
  8
27
 66
1
 10
0.0000
 20
0.0000
 30
0.0000
 40
0.0508
 41
0.0508
 70
0
  0
VERTEX
  8
27
 10
75.6412
 20
13.5786
 30
0.0000
 42
1.0000
  0
VERTEX
  8
27
 10
75.6412
 20
13.6294
 30
0.0000
  0
SEQEND
  8
0
  0
POLYLINE
  8
27
 66
1
 10
0.0000
 20
0.0000
 30
0.0000
 40
0.1016
 41
0.1016
 70
0
  0
VERTEX
  8
27
 10
74.4728
 20
13.6040
 30
0.0000
  0
VERTEX
  8
27
 10
74.4728
 20
14.1232
 30
0.0000
  0
SEQEND
  8
0
  0
POLYLINE
  8
27
 66
1
 10
0.0000
 20
0.0000
 30
0.0000
 40
0.0508
 41
0.0508
 70
0
  0
VERTEX
  8
27
 10
74.4982
 20
14.1232
 30
0.0000
 42
1.0000
  0
VERTEX
  8
27
 10
74.4474
 20
14.1232
 30
0.0000
  0
SEQEND
  8
0
  0
POLYLINE
  8
27
 66
1
 10
0.0000
 20
0.0000
 30
0.0000
 40
0.0508
 41
0.0508
 70
0
  0
VERTEX
  8
27
 10
74.4474
 20
13.6040
 30
0.0000
 42
1.0000
  0
VERTEX
  8
27
 10
74.4982
 20
13.6040
 30
0.0000
  0
SEQEND
  8
0
  0
POLYLINE
  8
27
 66
1
 10
0.0000
 20
0.0000
 30
0.0000
 40
0.1016
 41
0.1016
 70
0
  0
VERTEX
  8
27
 10
74.9921
 20
13.6040
 30
0.0000
  0
VERTEX
  8
27
 10
74.9921
 20
14.1232
 30
0.0000
  0
SEQEND
  8
0
  0
POLYLINE
  8
27
 66
1
 10
0.0000
 20
0.0000
 30
0.0000
 40
0.0508
 41
0.0508
 70
0
  0
VERTEX
  8
27
 10
75.0175
 20
14.1232
 30
0.0000
 42
1.0000
  0
VERTEX
  8
27
 10
74.9667
 20
14.1232
 30
0.0000
  0
SEQEND
  8
0
  0
POLYLINE
  8
27
 66
1
 10
0.0000
 20
0.0000
 30
0.0000
 40
0.0508
 41
0.0508
 70
0
  0
VERTEX
  8
27
 10
74.9667
 20
13.6040
 30
0.0000
 42
1.0000
  0
VERTEX
  8
27
 10
75.0175
 20
13.6040
 30
0.0000
  0
SEQEND
  8
0
  0
POINT
  8
23
 10
68.0720
 20
12.7000
 30
0.0000
  0
POLYLINE
  8
51
 66
1
 10
0.0000
 20
0.0000
 30
0.0000
 40
0.2540
 41
0.2540
 70
0
  0
VERTEX
  8
51
 10
66.9720
 20
13.4000
 30
0.0000
  0
VERTEX
  8
51
 10
69.1720
 20
13.4000
 30
0.0000
  0
SEQEND
  8
0
  0
POLYLINE
  8
51
 66
1
 10
0.0000
 20
0.0000
 30
0.0000
 40
0.1270
 41
0.1270
 70
0
  0
VERTEX
  8
51
 10
69.1720
 20
13.3365
 30
0.0000
 42
1.0000
  0
VERTEX
  8
51
 10
69.1720
 20
13.4635
 30
0.0000
  0
SEQEND
  8
0
  0
POLYLINE
  8
51
 66
1
 10
0.0000
 20
0.0000
 30
0.0000
 40
0.1270
 41
0.1270
 70
0
  0
VERTEX
  8
51
 10
66.9720
 20
13.4635
 30
0.0000
 42
1.0000
  0
VERTEX
  8
51
 10
66.9720
 20
13.3365
 30
0.0000
  0
SEQEND
  8
0
  0
POLYLINE
  8
51
 66
1
 10
0.0000
 20
0.0000
 30
0.0000
 40
0.2540
 41
0.2540
 70
0
  0
VERTEX
  8
51
 10
69.1720
 20
13.4000
 30
0.0000
  0
VERTEX
  8
51
 10
69.1720
 20
12.0000
 30
0.0000
  0
SEQEND
  8
0
  0
POLYLINE
  8
51
 66
1
 10
0.0000
 20
0.0000
 30
0.0000
 40
0.1270
 41
0.1270
 70
0
  0
VERTEX
  8
51
 10
69.1085
 20
12.0000
 30
0.0000
 42
1.0000
  0
VERTEX
  8
51
 10
69.2355
 20
12.0000
 30
0.0000
  0
SEQEND
  8
0
  0
POLYLINE
  8
51
 66
1
 10
0.0000
 20
0.0000
 30
0.0000
 40
0.1270
 41
0.1270
 70
0
  0
VERTEX
  8
51
 10
69.2355
 20
13.4000
 30
0.0000
 42
1.0000
  0
VERTEX
  8
51
 10
69.1085
 20
13.4000
 30
0.0000
  0
SEQEND
  8
0
  0
POLYLINE
  8
51
 66
1
 10
0.0000
 20
0.0000
 30
0.0000
 40
0.2540
 41
0.2540
 70
0
  0
VERTEX
  8
51
 10
69.1720
 20
12.0000
 30
0.0000
  0
VERTEX
  8
51
 10
66.9720
 20
12.0000
 30
0.0000
  0
SEQEND
  8
0
  0
POLYLINE
  8
51
 66
1
 10
0.0000
 20
0.0000
 30
0.0000
 40
0.1270
 41
0.1270
 70
0
  0
VERTEX
  8
51
 10
66.9720
 20
12.0635
 30
0.0000
 42
1.0000
  0
VERTEX
  8
51
 10
66.9720
 20
11.9365
 30
0.0000
  0
SEQEND
  8
0
  0
POLYLINE
  8
51
 66
1
 10
0.0000
 20
0.0000
 30
0.0000
 40
0.1270
 41
0.1270
 70
0
  0
VERTEX
  8
51
 10
69.1720
 20
11.9365
 30
0.0000
 42
1.0000
  0
VERTEX
  8
51
 10
69.1720
 20
12.0635
 30
0.0000
  0
SEQEND
  8
0
  0
POLYLINE
  8
51
 66
1
 10
0.0000
 20
0.0000
 30
0.0000
 40
0.2540
 41
0.2540
 70
0
  0
VERTEX
  8
51
 10
66.9720
 20
12.0000
 30
0.0000
  0
VERTEX
  8
51
 10
66.9720
 20
13.4000
 30
0.0000
  0
SEQEND
  8
0
  0
POLYLINE
  8
51
 66
1
 10
0.0000
 20
0.0000
 30
0.0000
 40
0.1270
 41
0.1270
 70
0
  0
VERTEX
  8
51
 10
67.0355
 20
13.4000
 30
0.0000
 42
1.0000
  0
VERTEX
  8
51
 10
66.9085
 20
13.4000
 30
0.0000
  0
SEQEND
  8
0
  0
POLYLINE
  8
51
 66
1
 10
0.0000
 20
0.0000
 30
0.0000
 40
0.1270
 41
0.1270
 70
0
  0
VERTEX
  8
51
 10
66.9085
 20
12.0000
 30
0.0000
 42
1.0000
  0
VERTEX
  8
51
 10
67.0355
 20
12.0000
 30
0.0000
  0
SEQEND
  8
0
  0
INSERT
  8
51
  2
RECT
 10
66.4970
 20
12.6750
 30
0.0000
 41
0.7500
 42
0.8500
 43
1.0000
 50
0.0000
  0
INSERT
  8
51
  2
RECT
 10
69.6470
 20
12.6750
 30
0.0000
 41
0.7500
 42
0.8500
 43
1.0000
 50
0.0000
  0
INSERT
  8
51
  2
RECT
 10
67.4720
 20
12.7250
 30
0.0000
 41
0.9000
 42
1.3500
 43
1.0000
 50
0.0000
  0
INSERT
  8
1
  2
RECT
 10
69.9720
 20
12.7000
 30
0.0000
 41
1.4000
 42
1.4000
 43
1.0000
 50
0.0000
  0
INSERT
  8
1
  2
RECT
 10
66.1720
 20
12.7000
 30
0.0000
 41
1.4000
 42
1.4000
 43
1.0000
 50
0.0000
  0
POLYLINE
  8
25
 66
1
 10
0.0000
 20
0.0000
 30
0.0000
 40
0.1016
 41
0.1016
 70
0
  0
VERTEX
  8
25
 10
67.0228
 20
13.7508
 30
0.0000
  0
VERTEX
  8
25
 10
67.0228
 20
14.9192
 30
0.0000
  0
SEQEND
  8
0
  0
POLYLINE
  8
25
 66
1
 10
0.0000
 20
0.0000
 30
0.0000
 40
0.0508
 41
0.0508
 70
0
  0
VERTEX
  8
25
 10
67.0482
 20
14.9192
 30
0.0000
 42
1.0000
  0
VERTEX
  8
25
 10
66.9974
 20
14.9192
 30
0.0000
  0
SEQEND
  8
0
  0
POLYLINE
  8
25
 66
1
 10
0.0000
 20
0.0000
 30
0.0000
 40
0.0508
 41
0.0508
 70
0
  0
VERTEX
  8
25
 10
66.9974
 20
13.7508
 30
0.0000
 42
1.0000
  0
VERTEX
  8
25
 10
67.0482
 20
13.7508
 30
0.0000
  0
SEQEND
  8
0
  0
POLYLINE
  8
25
 66
1
 10
0.0000
 20
0.0000
 30
0.0000
 40
0.1016
 41
0.1016
 70
0
  0
VERTEX
  8
25
 10
67.0228
 20
14.9192
 30
0.0000
  0
VERTEX
  8
25
 10
67.3474
 20
14.9192
 30
0.0000
  0
SEQEND
  8
0
  0
POLYLINE
  8
25
 66
1
 10
0.0000
 20
0.0000
 30
0.0000
 40
0.0508
 41
0.0508
 70
0
  0
VERTEX
  8
25
 10
67.3474
 20
14.8938
 30
0.0000
 42
1.0000
  0
VERTEX
  8
25
 10
67.3474
 20
14.9446
 30
0.0000
  0
SEQEND
  8
0
  0
POLYLINE
  8
25
 66
1
 10
0.0000
 20
0.0000
 30
0.0000
 40
0.0508
 41
0.0508
 70
0
  0
VERTEX
  8
25
 10
67.0228
 20
14.9446
 30
0.0000
 42
1.0000
  0
VERTEX
  8
25
 10
67.0228
 20
14.8938
 30
0.0000
  0
SEQEND
  8
0
  0
POLYLINE
  8
25
 66
1
 10
0.0000
 20
0.0000
 30
0.0000
 40
0.1016
 41
0.1016
 70
0
  0
VERTEX
  8
25
 10
67.6719
 20
14.5946
 30
0.0000
 42
0.4142
  0
VERTEX
  8
25
 10
67.3474
 20
14.9192
 30
0.0000
  0
SEQEND
  8
0
  0
POLYLINE
  8
25
 66
1
 10
0.0000
 20
0.0000
 30
0.0000
 40
0.0508
 41
0.0508
 70
0
  0
VERTEX
  8
25
 10
67.6465
 20
14.5946
 30
0.0000
 42
1.0000
  0
VERTEX
  8
25
 10
67.6973
 20
14.5946
 30
0.0000
  0
SEQEND
  8
0
  0
POLYLINE
  8
25
 66
1
 10
0.0000
 20
0.0000
 30
0.0000
 40
0.0508
 41
0.0508
 70
0
  0
VERTEX
  8
25
 10
67.3474
 20
14.9446
 30
0.0000
 42
1.0000
  0
VERTEX
  8
25
 10
67.3474
 20
14.8938
 30
0.0000
  0
SEQEND
  8
0
  0
POLYLINE
  8
25
 66
1
 10
0.0000
 20
0.0000
 30
0.0000
 40
0.1016
 41
0.1016
 70
0
  0
VERTEX
  8
25
 10
67.6719
 20
14.5946
 30
0.0000
  0
VERTEX
  8
25
 10
67.6719
 20
14.0754
 30
0.0000
  0
SEQEND
  8
0
  0
POLYLINE
  8
25
 66
1
 10
0.0000
 20
0.0000
 30
0.0000
 40
0.0508
 41
0.0508
 70
0
  0
VERTEX
  8
25
 10
67.6465
 20
14.0754
 30
0.0000
 42
1.0000
  0
VERTEX
  8
25
 10
67.6973
 20
14.0754
 30
0.0000
  0
SEQEND
  8
0
  0
POLYLINE
  8
25
 66
1
 10
0.0000
 20
0.0000
 30
0.0000
 40
0.0508
 41
0.0508
 70
0
  0
VERTEX
  8
25
 10
67.6973
 20
14.5946
 30
0.0000
 42
1.0000
  0
VERTEX
  8
25
 10
67.6465
 20
14.5946
 30
0.0000
  0
SEQEND
  8
0
  0
POLYLINE
  8
25
 66
1
 10
0.0000
 20
0.0000
 30
0.0000
 40
0.1016
 41
0.1016
 70
0
  0
VERTEX
  8
25
 10
67.3474
 20
13.7508
 30
0.0000
 42
0.4142
  0
VERTEX
  8
25
 10
67.6719
 20
14.0754
 30
0.0000
  0
SEQEND
  8
0
  0
POLYLINE
  8
25
 66
1
 10
0.0000
 20
0.0000
 30
0.0000
 40
0.0508
 41
0.0508
 70
0
  0
VERTEX
  8
25
 10
67.3474
 20
13.7762
 30
0.0000
 42
1.0000
  0
VERTEX
  8
25
 10
67.3474
 20
13.7254
 30
0.0000
  0
SEQEND
  8
0
  0
POLYLINE
  8
25
 66
1
 10
0.0000
 20
0.0000
 30
0.0000
 40
0.0508
 41
0.0508
 70
0
  0
VERTEX
  8
25
 10
67.6973
 20
14.0754
 30
0.0000
 42
1.0000
  0
VERTEX
  8
25
 10
67.6465
 20
14.0754
 30
0.0000
  0
SEQEND
  8
0
  0
POLYLINE
  8
25
 66
1
 10
0.0000
 20
0.0000
 30
0.0000
 40
0.1016
 41
0.1016
 70
0
  0
VERTEX
  8
25
 10
67.3474
 20
13.7508
 30
0.0000
  0
VERTEX
  8
25
 10
67.0228
 20
13.7508
 30
0.0000
  0
SEQEND
  8
0
  0
POLYLINE
  8
25
 66
1
 10
0.0000
 20
0.0000
 30
0.0000
 40
0.0508
 41
0.0508
 70
0
  0
VERTEX
  8
25
 10
67.0228
 20
13.7762
 30
0.0000
 42
1.0000
  0
VERTEX
  8
25
 10
67.0228
 20
13.7254
 30
0.0000
  0
SEQEND
  8
0
  0
POLYLINE
  8
25
 66
1
 10
0.0000
 20
0.0000
 30
0.0000
 40
0.0508
 41
0.0508
 70
0
  0
VERTEX
  8
25
 10
67.3474
 20
13.7254
 30
0.0000
 42
1.0000
  0
VERTEX
  8
25
 10
67.3474
 20
13.7762
 30
0.0000
  0
SEQEND
  8
0
  0
POLYLINE
  8
25
 66
1
 10
0.0000
 20
0.0000
 30
0.0000
 40
0.1016
 41
0.1016
 70
0
  0
VERTEX
  8
25
 10
68.2039
 20
14.6596
 30
0.0000
  0
VERTEX
  8
25
 10
68.5285
 20
14.9192
 30
0.0000
  0
SEQEND
  8
0
  0
POLYLINE
  8
25
 66
1
 10
0.0000
 20
0.0000
 30
0.0000
 40
0.0508
 41
0.0508
 70
0
  0
VERTEX
  8
25
 10
68.5443
 20
14.8994
 30
0.0000
 42
1.0000
  0
VERTEX
  8
25
 10
68.5126
 20
14.9390
 30
0.0000
  0
SEQEND
  8
0
  0
POLYLINE
  8
25
 66
1
 10
0.0000
 20
0.0000
 30
0.0000
 40
0.0508
 41
0.0508
 70
0
  0
VERTEX
  8
25
 10
68.1880
 20
14.6794
 30
0.0000
 42
1.0000
  0
VERTEX
  8
25
 10
68.2198
 20
14.6397
 30
0.0000
  0
SEQEND
  8
0
  0
POLYLINE
  8
25
 66
1
 10
0.0000
 20
0.0000
 30
0.0000
 40
0.1016
 41
0.1016
 70
0
  0
VERTEX
  8
25
 10
68.5285
 20
14.9192
 30
0.0000
  0
VERTEX
  8
25
 10
68.5285
 20
13.7508
 30
0.0000
  0
SEQEND
  8
0
  0
POLYLINE
  8
25
 66
1
 10
0.0000
 20
0.0000
 30
0.0000
 40
0.0508
 41
0.0508
 70
0
  0
VERTEX
  8
25
 10
68.5031
 20
13.7508
 30
0.0000
 42
1.0000
  0
VERTEX
  8
25
 10
68.5539
 20
13.7508
 30
0.0000
  0
SEQEND
  8
0
  0
POLYLINE
  8
25
 66
1
 10
0.0000
 20
0.0000
 30
0.0000
 40
0.0508
 41
0.0508
 70
0
  0
VERTEX
  8
25
 10
68.5539
 20
14.9192
 30
0.0000
 42
1.0000
  0
VERTEX
  8
25
 10
68.5031
 20
14.9192
 30
0.0000
  0
SEQEND
  8
0
  0
POLYLINE
  8
25
 66
1
 10
0.0000
 20
0.0000
 30
0.0000
 40
0.1016
 41
0.1016
 70
0
  0
VERTEX
  8
25
 10
68.2039
 20
13.7508
 30
0.0000
  0
VERTEX
  8
25
 10
68.8530
 20
13.7508
 30
0.0000
  0
SEQEND
  8
0
  0
POLYLINE
  8
25
 66
1
 10
0.0000
 20
0.0000
 30
0.0000
 40
0.0508
 41
0.0508
 70
0
  0
VERTEX
  8
25
 10
68.8530
 20
13.7254
 30
0.0000
 42
1.0000
  0
VERTEX
  8
25
 10
68.8530
 20
13.7762
 30
0.0000
  0
SEQEND
  8
0
  0
POLYLINE
  8
25
 66
1
 10
0.0000
 20
0.0000
 30
0.0000
 40
0.0508
 41
0.0508
 70
0
  0
VERTEX
  8
25
 10
68.2039
 20
13.7762
 30
0.0000
 42
1.0000
  0
VERTEX
  8
25
 10
68.2039
 20
13.7254
 30
0.0000
  0
SEQEND
  8
0
  0
POINT
  8
23
 10
9.3980
 20
11.5570
 30
0.0000
  0
POLYLINE
  8
51
 66
1
 10
0.0000
 20
0.0000
 30
0.0000
 40
0.2540
 41
0.2540
 70
0
  0
VERTEX
  8
51
 10
10.4980
 20
10.8570
 30
0.0000
  0
VERTEX
  8
51
 10
8.2980
 20
10.8570
 30
0.0000
  0
SEQEND
  8
0
  0
POLYLINE
  8
51
 66
1
 10
0.0000
 20
0.0000
 30
0.0000
 40
0.1270
 41
0.1270
 70
0
  0
VERTEX
  8
51
 10
8.2980
 20
10.9205
 30
0.0000
 42
1.0000
  0
VERTEX
  8
51
 10
8.2980
 20
10.7935
 30
0.0000
  0
SEQEND
  8
0
  0
POLYLINE
  8
51
 66
1
 10
0.0000
 20
0.0000
 30
0.0000
 40
0.1270
 41
0.1270
 70
0
  0
VERTEX
  8
51
 10
10.4980
 20
10.7935
 30
0.0000
 42
1.0000
  0
VERTEX
  8
51
 10
10.4980
 20
10.9205
 30
0.0000
  0
SEQEND
  8
0
  0
POLYLINE
  8
51
 66
1
 10
0.0000
 20
0.0000
 30
0.0000
 40
0.2540
 41
0.2540
 70
0
  0
VERTEX
  8
51
 10
8.2980
 20
10.8570
 30
0.0000
  0
VERTEX
  8
51
 10
8.2980
 20
12.2570
 30
0.0000
  0
SEQEND
  8
0
  0
POLYLINE
  8
51
 66
1
 10
0.0000
 20
0.0000
 30
0.0000
 40
0.1270
 41
0.1270
 70
0
  0
VERTEX
  8
51
 10
8.3615
 20
12.2570
 30
0.0000
 42
1.0000
  0
VERTEX
  8
51
 10
8.2345
 20
12.2570
 30
0.0000
  0
SEQEND
  8
0
  0
POLYLINE
  8
51
 66
1
 10
0.0000
 20
0.0000
 30
0.0000
 40
0.1270
 41
0.1270
 70
0
  0
VERTEX
  8
51
 10
8.2345
 20
10.8570
 30
0.0000
 42
1.0000
  0
VERTEX
  8
51
 10
8.3615
 20
10.8570
 30
0.0000
  0
SEQEND
  8
0
  0
POLYLINE
  8
51
 66
1
 10
0.0000
 20
0.0000
 30
0.0000
 40
0.2540
 41
0.2540
 70
0
  0
VERTEX
  8
51
 10
8.2980
 20
12.2570
 30
0.0000
  0
VERTEX
  8
51
 10
10.4980
 20
12.2570
 30
0.0000
  0
SEQEND
  8
0
  0
POLYLINE
  8
51
 66
1
 10
0.0000
 20
0.0000
 30
0.0000
 40
0.1270
 41
0.1270
 70
0
  0
VERTEX
  8
51
 10
10.4980
 20
12.1935
 30
0.0000
 42
1.0000
  0
VERTEX
  8
51
 10
10.4980
 20
12.3205
 30
0.0000
  0
SEQEND
  8
0
  0
POLYLINE
  8
51
 66
1
 10
0.0000
 20
0.0000
 30
0.0000
 40
0.1270
 41
0.1270
 70
0
  0
VERTEX
  8
51
 10
8.2980
 20
12.3205
 30
0.0000
 42
1.0000
  0
VERTEX
  8
51
 10
8.2980
 20
12.1935
 30
0.0000
  0
SEQEND
  8
0
  0
POLYLINE
  8
51
 66
1
 10
0.0000
 20
0.0000
 30
0.0000
 40
0.2540
 41
0.2540
 70
0
  0
VERTEX
  8
51
 10
10.4980
 20
12.2570
 30
0.0000
  0
VERTEX
  8
51
 10
10.4980
 20
10.8570
 30
0.0000
  0
SEQEND
  8
0
  0
POLYLINE
  8
51
 66
1
 10
0.0000
 20
0.0000
 30
0.0000
 40
0.1270
 41
0.1270
 70
0
  0
VERTEX
  8
51
 10
10.4345
 20
10.8570
 30
0.0000
 42
1.0000
  0
VERTEX
  8
51
 10
10.5615
 20
10.8570
 30
0.0000
  0
SEQEND
  8
0
  0
POLYLINE
  8
51
 66
1
 10
0.0000
 20
0.0000
 30
0.0000
 40
0.1270
 41
0.1270
 70
0
  0
VERTEX
  8
51
 10
10.5615
 20
12.2570
 30
0.0000
 42
1.0000
  0
VERTEX
  8
51
 10
10.4345
 20
12.2570
 30
0.0000
  0
SEQEND
  8
0
  0
INSERT
  8
51
  2
RECT
 10
10.9730
 20
11.5820
 30
0.0000
 41
0.7500
 42
0.8500
 43
1.0000
 50
180.0000
  0
INSERT
  8
51
  2
RECT
 10
7.8230
 20
11.5820
 30
0.0000
 41
0.7500
 42
0.8500
 43
1.0000
 50
180.0000
  0
INSERT
  8
51
  2
RECT
 10
9.9980
 20
11.5320
 30
0.0000
 41
0.9000
 42
1.3500
 43
1.0000
 50
180.0000
  0
INSERT
  8
1
  2
RECT
 10
7.4980
 20
11.5570
 30
0.0000
 41
1.4000
 42
1.4000
 43
1.0000
 50
180.0000
  0
INSERT
  8
1
  2
RECT
 10
11.2980
 20
11.5570
 30
0.0000
 41
1.4000
 42
1.4000
 43
1.0000
 50
180.0000
  0
POLYLINE
  8
25
 66
1
 10
0.0000
 20
0.0000
 30
0.0000
 40
0.1016
 41
0.1016
 70
0
  0
VERTEX
  8
25
 10
8.6170
 20
13.1478
 30
0.0000
  0
VERTEX
  8
25
 10
8.6170
 20
14.3162
 30
0.0000
  0
SEQEND
  8
0
  0
POLYLINE
  8
25
 66
1
 10
0.0000
 20
0.0000
 30
0.0000
 40
0.0508
 41
0.0508
 70
0
  0
VERTEX
  8
25
 10
8.6424
 20
14.3162
 30
0.0000
 42
1.0000
  0
VERTEX
  8
25
 10
8.5916
 20
14.3162
 30
0.0000
  0
SEQEND
  8
0
  0
POLYLINE
  8
25
 66
1
 10
0.0000
 20
0.0000
 30
0.0000
 40
0.0508
 41
0.0508
 70
0
  0
VERTEX
  8
25
 10
8.5916
 20
13.1478
 30
0.0000
 42
1.0000
  0
VERTEX
  8
25
 10
8.6424
 20
13.1478
 30
0.0000
  0
SEQEND
  8
0
  0
POLYLINE
  8
25
 66
1
 10
0.0000
 20
0.0000
 30
0.0000
 40
0.1016
 41
0.1016
 70
0
  0
VERTEX
  8
25
 10
8.6170
 20
14.3162
 30
0.0000
  0
VERTEX
  8
25
 10
8.9415
 20
14.3162
 30
0.0000
  0
SEQEND
  8
0
  0
POLYLINE
  8
25
 66
1
 10
0.0000
 20
0.0000
 30
0.0000
 40
0.0508
 41
0.0508
 70
0
  0
VERTEX
  8
25
 10
8.9415
 20
14.2908
 30
0.0000
 42
1.0000
  0
VERTEX
  8
25
 10
8.9415
 20
14.3416
 30
0.0000
  0
SEQEND
  8
0
  0
POLYLINE
  8
25
 66
1
 10
0.0000
 20
0.0000
 30
0.0000
 40
0.0508
 41
0.0508
 70
0
  0
VERTEX
  8
25
 10
8.6170
 20
14.3416
 30
0.0000
 42
1.0000
  0
VERTEX
  8
25
 10
8.6170
 20
14.2908
 30
0.0000
  0
SEQEND
  8
0
  0
POLYLINE
  8
25
 66
1
 10
0.0000
 20
0.0000
 30
0.0000
 40
0.1016
 41
0.1016
 70
0
  0
VERTEX
  8
25
 10
9.2661
 20
13.9916
 30
0.0000
 42
0.4142
  0
VERTEX
  8
25
 10
8.9415
 20
14.3162
 30
0.0000
  0
SEQEND
  8
0
  0
POLYLINE
  8
25
 66
1
 10
0.0000
 20
0.0000
 30
0.0000
 40
0.0508
 41
0.0508
 70
0
  0
VERTEX
  8
25
 10
9.2407
 20
13.9916
 30
0.0000
 42
1.0000
  0
VERTEX
  8
25
 10
9.2915
 20
13.9916
 30
0.0000
  0
SEQEND
  8
0
  0
POLYLINE
  8
25
 66
1
 10
0.0000
 20
0.0000
 30
0.0000
 40
0.0508
 41
0.0508
 70
0
  0
VERTEX
  8
25
 10
8.9415
 20
14.3416
 30
0.0000
 42
1.0000
  0
VERTEX
  8
25
 10
8.9415
 20
14.2908
 30
0.0000
  0
SEQEND
  8
0
  0
POLYLINE
  8
25
 66
1
 10
0.0000
 20
0.0000
 30
0.0000
 40
0.1016
 41
0.1016
 70
0
  0
VERTEX
  8
25
 10
9.2661
 20
13.9916
 30
0.0000
  0
VERTEX
  8
25
 10
9.2661
 20
13.4724
 30
0.0000
  0
SEQEND
  8
0
  0
POLYLINE
  8
25
 66
1
 10
0.0000
 20
0.0000
 30
0.0000
 40
0.0508
 41
0.0508
 70
0
  0
VERTEX
  8
25
 10
9.2407
 20
13.4724
 30
0.0000
 42
1.0000
  0
VERTEX
  8
25
 10
9.2915
 20
13.4724
 30
0.0000
  0
SEQEND
  8
0
  0
POLYLINE
  8
25
 66
1
 10
0.0000
 20
0.0000
 30
0.0000
 40
0.0508
 41
0.0508
 70
0
  0
VERTEX
  8
25
 10
9.2915
 20
13.9916
 30
0.0000
 42
1.0000
  0
VERTEX
  8
25
 10
9.2407
 20
13.9916
 30
0.0000
  0
SEQEND
  8
0
  0
POLYLINE
  8
25
 66
1
 10
0.0000
 20
0.0000
 30
0.0000
 40
0.1016
 41
0.1016
 70
0
  0
VERTEX
  8
25
 10
8.9415
 20
13.1478
 30
0.0000
 42
0.4142
  0
VERTEX
  8
25
 10
9.2661
 20
13.4724
 30
0.0000
  0
SEQEND
  8
0
  0
POLYLINE
  8
25
 66
1
 10
0.0000
 20
0.0000
 30
0.0000
 40
0.0508
 41
0.0508
 70
0
  0
VERTEX
  8
25
 10
8.9415
 20
13.1732
 30
0.0000
 42
1.0000
  0
VERTEX
  8
25
 10
8.9415
 20
13.1224
 30
0.0000
  0
SEQEND
  8
0
  0
POLYLINE
  8
25
 66
1
 10
0.0000
 20
0.0000
 30
0.0000
 40
0.0508
 41
0.0508
 70
0
  0
VERTEX
  8
25
 10
9.2915
 20
13.4724
 30
0.0000
 42
1.0000
  0
VERTEX
  8
25
 10
9.2407
 20
13.4724
 30
0.0000
  0
SEQEND
  8
0
  0
POLYLINE
  8
25
 66
1
 10
0.0000
 20
0.0000
 30
0.0000
 40
0.1016
 41
0.1016
 70
0
  0
VERTEX
  8
25
 10
8.9415
 20
13.1478
 30
0.0000
  0
VERTEX
  8
25
 10
8.6170
 20
13.1478
 30
0.0000
  0
SEQEND
  8
0
  0
POLYLINE
  8
25
 66
1
 10
0.0000
 20
0.0000
 30
0.0000
 40
0.0508
 41
0.0508
 70
0
  0
VERTEX
  8
25
 10
8.6170
 20
13.1732
 30
0.0000
 42
1.0000
  0
VERTEX
  8
25
 10
8.6170
 20
13.1224
 30
0.0000
  0
SEQEND
  8
0
  0
POLYLINE
  8
25
 66
1
 10
0.0000
 20
0.0000
 30
0.0000
 40
0.0508
 41
0.0508
 70
0
  0
VERTEX
  8
25
 10
8.9415
 20
13.1224
 30
0.0000
 42
1.0000
  0
VERTEX
  8
25
 10
8.9415
 20
13.1732
 30
0.0000
  0
SEQEND
  8
0
  0
POLYLINE
  8
25
 66
1
 10
0.0000
 20
0.0000
 30
0.0000
 40
0.1016
 41
0.1016
 70
0
  0
VERTEX
  8
25
 10
10.4472
 20
14.0241
 30
0.0000
 42
0.4142
  0
VERTEX
  8
25
 10
10.1551
 20
14.3162
 30
0.0000
  0
SEQEND
  8
0
  0
POLYLINE
  8
25
 66
1
 10
0.0000
 20
0.0000
 30
0.0000
 40
0.0508
 41
0.0508
 70
0
  0
VERTEX
  8
25
 10
10.4218
 20
14.0241
 30
0.0000
 42
1.0000
  0
VERTEX
  8
25
 10
10.4726
 20
14.0241
 30
0.0000
  0
SEQEND
  8
0
  0
POLYLINE
  8
25
 66
1
 10
0.0000
 20
0.0000
 30
0.0000
 40
0.0508
 41
0.0508
 70
0
  0
VERTEX
  8
25
 10
10.1551
 20
14.3416
 30
0.0000
 42
1.0000
  0
VERTEX
  8
25
 10
10.1551
 20
14.2908
 30
0.0000
  0
SEQEND
  8
0
  0
POLYLINE
  8
25
 66
1
 10
0.0000
 20
0.0000
 30
0.0000
 40
0.1016
 41
0.1016
 70
0
  0
VERTEX
  8
25
 10
10.1551
 20
14.3162
 30
0.0000
 42
0.3252
  0
VERTEX
  8
25
 10
9.7981
 20
14.0566
 30
0.0000
  0
SEQEND
  8
0
  0
POLYLINE
  8
25
 66
1
 10
0.0000
 20
0.0000
 30
0.0000
 40
0.0508
 41
0.0508
 70
0
  0
VERTEX
  8
25
 10
10.1551
 20
14.2908
 30
0.0000
 42
1.0000
  0
VERTEX
  8
25
 10
10.1551
 20
14.3416
 30
0.0000
  0
SEQEND
  8
0
  0
POLYLINE
  8
25
 66
1
 10
0.0000
 20
0.0000
 30
0.0000
 40
0.0508
 41
0.0508
 70
0
  0
VERTEX
  8
25
 10
9.7739
 20
14.0644
 30
0.0000
 42
1.0000
  0
VERTEX
  8
25
 10
9.8223
 20
14.0487
 30
0.0000
  0
SEQEND
  8
0
  0
POLYLINE
  8
25
 66
1
 10
0.0000
 20
0.0000
 30
0.0000
 40
0.1016
 41
0.1016
 70
0
  0
VERTEX
  8
25
 10
10.3498
 20
13.7969
 30
0.0000
 42
0.2053
  0
VERTEX
  8
25
 10
10.4472
 20
14.0241
 30
0.0000
  0
SEQEND
  8
0
  0
POLYLINE
  8
25
 66
1
 10
0.0000
 20
0.0000
 30
0.0000
 40
0.0508
 41
0.0508
 70
0
  0
VERTEX
  8
25
 10
10.3323
 20
13.8153
 30
0.0000
 42
1.0000
  0
VERTEX
  8
25
 10
10.3674
 20
13.7785
 30
0.0000
  0
SEQEND
  8
0
  0
POLYLINE
  8
25
 66
1
 10
0.0000
 20
0.0000
 30
0.0000
 40
0.0508
 41
0.0508
 70
0
  0
VERTEX
  8
25
 10
10.4726
 20
14.0241
 30
0.0000
 42
1.0000
  0
VERTEX
  8
25
 10
10.4218
 20
14.0241
 30
0.0000
  0
SEQEND
  8
0
  0
POLYLINE
  8
25
 66
1
 10
0.0000
 20
0.0000
 30
0.0000
 40
0.1016
 41
0.1016
 70
0
  0
VERTEX
  8
25
 10
10.3498
 20
13.7969
 30
0.0000
  0
VERTEX
  8
25
 10
9.7981
 20
13.1478
 30
0.0000
  0
SEQEND
  8
0
  0
POLYLINE
  8
25
 66
1
 10
0.0000
 20
0.0000
 30
0.0000
 40
0.0508
 41
0.0508
 70
0
  0
VERTEX
  8
25
 10
9.7787
 20
13.1643
 30
0.0000
 42
1.0000
  0
VERTEX
  8
25
 10
9.8174
 20
13.1313
 30
0.0000
  0
SEQEND
  8
0
  0
POLYLINE
  8
25
 66
1
 10
0.0000
 20
0.0000
 30
0.0000
 40
0.0508
 41
0.0508
 70
0
  0
VERTEX
  8
25
 10
10.3692
 20
13.7805
 30
0.0000
 42
1.0000
  0
VERTEX
  8
25
 10
10.3305
 20
13.8134
 30
0.0000
  0
SEQEND
  8
0
  0
POLYLINE
  8
25
 66
1
 10
0.0000
 20
0.0000
 30
0.0000
 40
0.1016
 41
0.1016
 70
0
  0
VERTEX
  8
25
 10
9.7981
 20
13.1478
 30
0.0000
  0
VERTEX
  8
25
 10
10.4472
 20
13.1478
 30
0.0000
  0
SEQEND
  8
0
  0
POLYLINE
  8
25
 66
1
 10
0.0000
 20
0.0000
 30
0.0000
 40
0.0508
 41
0.0508
 70
0
  0
VERTEX
  8
25
 10
10.4472
 20
13.1224
 30
0.0000
 42
1.0000
  0
VERTEX
  8
25
 10
10.4472
 20
13.1732
 30
0.0000
  0
SEQEND
  8
0
  0
POLYLINE
  8
25
 66
1
 10
0.0000
 20
0.0000
 30
0.0000
 40
0.0508
 41
0.0508
 70
0
  0
VERTEX
  8
25
 10
9.7981
 20
13.1732
 30
0.0000
 42
1.0000
  0
VERTEX
  8
25
 10
9.7981
 20
13.1224
 30
0.0000
  0
SEQEND
  8
0
  0
POINT
  8
23
 10
50.8000
 20
10.5410
 30
0.0000
  0
POLYLINE
  8
21
 66
1
 10
0.0000
 20
0.0000
 30
0.0000
 40
0.1270
 41
0.1270
 70
0
  0
VERTEX
  8
21
 10
53.5250
 20
6.7910
 30
0.0000
  0
VERTEX
  8
21
 10
53.5250
 20
14.2910
 30
0.0000
  0
SEQEND
  8
0
  0
POLYLINE
  8
21
 66
1
 10
0.0000
 20
0.0000
 30
0.0000
 40
0.0635
 41
0.0635
 70
0
  0
VERTEX
  8
21
 10
53.5568
 20
14.2910
 30
0.0000
 42
1.0000
  0
VERTEX
  8
21
 10
53.4933
 20
14.2910
 30
0.0000
  0
SEQEND
  8
0
  0
POLYLINE
  8
21
 66
1
 10
0.0000
 20
0.0000
 30
0.0000
 40
0.0635
 41
0.0635
 70
0
  0
VERTEX
  8
21
 10
53.4933
 20
6.7910
 30
0.0000
 42
1.0000
  0
VERTEX
  8
21
 10
53.5568
 20
6.7910
 30
0.0000
  0
SEQEND
  8
0
  0
POLYLINE
  8
21
 66
1
 10
0.0000
 20
0.0000
 30
0.0000
 40
0.1270
 41
0.1270
 70
0
  0
VERTEX
  8
21
 10
53.5250
 20
14.2910
 30
0.0000
  0
VERTEX
  8
21
 10
48.0750
 20
14.2910
 30
0.0000
  0
SEQEND
  8
0
  0
POLYLINE
  8
21
 66
1
 10
0.0000
 20
0.0000
 30
0.0000
 40
0.0635
 41
0.0635
 70
0
  0
VERTEX
  8
21
 10
48.0750
 20
14.3228
 30
0.0000
 42
1.0000
  0
VERTEX
  8
21
 10
48.0750
 20
14.2592
 30
0.0000
  0
SEQEND
  8
0
  0
POLYLINE
  8
21
 66
1
 10
0.0000
 20
0.0000
 30
0.0000
 40
0.0635
 41
0.0635
 70
0
  0
VERTEX
  8
21
 10
53.5250
 20
14.2592
 30
0.0000
 42
1.0000
  0
VERTEX
  8
21
 10
53.5250
 20
14.3228
 30
0.0000
  0
SEQEND
  8
0
  0
POLYLINE
  8
21
 66
1
 10
0.0000
 20
0.0000
 30
0.0000
 40
0.1270
 41
0.1270
 70
0
  0
VERTEX
  8
21
 10
48.0750
 20
14.2910
 30
0.0000
  0
VERTEX
  8
21
 10
48.0750
 20
6.7910
 30
0.0000
  0
SEQEND
  8
0
  0
POLYLINE
  8
21
 66
1
 10
0.0000
 20
0.0000
 30
0.0000
 40
0.0635
 41
0.0635
 70
0
  0
VERTEX
  8
21
 10
48.0433
 20
6.7910
 30
0.0000
 42
1.0000
  0
VERTEX
  8
21
 10
48.1068
 20
6.7910
 30
0.0000
  0
SEQEND
  8
0
  0
POLYLINE
  8
21
 66
1
 10
0.0000
 20
0.0000
 30
0.0000
 40
0.0635
 41
0.0635
 70
0
  0
VERTEX
  8
21
 10
48.1068
 20
14.2910
 30
0.0000
 42
1.0000
  0
VERTEX
  8
21
 10
48.0433
 20
14.2910
 30
0.0000
  0
SEQEND
  8
0
  0
POLYLINE
  8
21
 66
1
 10
0.0000
 20
0.0000
 30
0.0000
 40
0.1270
 41
0.1270
 70
0
  0
VERTEX
  8
21
 10
48.0750
 20
6.7910
 30
0.0000
  0
VERTEX
  8
21
 10
53.5250
 20
6.7910
 30
0.0000
  0
SEQEND
  8
0
  0
POLYLINE
  8
21
 66
1
 10
0.0000
 20
0.0000
 30
0.0000
 40
0.0635
 41
0.0635
 70
0
  0
VERTEX
  8
21
 10
53.5250
 20
6.7593
 30
0.0000
 42
1.0000
  0
VERTEX
  8
21
 10
53.5250
 20
6.8228
 30
0.0000
  0
SEQEND
  8
0
  0
POLYLINE
  8
21
 66
1
 10
0.0000
 20
0.0000
 30
0.0000
 40
0.0635
 41
0.0635
 70
0
  0
VERTEX
  8
21
 10
48.0750
 20
6.8228
 30
0.0000
 42
1.0000
  0
VERTEX
  8
21
 10
48.0750
 20
6.7593
 30
0.0000
  0
SEQEND
  8
0
  0
POLYLINE
  8
51
 66
1
 10
0.0000
 20
0.0000
 30
0.0000
 40
0.0500
 41
0.0500
 70
0
  0
VERTEX
  8
51
 10
53.7500
 20
6.5410
 30
0.0000
  0
VERTEX
  8
51
 10
53.7500
 20
14.5410
 30
0.0000
  0
SEQEND
  8
0
  0
POLYLINE
  8
51
 66
1
 10
0.0000
 20
0.0000
 30
0.0000
 40
0.0250
 41
0.0250
 70
0
  0
VERTEX
  8
51
 10
53.7625
 20
14.5410
 30
0.0000
 42
1.0000
  0
VERTEX
  8
51
 10
53.7375
 20
14.5410
 30
0.0000
  0
SEQEND
  8
0
  0
POLYLINE
  8
51
 66
1
 10
0.0000
 20
0.0000
 30
0.0000
 40
0.0250
 41
0.0250
 70
0
  0
VERTEX
  8
51
 10
53.7375
 20
6.5410
 30
0.0000
 42
1.0000
  0
VERTEX
  8
51
 10
53.7625
 20
6.5410
 30
0.0000
  0
SEQEND
  8
0
  0
POLYLINE
  8
51
 66
1
 10
0.0000
 20
0.0000
 30
0.0000
 40
0.0500
 41
0.0500
 70
0
  0
VERTEX
  8
51
 10
53.7500
 20
14.5410
 30
0.0000
  0
VERTEX
  8
51
 10
47.8500
 20
14.5410
 30
0.0000
  0
SEQEND
  8
0
  0
POLYLINE
  8
51
 66
1
 10
0.0000
 20
0.0000
 30
0.0000
 40
0.0250
 41
0.0250
 70
0
  0
VERTEX
  8
51
 10
47.8500
 20
14.5535
 30
0.0000
 42
1.0000
  0
VERTEX
  8
51
 10
47.8500
 20
14.5285
 30
0.0000
  0
SEQEND
  8
0
  0
POLYLINE
  8
51
 66
1
 10
0.0000
 20
0.0000
 30
0.0000
 40
0.0250
 41
0.0250
 70
0
  0
VERTEX
  8
51
 10
53.7500
 20
14.5285
 30
0.0000
 42
1.0000
  0
VERTEX
  8
51
 10
53.7500
 20
14.5535
 30
0.0000
  0
SEQEND
  8
0
  0
POLYLINE
  8
51
 66
1
 10
0.0000
 20
0.0000
 30
0.0000
 40
0.0500
 41
0.0500
 70
0
  0
VERTEX
  8
51
 10
47.8500
 20
14.5410
 30
0.0000
  0
VERTEX
  8
51
 10
47.8500
 20
6.5410
 30
0.0000
  0
SEQEND
  8
0
  0
POLYLINE
  8
51
 66
1
 10
0.0000
 20
0.0000
 30
0.0000
 40
0.0250
 41
0.0250
 70
0
  0
VERTEX
  8
51
 10
47.8375
 20
6.5410
 30
0.0000
 42
1.0000
  0
VERTEX
  8
51
 10
47.8625
 20
6.5410
 30
0.0000
  0
SEQEND
  8
0
  0
POLYLINE
  8
51
 66
1
 10
0.0000
 20
0.0000
 30
0.0000
 40
0.0250
 41
0.0250
 70
0
  0
VERTEX
  8
51
 10
47.8625
 20
14.5410
 30
0.0000
 42
1.0000
  0
VERTEX
  8
51
 10
47.8375
 20
14.5410
 30
0.0000
  0
SEQEND
  8
0
  0
POLYLINE
  8
51
 66
1
 10
0.0000
 20
0.0000
 30
0.0000
 40
0.0500
 41
0.0500
 70
0
  0
VERTEX
  8
51
 10
47.8500
 20
6.5410
 30
0.0000
  0
VERTEX
  8
51
 10
53.7500
 20
6.5410
 30
0.0000
  0
SEQEND
  8
0
  0
POLYLINE
  8
51
 66
1
 10
0.0000
 20
0.0000
 30
0.0000
 40
0.0250
 41
0.0250
 70
0
  0
VERTEX
  8
51
 10
53.7500
 20
6.5285
 30
0.0000
 42
1.0000
  0
VERTEX
  8
51
 10
53.7500
 20
6.5535
 30
0.0000
  0
SEQEND
  8
0
  0
POLYLINE
  8
51
 66
1
 10
0.0000
 20
0.0000
 30
0.0000
 40
0.0250
 41
0.0250
 70
0
  0
VERTEX
  8
51
 10
47.8500
 20
6.5535
 30
0.0000
 42
1.0000
  0
VERTEX
  8
51
 10
47.8500
 20
6.5285
 30
0.0000
  0
SEQEND
  8
0
  0
POLYLINE
  8
51
 66
1
 10
0.0000
 20
0.0000
 30
0.0000
 40
0.0508
 41
0.0508
 70
0
  0
VERTEX
  8
51
 10
52.9752
 20
6.8664
 30
0.0000
  0
VERTEX
  8
51
 10
52.8754
 20
6.9912
 30
0.0000
  0
SEQEND
  8
0
  0
POLYLINE
  8
51
 66
1
 10
0.0000
 20
0.0000
 30
0.0000
 40
0.0254
 41
0.0254
 70
0
  0
VERTEX
  8
51
 10
52.8853
 20
6.9991
 30
0.0000
 42
1.0000
  0
VERTEX
  8
51
 10
52.8655
 20
6.9832
 30
0.0000
  0
SEQEND
  8
0
  0
POLYLINE
  8
51
 66
1
 10
0.0000
 20
0.0000
 30
0.0000
 40
0.0254
 41
0.0254
 70
0
  0
VERTEX
  8
51
 10
52.9653
 20
6.8585
 30
0.0000
 42
1.0000
  0
VERTEX
  8
51
 10
52.9851
 20
6.8743
 30
0.0000
  0
SEQEND
  8
0
  0
POLYLINE
  8
51
 66
1
 10
0.0000
 20
0.0000
 30
0.0000
 40
0.0508
 41
0.0508
 70
0
  0
VERTEX
  8
51
 10
52.8754
 20
6.9912
 30
0.0000
  0
VERTEX
  8
51
 10
53.3246
 20
6.9912
 30
0.0000
  0
SEQEND
  8
0
  0
POLYLINE
  8
51
 66
1
 10
0.0000
 20
0.0000
 30
0.0000
 40
0.0254
 41
0.0254
 70
0
  0
VERTEX
  8
51
 10
53.3246
 20
6.9785
 30
0.0000
 42
1.0000
  0
VERTEX
  8
51
 10
53.3246
 20
7.0039
 30
0.0000
  0
SEQEND
  8
0
  0
POLYLINE
  8
51
 66
1
 10
0.0000
 20
0.0000
 30
0.0000
 40
0.0254
 41
0.0254
 70
0
  0
VERTEX
  8
51
 10
52.8754
 20
7.0039
 30
0.0000
 42
1.0000
  0
VERTEX
  8
51
 10
52.8754
 20
6.9785
 30
0.0000
  0
SEQEND
  8
0
  0
POLYLINE
  8
51
 66
1
 10
0.0000
 20
0.0000
 30
0.0000
 40
0.0508
 41
0.0508
 70
0
  0
VERTEX
  8
51
 10
53.3246
 20
6.8664
 30
0.0000
  0
VERTEX
  8
51
 10
53.3246
 20
7.1160
 30
0.0000
  0
SEQEND
  8
0
  0
POLYLINE
  8
51
 66
1
 10
0.0000
 20
0.0000
 30
0.0000
 40
0.0254
 41
0.0254
 70
0
  0
VERTEX
  8
51
 10
53.3373
 20
7.1160
 30
0.0000
 42
1.0000
  0
VERTEX
  8
51
 10
53.3119
 20
7.1160
 30
0.0000
  0
SEQEND
  8
0
  0
POLYLINE
  8
51
 66
1
 10
0.0000
 20
0.0000
 30
0.0000
 40
0.0254
 41
0.0254
 70
0
  0
VERTEX
  8
51
 10
53.3119
 20
6.8664
 30
0.0000
 42
1.0000
  0
VERTEX
  8
51
 10
53.3373
 20
6.8664
 30
0.0000
  0
SEQEND
  8
0
  0
POLYLINE
  8
51
 66
1
 10
0.0000
 20
0.0000
 30
0.0000
 40
0.0508
 41
0.0508
 70
0
  0
VERTEX
  8
51
 10
52.9752
 20
13.8164
 30
0.0000
  0
VERTEX
  8
51
 10
52.8754
 20
13.9412
 30
0.0000
  0
SEQEND
  8
0
  0
POLYLINE
  8
51
 66
1
 10
0.0000
 20
0.0000
 30
0.0000
 40
0.0254
 41
0.0254
 70
0
  0
VERTEX
  8
51
 10
52.8853
 20
13.9491
 30
0.0000
 42
1.0000
  0
VERTEX
  8
51
 10
52.8655
 20
13.9332
 30
0.0000
  0
SEQEND
  8
0
  0
POLYLINE
  8
51
 66
1
 10
0.0000
 20
0.0000
 30
0.0000
 40
0.0254
 41
0.0254
 70
0
  0
VERTEX
  8
51
 10
52.9653
 20
13.8085
 30
0.0000
 42
1.0000
  0
VERTEX
  8
51
 10
52.9851
 20
13.8243
 30
0.0000
  0
SEQEND
  8
0
  0
POLYLINE
  8
51
 66
1
 10
0.0000
 20
0.0000
 30
0.0000
 40
0.0508
 41
0.0508
 70
0
  0
VERTEX
  8
51
 10
52.8754
 20
13.9412
 30
0.0000
  0
VERTEX
  8
51
 10
53.3246
 20
13.9412
 30
0.0000
  0
SEQEND
  8
0
  0
POLYLINE
  8
51
 66
1
 10
0.0000
 20
0.0000
 30
0.0000
 40
0.0254
 41
0.0254
 70
0
  0
VERTEX
  8
51
 10
53.3246
 20
13.9285
 30
0.0000
 42
1.0000
  0
VERTEX
  8
51
 10
53.3246
 20
13.9539
 30
0.0000
  0
SEQEND
  8
0
  0
POLYLINE
  8
51
 66
1
 10
0.0000
 20
0.0000
 30
0.0000
 40
0.0254
 41
0.0254
 70
0
  0
VERTEX
  8
51
 10
52.8754
 20
13.9539
 30
0.0000
 42
1.0000
  0
VERTEX
  8
51
 10
52.8754
 20
13.9285
 30
0.0000
  0
SEQEND
  8
0
  0
POLYLINE
  8
51
 66
1
 10
0.0000
 20
0.0000
 30
0.0000
 40
0.0508
 41
0.0508
 70
0
  0
VERTEX
  8
51
 10
53.3246
 20
13.8164
 30
0.0000
  0
VERTEX
  8
51
 10
53.3246
 20
14.0660
 30
0.0000
  0
SEQEND
  8
0
  0
POLYLINE
  8
51
 66
1
 10
0.0000
 20
0.0000
 30
0.0000
 40
0.0254
 41
0.0254
 70
0
  0
VERTEX
  8
51
 10
53.3373
 20
14.0660
 30
0.0000
 42
1.0000
  0
VERTEX
  8
51
 10
53.3119
 20
14.0660
 30
0.0000
  0
SEQEND
  8
0
  0
POLYLINE
  8
51
 66
1
 10
0.0000
 20
0.0000
 30
0.0000
 40
0.0254
 41
0.0254
 70
0
  0
VERTEX
  8
51
 10
53.3119
 20
13.8164
 30
0.0000
 42
1.0000
  0
VERTEX
  8
51
 10
53.3373
 20
13.8164
 30
0.0000
  0
SEQEND
  8
0
  0
POLYLINE
  8
51
 66
1
 10
0.0000
 20
0.0000
 30
0.0000
 40
0.0508
 41
0.0508
 70
0
  0
VERTEX
  8
51
 10
53.1998
 20
14.5159
 30
0.0000
 42
1.0000
  0
VERTEX
  8
51
 10
53.1998
 20
14.2664
 30
0.0000
  0
SEQEND
  8
0
  0
POLYLINE
  8
51
 66
1
 10
0.0000
 20
0.0000
 30
0.0000
 40
0.0254
 41
0.0254
 70
0
  0
VERTEX
  8
51
 10
53.1998
 20
14.5032
 30
0.0000
 42
1.0000
  0
VERTEX
  8
51
 10
53.1998
 20
14.5286
 30
0.0000
  0
SEQEND
  8
0
  0
POLYLINE
  8
51
 66
1
 10
0.0000
 20
0.0000
 30
0.0000
 40
0.0254
 41
0.0254
 70
0
  0
VERTEX
  8
51
 10
53.1998
 20
14.2537
 30
0.0000
 42
1.0000
  0
VERTEX
  8
51
 10
53.1998
 20
14.2791
 30
0.0000
  0
SEQEND
  8
0
  0
POLYLINE
  8
51
 66
1
 10
0.0000
 20
0.0000
 30
0.0000
 40
0.0508
 41
0.0508
 70
0
  0
VERTEX
  8
51
 10
53.1998
 20
14.2664
 30
0.0000
 42
1.0000
  0
VERTEX
  8
51
 10
53.1998
 20
14.5160
 30
0.0000
  0
SEQEND
  8
0
  0
POLYLINE
  8
51
 66
1
 10
0.0000
 20
0.0000
 30
0.0000
 40
0.0254
 41
0.0254
 70
0
  0
VERTEX
  8
51
 10
53.1998
 20
14.2791
 30
0.0000
 42
1.0000
  0
VERTEX
  8
51
 10
53.1998
 20
14.2537
 30
0.0000
  0
SEQEND
  8
0
  0
POLYLINE
  8
51
 66
1
 10
0.0000
 20
0.0000
 30
0.0000
 40
0.0254
 41
0.0254
 70
0
  0
VERTEX
  8
51
 10
53.1998
 20
14.5287
 30
0.0000
 42
1.0000
  0
VERTEX
  8
51
 10
53.1998
 20
14.5032
 30
0.0000
  0
SEQEND
  8
0
  0
POLYLINE
  8
51
 66
1
 10
0.0000
 20
0.0000
 30
0.0000
 40
0.0508
 41
0.0508
 70
0
  0
VERTEX
  8
51
 10
52.9752
 20
14.4910
 30
0.0000
 42
1.0000
  0
VERTEX
  8
51
 10
52.9752
 20
14.2914
 30
0.0000
  0
SEQEND
  8
0
  0
POLYLINE
  8
51
 66
1
 10
0.0000
 20
0.0000
 30
0.0000
 40
0.0254
 41
0.0254
 70
0
  0
VERTEX
  8
51
 10
52.9752
 20
14.4783
 30
0.0000
 42
1.0000
  0
VERTEX
  8
51
 10
52.9752
 20
14.5037
 30
0.0000
  0
SEQEND
  8
0
  0
POLYLINE
  8
51
 66
1
 10
0.0000
 20
0.0000
 30
0.0000
 40
0.0254
 41
0.0254
 70
0
  0
VERTEX
  8
51
 10
52.9752
 20
14.2787
 30
0.0000
 42
1.0000
  0
VERTEX
  8
51
 10
52.9752
 20
14.3041
 30
0.0000
  0
SEQEND
  8
0
  0
POLYLINE
  8
51
 66
1
 10
0.0000
 20
0.0000
 30
0.0000
 40
0.0508
 41
0.0508
 70
0
  0
VERTEX
  8
51
 10
52.9752
 20
14.2913
 30
0.0000
 42
1.0000
  0
VERTEX
  8
51
 10
52.9752
 20
14.4910
 30
0.0000
  0
SEQEND
  8
0
  0
POLYLINE
  8
51
 66
1
 10
0.0000
 20
0.0000
 30
0.0000
 40
0.0254
 41
0.0254
 70
0
  0
VERTEX
  8
51
 10
52.9752
 20
14.3040
 30
0.0000
 42
1.0000
  0
VERTEX
  8
51
 10
52.9752
 20
14.2786
 30
0.0000
  0
SEQEND
  8
0
  0
POLYLINE
  8
51
 66
1
 10
0.0000
 20
0.0000
 30
0.0000
 40
0.0254
 41
0.0254
 70
0
  0
VERTEX
  8
51
 10
52.9752
 20
14.5037
 30
0.0000
 42
1.0000
  0
VERTEX
  8
51
 10
52.9752
 20
14.4783
 30
0.0000
  0
SEQEND
  8
0
  0
POLYLINE
  8
21
 66
1
 10
0.0000
 20
0.0000
 30
0.0000
 40
0.0500
 41
0.0500
 70
0
  0
VERTEX
  8
21
 10
52.8000
 20
8.3610
 30
0.0000
 42
1.0000
  0
VERTEX
  8
21
 10
52.8000
 20
8.7210
 30
0.0000
 42
1.0000
  0
VERTEX
  8
21
 10
52.8000
 20
8.3610
 30
0.0000
  0
SEQEND
  8
0
  0
INSERT
  8
1
  2
RECT
 10
51.8000
 20
8.5410
 30
0.0000
 41
0.2500
 42
1.0000
 43
1.0000
 50
90.0000
  0
INSERT
  8
1
  2
RECT
 10
51.8000
 20
9.0410
 30
0.0000
 41
0.2500
 42
1.0000
 43
1.0000
 50
90.0000
  0
INSERT
  8
1
  2
RECT
 10
51.8000
 20
9.5410
 30
0.0000
 41
0.2500
 42
1.0000
 43
1.0000
 50
90.0000
  0
INSERT
  8
1
  2
RECT
 10
51.8000
 20
10.0410
 30
0.0000
 41
0.2500
 42
1.0000
 43
1.0000
 50
90.0000
  0
INSERT
  8
1
  2
RECT
 10
51.8000
 20
10.5410
 30
0.0000
 41
0.2500
 42
1.0000
 43
1.0000
 50
90.0000
  0
INSERT
  8
1
  2
RECT
 10
51.8000
 20
11.0410
 30
0.0000
 41
0.2500
 42
1.0000
 43
1.0000
 50
90.0000
  0
INSERT
  8
1
  2
RECT
 10
51.8000
 20
11.5410
 30
0.0000
 41
0.2500
 42
1.0000
 43
1.0000
 50
90.0000
  0
INSERT
  8
1
  2
RECT
 10
51.8000
 20
12.0410
 30
0.0000
 41
0.2500
 42
1.0000
 43
1.0000
 50
90.0000
  0
INSERT
  8
1
  2
RECT
 10
51.8000
 20
12.5410
 30
0.0000
 41
0.2500
 42
1.0000
 43
1.0000
 50
90.0000
  0
INSERT
  8
1
  2
RECT
 10
49.8000
 20
12.5410
 30
0.0000
 41
0.2500
 42
1.0000
 43
1.0000
 50
90.0000
  0
INSERT
  8
1
  2
RECT
 10
49.8000
 20
12.0410
 30
0.0000
 41
0.2500
 42
1.0000
 43
1.0000
 50
90.0000
  0
INSERT
  8
1
  2
RECT
 10
49.8000
 20
11.5410
 30
0.0000
 41
0.2500
 42
1.0000
 43
1.0000
 50
90.0000
  0
INSERT
  8
1
  2
RECT
 10
49.8000
 20
11.0410
 30
0.0000
 41
0.2500
 42
1.0000
 43
1.0000
 50
90.0000
  0
INSERT
  8
1
  2
RECT
 10
49.8000
 20
10.5410
 30
0.0000
 41
0.2500
 42
1.0000
 43
1.0000
 50
90.0000
  0
INSERT
  8
1
  2
RECT
 10
49.8000
 20
10.0410
 30
0.0000
 41
0.2500
 42
1.0000
 43
1.0000
 50
90.0000
  0
INSERT
  8
1
  2
RECT
 10
49.8000
 20
9.5410
 30
0.0000
 41
0.2500
 42
1.0000
 43
1.0000
 50
90.0000
  0
INSERT
  8
1
  2
RECT
 10
49.8000
 20
9.0410
 30
0.0000
 41
0.2500
 42
1.0000
 43
1.0000
 50
90.0000
  0
INSERT
  8
1
  2
RECT
 10
49.8000
 20
8.5410
 30
0.0000
 41
0.2500
 42
1.0000
 43
1.0000
 50
90.0000
  0
INSERT
  8
1
  2
RECT
 10
50.8000
 20
6.5910
 30
0.0000
 41
0.8000
 42
1.4000
 43
1.0000
 50
90.0000
  0
INSERT
  8
1
  2
RECT
 10
50.8000
 20
14.4910
 30
0.0000
 41
0.8000
 42
1.4000
 43
1.0000
 50
90.0000
  0
POLYLINE
  8
25
 66
1
 10
0.0000
 20
0.0000
 30
0.0000
 40
0.0762
 41
0.0762
 70
0
  0
VERTEX
  8
25
 10
46.9881
 20
7.0204
 30
0.0000
  0
VERTEX
  8
25
 10
47.5511
 20
7.0204
 30
0.0000
  0
SEQEND
  8
0
  0
POLYLINE
  8
25
 66
1
 10
0.0000
 20
0.0000
 30
0.0000
 40
0.0381
 41
0.0381
 70
0
  0
VERTEX
  8
25
 10
47.5511
 20
7.0013
 30
0.0000
 42
1.0000
  0
VERTEX
  8
25
 10
47.5511
 20
7.0394
 30
0.0000
  0
SEQEND
  8
0
  0
POLYLINE
  8
25
 66
1
 10
0.0000
 20
0.0000
 30
0.0000
 40
0.0381
 41
0.0381
 70
0
  0
VERTEX
  8
25
 10
46.9881
 20
7.0394
 30
0.0000
 42
1.0000
  0
VERTEX
  8
25
 10
46.9881
 20
7.0013
 30
0.0000
  0
SEQEND
  8
0
  0
POLYLINE
  8
25
 66
1
 10
0.0000
 20
0.0000
 30
0.0000
 40
0.0762
 41
0.0762
 70
0
  0
VERTEX
  8
25
 10
47.7119
 20
6.8595
 30
0.0000
 42
0.4142
  0
VERTEX
  8
25
 10
47.5511
 20
7.0204
 30
0.0000
  0
SEQEND
  8
0
  0
POLYLINE
  8
25
 66
1
 10
0.0000
 20
0.0000
 30
0.0000
 40
0.0381
 41
0.0381
 70
0
  0
VERTEX
  8
25
 10
47.6928
 20
6.8595
 30
0.0000
 42
1.0000
  0
VERTEX
  8
25
 10
47.7309
 20
6.8595
 30
0.0000
  0
SEQEND
  8
0
  0
POLYLINE
  8
25
 66
1
 10
0.0000
 20
0.0000
 30
0.0000
 40
0.0381
 41
0.0381
 70
0
  0
VERTEX
  8
25
 10
47.5511
 20
7.0394
 30
0.0000
 42
1.0000
  0
VERTEX
  8
25
 10
47.5511
 20
7.0013
 30
0.0000
  0
SEQEND
  8
0
  0
POLYLINE
  8
25
 66
1
 10
0.0000
 20
0.0000
 30
0.0000
 40
0.0762
 41
0.0762
 70
0
  0
VERTEX
  8
25
 10
47.7119
 20
6.8595
 30
0.0000
  0
VERTEX
  8
25
 10
47.7119
 20
6.7791
 30
0.0000
  0
SEQEND
  8
0
  0
POLYLINE
  8
25
 66
1
 10
0.0000
 20
0.0000
 30
0.0000
 40
0.0381
 41
0.0381
 70
0
  0
VERTEX
  8
25
 10
47.6928
 20
6.7791
 30
0.0000
 42
1.0000
  0
VERTEX
  8
25
 10
47.7309
 20
6.7791
 30
0.0000
  0
SEQEND
  8
0
  0
POLYLINE
  8
25
 66
1
 10
0.0000
 20
0.0000
 30
0.0000
 40
0.0381
 41
0.0381
 70
0
  0
VERTEX
  8
25
 10
47.7309
 20
6.8595
 30
0.0000
 42
1.0000
  0
VERTEX
  8
25
 10
47.6928
 20
6.8595
 30
0.0000
  0
SEQEND
  8
0
  0
POLYLINE
  8
25
 66
1
 10
0.0000
 20
0.0000
 30
0.0000
 40
0.0762
 41
0.0762
 70
0
  0
VERTEX
  8
25
 10
47.1489
 20
7.3590
 30
0.0000
  0
VERTEX
  8
25
 10
46.9881
 20
7.5601
 30
0.0000
  0
SEQEND
  8
0
  0
POLYLINE
  8
25
 66
1
 10
0.0000
 20
0.0000
 30
0.0000
 40
0.0381
 41
0.0381
 70
0
  0
VERTEX
  8
25
 10
47.0030
 20
7.5720
 30
0.0000
 42
1.0000
  0
VERTEX
  8
25
 10
46.9732
 20
7.5482
 30
0.0000
  0
SEQEND
  8
0
  0
POLYLINE
  8
25
 66
1
 10
0.0000
 20
0.0000
 30
0.0000
 40
0.0381
 41
0.0381
 70
0
  0
VERTEX
  8
25
 10
47.1341
 20
7.3471
 30
0.0000
 42
1.0000
  0
VERTEX
  8
25
 10
47.1638
 20
7.3709
 30
0.0000
  0
SEQEND
  8
0
  0
POLYLINE
  8
25
 66
1
 10
0.0000
 20
0.0000
 30
0.0000
 40
0.0762
 41
0.0762
 70
0
  0
VERTEX
  8
25
 10
46.9881
 20
7.5601
 30
0.0000
  0
VERTEX
  8
25
 10
47.7119
 20
7.5601
 30
0.0000
  0
SEQEND
  8
0
  0
POLYLINE
  8
25
 66
1
 10
0.0000
 20
0.0000
 30
0.0000
 40
0.0381
 41
0.0381
 70
0
  0
VERTEX
  8
25
 10
47.7119
 20
7.5411
 30
0.0000
 42
1.0000
  0
VERTEX
  8
25
 10
47.7119
 20
7.5792
 30
0.0000
  0
SEQEND
  8
0
  0
POLYLINE
  8
25
 66
1
 10
0.0000
 20
0.0000
 30
0.0000
 40
0.0381
 41
0.0381
 70
0
  0
VERTEX
  8
25
 10
46.9881
 20
7.5792
 30
0.0000
 42
1.0000
  0
VERTEX
  8
25
 10
46.9881
 20
7.5411
 30
0.0000
  0
SEQEND
  8
0
  0
POLYLINE
  8
25
 66
1
 10
0.0000
 20
0.0000
 30
0.0000
 40
0.0762
 41
0.0762
 70
0
  0
VERTEX
  8
25
 10
47.7119
 20
7.3590
 30
0.0000
  0
VERTEX
  8
25
 10
47.7119
 20
7.7612
 30
0.0000
  0
SEQEND
  8
0
  0
POLYLINE
  8
25
 66
1
 10
0.0000
 20
0.0000
 30
0.0000
 40
0.0381
 41
0.0381
 70
0
  0
VERTEX
  8
25
 10
47.7309
 20
7.7612
 30
0.0000
 42
1.0000
  0
VERTEX
  8
25
 10
47.6928
 20
7.7612
 30
0.0000
  0
SEQEND
  8
0
  0
POLYLINE
  8
25
 66
1
 10
0.0000
 20
0.0000
 30
0.0000
 40
0.0381
 41
0.0381
 70
0
  0
VERTEX
  8
25
 10
47.6928
 20
7.3590
 30
0.0000
 42
1.0000
  0
VERTEX
  8
25
 10
47.7309
 20
7.3590
 30
0.0000
  0
SEQEND
  8
0
  0
POLYLINE
  8
27
 66
1
 10
0.0000
 20
0.0000
 30
0.0000
 40
0.0762
 41
0.0762
 70
0
  0
VERTEX
  8
27
 10
54.6119
 20
6.7791
 30
0.0000
  0
VERTEX
  8
27
 10
53.8881
 20
6.7791
 30
0.0000
  0
SEQEND
  8
0
  0
POLYLINE
  8
27
 66
1
 10
0.0000
 20
0.0000
 30
0.0000
 40
0.0381
 41
0.0381
 70
0
  0
VERTEX
  8
27
 10
53.8881
 20
6.7982
 30
0.0000
 42
1.0000
  0
VERTEX
  8
27
 10
53.8881
 20
6.7601
 30
0.0000
  0
SEQEND
  8
0
  0
POLYLINE
  8
27
 66
1
 10
0.0000
 20
0.0000
 30
0.0000
 40
0.0381
 41
0.0381
 70
0
  0
VERTEX
  8
27
 10
54.6119
 20
6.7601
 30
0.0000
 42
1.0000
  0
VERTEX
  8
27
 10
54.6119
 20
6.7982
 30
0.0000
  0
SEQEND
  8
0
  0
POLYLINE
  8
27
 66
1
 10
0.0000
 20
0.0000
 30
0.0000
 40
0.0762
 41
0.0762
 70
0
  0
VERTEX
  8
27
 10
53.8881
 20
6.7791
 30
0.0000
  0
VERTEX
  8
27
 10
54.6119
 20
7.1812
 30
0.0000
  0
SEQEND
  8
0
  0
POLYLINE
  8
27
 66
1
 10
0.0000
 20
0.0000
 30
0.0000
 40
0.0381
 41
0.0381
 70
0
  0
VERTEX
  8
27
 10
54.6212
 20
7.1646
 30
0.0000
 42
1.0000
  0
VERTEX
  8
27
 10
54.6026
 20
7.1979
 30
0.0000
  0
SEQEND
  8
0
  0
POLYLINE
  8
27
 66
1
 10
0.0000
 20
0.0000
 30
0.0000
 40
0.0381
 41
0.0381
 70
0
  0
VERTEX
  8
27
 10
53.8788
 20
6.7958
 30
0.0000
 42
1.0000
  0
VERTEX
  8
27
 10
53.8974
 20
6.7624
 30
0.0000
  0
SEQEND
  8
0
  0
POLYLINE
  8
27
 66
1
 10
0.0000
 20
0.0000
 30
0.0000
 40
0.0762
 41
0.0762
 70
0
  0
VERTEX
  8
27
 10
54.6119
 20
7.1812
 30
0.0000
  0
VERTEX
  8
27
 10
53.8881
 20
7.1812
 30
0.0000
  0
SEQEND
  8
0
  0
POLYLINE
  8
27
 66
1
 10
0.0000
 20
0.0000
 30
0.0000
 40
0.0381
 41
0.0381
 70
0
  0
VERTEX
  8
27
 10
53.8881
 20
7.2003
 30
0.0000
 42
1.0000
  0
VERTEX
  8
27
 10
53.8881
 20
7.1622
 30
0.0000
  0
SEQEND
  8
0
  0
POLYLINE
  8
27
 66
1
 10
0.0000
 20
0.0000
 30
0.0000
 40
0.0381
 41
0.0381
 70
0
  0
VERTEX
  8
27
 10
54.6119
 20
7.1622
 30
0.0000
 42
1.0000
  0
VERTEX
  8
27
 10
54.6119
 20
7.2003
 30
0.0000
  0
SEQEND
  8
0
  0
POLYLINE
  8
27
 66
1
 10
0.0000
 20
0.0000
 30
0.0000
 40
0.0762
 41
0.0762
 70
0
  0
VERTEX
  8
27
 10
54.6119
 20
7.8703
 30
0.0000
  0
VERTEX
  8
27
 10
54.6119
 20
7.5487
 30
0.0000
  0
SEQEND
  8
0
  0
POLYLINE
  8
27
 66
1
 10
0.0000
 20
0.0000
 30
0.0000
 40
0.0381
 41
0.0381
 70
0
  0
VERTEX
  8
27
 10
54.5929
 20
7.5487
 30
0.0000
 42
1.0000
  0
VERTEX
  8
27
 10
54.6310
 20
7.5487
 30
0.0000
  0
SEQEND
  8
0
  0
POLYLINE
  8
27
 66
1
 10
0.0000
 20
0.0000
 30
0.0000
 40
0.0381
 41
0.0381
 70
0
  0
VERTEX
  8
27
 10
54.6310
 20
7.8703
 30
0.0000
 42
1.0000
  0
VERTEX
  8
27
 10
54.5929
 20
7.8703
 30
0.0000
  0
SEQEND
  8
0
  0
POLYLINE
  8
27
 66
1
 10
0.0000
 20
0.0000
 30
0.0000
 40
0.0762
 41
0.0762
 70
0
  0
VERTEX
  8
27
 10
54.6119
 20
7.5487
 30
0.0000
  0
VERTEX
  8
27
 10
53.8881
 20
7.5487
 30
0.0000
  0
SEQEND
  8
0
  0
POLYLINE
  8
27
 66
1
 10
0.0000
 20
0.0000
 30
0.0000
 40
0.0381
 41
0.0381
 70
0
  0
VERTEX
  8
27
 10
53.8881
 20
7.5677
 30
0.0000
 42
1.0000
  0
VERTEX
  8
27
 10
53.8881
 20
7.5296
 30
0.0000
  0
SEQEND
  8
0
  0
POLYLINE
  8
27
 66
1
 10
0.0000
 20
0.0000
 30
0.0000
 40
0.0381
 41
0.0381
 70
0
  0
VERTEX
  8
27
 10
54.6119
 20
7.5296
 30
0.0000
 42
1.0000
  0
VERTEX
  8
27
 10
54.6119
 20
7.5677
 30
0.0000
  0
SEQEND
  8
0
  0
POLYLINE
  8
27
 66
1
 10
0.0000
 20
0.0000
 30
0.0000
 40
0.0762
 41
0.0762
 70
0
  0
VERTEX
  8
27
 10
53.8881
 20
7.5487
 30
0.0000
  0
VERTEX
  8
27
 10
53.8881
 20
7.8703
 30
0.0000
  0
SEQEND
  8
0
  0
POLYLINE
  8
27
 66
1
 10
0.0000
 20
0.0000
 30
0.0000
 40
0.0381
 41
0.0381
 70
0
  0
VERTEX
  8
27
 10
53.9072
 20
7.8703
 30
0.0000
 42
1.0000
  0
VERTEX
  8
27
 10
53.8691
 20
7.8703
 30
0.0000
  0
SEQEND
  8
0
  0
POLYLINE
  8
27
 66
1
 10
0.0000
 20
0.0000
 30
0.0000
 40
0.0381
 41
0.0381
 70
0
  0
VERTEX
  8
27
 10
53.8691
 20
7.5487
 30
0.0000
 42
1.0000
  0
VERTEX
  8
27
 10
53.9072
 20
7.5487
 30
0.0000
  0
SEQEND
  8
0
  0
POLYLINE
  8
27
 66
1
 10
0.0000
 20
0.0000
 30
0.0000
 40
0.0762
 41
0.0762
 70
0
  0
VERTEX
  8
27
 10
54.2098
 20
7.5487
 30
0.0000
  0
VERTEX
  8
27
 10
54.2098
 20
7.7899
 30
0.0000
  0
SEQEND
  8
0
  0
POLYLINE
  8
27
 66
1
 10
0.0000
 20
0.0000
 30
0.0000
 40
0.0381
 41
0.0381
 70
0
  0
VERTEX
  8
27
 10
54.2288
 20
7.7899
 30
0.0000
 42
1.0000
  0
VERTEX
  8
27
 10
54.1907
 20
7.7899
 30
0.0000
  0
SEQEND
  8
0
  0
POLYLINE
  8
27
 66
1
 10
0.0000
 20
0.0000
 30
0.0000
 40
0.0381
 41
0.0381
 70
0
  0
VERTEX
  8
27
 10
54.1907
 20
7.5487
 30
0.0000
 42
1.0000
  0
VERTEX
  8
27
 10
54.2288
 20
7.5487
 30
0.0000
  0
SEQEND
  8
0
  0
POLYLINE
  8
27
 66
1
 10
0.0000
 20
0.0000
 30
0.0000
 40
0.0762
 41
0.0762
 70
0
  0
VERTEX
  8
27
 10
54.6119
 20
8.1069
 30
0.0000
  0
VERTEX
  8
27
 10
53.8881
 20
8.5894
 30
0.0000
  0
SEQEND
  8
0
  0
POLYLINE
  8
27
 66
1
 10
0.0000
 20
0.0000
 30
0.0000
 40
0.0381
 41
0.0381
 70
0
  0
VERTEX
  8
27
 10
53.8987
 20
8.6053
 30
0.0000
 42
1.0000
  0
VERTEX
  8
27
 10
53.8775
 20
8.5736
 30
0.0000
  0
SEQEND
  8
0
  0
POLYLINE
  8
27
 66
1
 10
0.0000
 20
0.0000
 30
0.0000
 40
0.0381
 41
0.0381
 70
0
  0
VERTEX
  8
27
 10
54.6013
 20
8.0910
 30
0.0000
 42
1.0000
  0
VERTEX
  8
27
 10
54.6225
 20
8.1227
 30
0.0000
  0
SEQEND
  8
0
  0
POLYLINE
  8
27
 66
1
 10
0.0000
 20
0.0000
 30
0.0000
 40
0.0762
 41
0.0762
 70
0
  0
VERTEX
  8
27
 10
53.8881
 20
8.1069
 30
0.0000
  0
VERTEX
  8
27
 10
54.6119
 20
8.5894
 30
0.0000
  0
SEQEND
  8
0
  0
POLYLINE
  8
27
 66
1
 10
0.0000
 20
0.0000
 30
0.0000
 40
0.0381
 41
0.0381
 70
0
  0
VERTEX
  8
27
 10
54.6225
 20
8.5736
 30
0.0000
 42
1.0000
  0
VERTEX
  8
27
 10
54.6013
 20
8.6053
 30
0.0000
  0
SEQEND
  8
0
  0
POLYLINE
  8
27
 66
1
 10
0.0000
 20
0.0000
 30
0.0000
 40
0.0381
 41
0.0381
 70
0
  0
VERTEX
  8
27
 10
53.8775
 20
8.1227
 30
0.0000
 42
1.0000
  0
VERTEX
  8
27
 10
53.8987
 20
8.0910
 30
0.0000
  0
SEQEND
  8
0
  0
POLYLINE
  8
27
 66
1
 10
0.0000
 20
0.0000
 30
0.0000
 40
0.0762
 41
0.0762
 70
0
  0
VERTEX
  8
27
 10
54.6119
 20
9.0202
 30
0.0000
  0
VERTEX
  8
27
 10
53.8881
 20
9.0202
 30
0.0000
  0
SEQEND
  8
0
  0
POLYLINE
  8
27
 66
1
 10
0.0000
 20
0.0000
 30
0.0000
 40
0.0381
 41
0.0381
 70
0
  0
VERTEX
  8
27
 10
53.8881
 20
9.0392
 30
0.0000
 42
1.0000
  0
VERTEX
  8
27
 10
53.8881
 20
9.0011
 30
0.0000
  0
SEQEND
  8
0
  0
POLYLINE
  8
27
 66
1
 10
0.0000
 20
0.0000
 30
0.0000
 40
0.0381
 41
0.0381
 70
0
  0
VERTEX
  8
27
 10
54.6119
 20
9.0011
 30
0.0000
 42
1.0000
  0
VERTEX
  8
27
 10
54.6119
 20
9.0392
 30
0.0000
  0
SEQEND
  8
0
  0
POLYLINE
  8
27
 66
1
 10
0.0000
 20
0.0000
 30
0.0000
 40
0.0762
 41
0.0762
 70
0
  0
VERTEX
  8
27
 10
53.8881
 20
8.8191
 30
0.0000
  0
VERTEX
  8
27
 10
53.8881
 20
9.2212
 30
0.0000
  0
SEQEND
  8
0
  0
POLYLINE
  8
27
 66
1
 10
0.0000
 20
0.0000
 30
0.0000
 40
0.0381
 41
0.0381
 70
0
  0
VERTEX
  8
27
 10
53.9072
 20
9.2212
 30
0.0000
 42
1.0000
  0
VERTEX
  8
27
 10
53.8691
 20
9.2212
 30
0.0000
  0
SEQEND
  8
0
  0
POLYLINE
  8
27
 66
1
 10
0.0000
 20
0.0000
 30
0.0000
 40
0.0381
 41
0.0381
 70
0
  0
VERTEX
  8
27
 10
53.8691
 20
8.8191
 30
0.0000
 42
1.0000
  0
VERTEX
  8
27
 10
53.9072
 20
8.8191
 30
0.0000
  0
SEQEND
  8
0
  0
POLYLINE
  8
27
 66
1
 10
0.0000
 20
0.0000
 30
0.0000
 40
0.0762
 41
0.0762
 70
0
  0
VERTEX
  8
27
 10
54.0489
 20
9.4911
 30
0.0000
  0
VERTEX
  8
27
 10
53.8881
 20
9.6921
 30
0.0000
  0
SEQEND
  8
0
  0
POLYLINE
  8
27
 66
1
 10
0.0000
 20
0.0000
 30
0.0000
 40
0.0381
 41
0.0381
 70
0
  0
VERTEX
  8
27
 10
53.9030
 20
9.7040
 30
0.0000
 42
1.0000
  0
VERTEX
  8
27
 10
53.8732
 20
9.6802
 30
0.0000
  0
SEQEND
  8
0
  0
POLYLINE
  8
27
 66
1
 10
0.0000
 20
0.0000
 30
0.0000
 40
0.0381
 41
0.0381
 70
0
  0
VERTEX
  8
27
 10
54.0341
 20
9.4792
 30
0.0000
 42
1.0000
  0
VERTEX
  8
27
 10
54.0638
 20
9.5030
 30
0.0000
  0
SEQEND
  8
0
  0
POLYLINE
  8
27
 66
1
 10
0.0000
 20
0.0000
 30
0.0000
 40
0.0762
 41
0.0762
 70
0
  0
VERTEX
  8
27
 10
53.8881
 20
9.6921
 30
0.0000
  0
VERTEX
  8
27
 10
54.6119
 20
9.6921
 30
0.0000
  0
SEQEND
  8
0
  0
POLYLINE
  8
27
 66
1
 10
0.0000
 20
0.0000
 30
0.0000
 40
0.0381
 41
0.0381
 70
0
  0
VERTEX
  8
27
 10
54.6119
 20
9.6731
 30
0.0000
 42
1.0000
  0
VERTEX
  8
27
 10
54.6119
 20
9.7112
 30
0.0000
  0
SEQEND
  8
0
  0
POLYLINE
  8
27
 66
1
 10
0.0000
 20
0.0000
 30
0.0000
 40
0.0381
 41
0.0381
 70
0
  0
VERTEX
  8
27
 10
53.8881
 20
9.7112
 30
0.0000
 42
1.0000
  0
VERTEX
  8
27
 10
53.8881
 20
9.6731
 30
0.0000
  0
SEQEND
  8
0
  0
POLYLINE
  8
27
 66
1
 10
0.0000
 20
0.0000
 30
0.0000
 40
0.0762
 41
0.0762
 70
0
  0
VERTEX
  8
27
 10
54.6119
 20
9.4911
 30
0.0000
  0
VERTEX
  8
27
 10
54.6119
 20
9.8932
 30
0.0000
  0
SEQEND
  8
0
  0
POLYLINE
  8
27
 66
1
 10
0.0000
 20
0.0000
 30
0.0000
 40
0.0381
 41
0.0381
 70
0
  0
VERTEX
  8
27
 10
54.6310
 20
9.8932
 30
0.0000
 42
1.0000
  0
VERTEX
  8
27
 10
54.5929
 20
9.8932
 30
0.0000
  0
SEQEND
  8
0
  0
POLYLINE
  8
27
 66
1
 10
0.0000
 20
0.0000
 30
0.0000
 40
0.0381
 41
0.0381
 70
0
  0
VERTEX
  8
27
 10
54.5929
 20
9.4911
 30
0.0000
 42
1.0000
  0
VERTEX
  8
27
 10
54.6310
 20
9.4911
 30
0.0000
  0
SEQEND
  8
0
  0
POLYLINE
  8
27
 66
1
 10
0.0000
 20
0.0000
 30
0.0000
 40
0.0762
 41
0.0762
 70
0
  0
VERTEX
  8
27
 10
54.4108
 20
10.6132
 30
0.0000
 42
1.0000
  0
VERTEX
  8
27
 10
54.4108
 20
10.2111
 30
0.0000
  0
SEQEND
  8
0
  0
POLYLINE
  8
27
 66
1
 10
0.0000
 20
0.0000
 30
0.0000
 40
0.0381
 41
0.0381
 70
0
  0
VERTEX
  8
27
 10
54.4108
 20
10.5941
 30
0.0000
 42
1.0000
  0
VERTEX
  8
27
 10
54.4108
 20
10.6322
 30
0.0000
  0
SEQEND
  8
0
  0
POLYLINE
  8
27
 66
1
 10
0.0000
 20
0.0000
 30
0.0000
 40
0.0381
 41
0.0381
 70
0
  0
VERTEX
  8
27
 10
54.4108
 20
10.1920
 30
0.0000
 42
1.0000
  0
VERTEX
  8
27
 10
54.4108
 20
10.2301
 30
0.0000
  0
SEQEND
  8
0
  0
POLYLINE
  8
27
 66
1
 10
0.0000
 20
0.0000
 30
0.0000
 40
0.0762
 41
0.0762
 70
0
  0
VERTEX
  8
27
 10
54.4108
 20
10.2111
 30
0.0000
 42
1.0000
  0
VERTEX
  8
27
 10
54.4108
 20
10.6132
 30
0.0000
  0
SEQEND
  8
0
  0
POLYLINE
  8
27
 66
1
 10
0.0000
 20
0.0000
 30
0.0000
 40
0.0381
 41
0.0381
 70
0
  0
VERTEX
  8
27
 10
54.4108
 20
10.2301
 30
0.0000
 42
1.0000
  0
VERTEX
  8
27
 10
54.4108
 20
10.1920
 30
0.0000
  0
SEQEND
  8
0
  0
POLYLINE
  8
27
 66
1
 10
0.0000
 20
0.0000
 30
0.0000
 40
0.0381
 41
0.0381
 70
0
  0
VERTEX
  8
27
 10
54.4108
 20
10.6323
 30
0.0000
 42
1.0000
  0
VERTEX
  8
27
 10
54.4108
 20
10.5942
 30
0.0000
  0
SEQEND
  8
0
  0
POLYLINE
  8
27
 66
1
 10
0.0000
 20
0.0000
 30
0.0000
 40
0.0762
 41
0.0762
 70
0
  0
VERTEX
  8
27
 10
54.0489
 20
10.5730
 30
0.0000
 42
1.0000
  0
VERTEX
  8
27
 10
54.0489
 20
10.2513
 30
0.0000
  0
SEQEND
  8
0
  0
POLYLINE
  8
27
 66
1
 10
0.0000
 20
0.0000
 30
0.0000
 40
0.0381
 41
0.0381
 70
0
  0
VERTEX
  8
27
 10
54.0489
 20
10.5539
 30
0.0000
 42
1.0000
  0
VERTEX
  8
27
 10
54.0489
 20
10.5920
 30
0.0000
  0
SEQEND
  8
0
  0
POLYLINE
  8
27
 66
1
 10
0.0000
 20
0.0000
 30
0.0000
 40
0.0381
 41
0.0381
 70
0
  0
VERTEX
  8
27
 10
54.0489
 20
10.2323
 30
0.0000
 42
1.0000
  0
VERTEX
  8
27
 10
54.0489
 20
10.2704
 30
0.0000
  0
SEQEND
  8
0
  0
POLYLINE
  8
27
 66
1
 10
0.0000
 20
0.0000
 30
0.0000
 40
0.0762
 41
0.0762
 70
0
  0
VERTEX
  8
27
 10
54.0489
 20
10.2513
 30
0.0000
 42
1.0000
  0
VERTEX
  8
27
 10
54.0489
 20
10.5730
 30
0.0000
  0
SEQEND
  8
0
  0
POLYLINE
  8
27
 66
1
 10
0.0000
 20
0.0000
 30
0.0000
 40
0.0381
 41
0.0381
 70
0
  0
VERTEX
  8
27
 10
54.0489
 20
10.2703
 30
0.0000
 42
1.0000
  0
VERTEX
  8
27
 10
54.0489
 20
10.2322
 30
0.0000
  0
SEQEND
  8
0
  0
POLYLINE
  8
27
 66
1
 10
0.0000
 20
0.0000
 30
0.0000
 40
0.0381
 41
0.0381
 70
0
  0
VERTEX
  8
27
 10
54.0489
 20
10.5920
 30
0.0000
 42
1.0000
  0
VERTEX
  8
27
 10
54.0489
 20
10.5539
 30
0.0000
  0
SEQEND
  8
0
  0
POLYLINE
  8
27
 66
1
 10
0.0000
 20
0.0000
 30
0.0000
 40
0.0762
 41
0.0762
 70
0
  0
VERTEX
  8
27
 10
54.6923
 20
10.8993
 30
0.0000
  0
VERTEX
  8
27
 10
54.6923
 20
11.2210
 30
0.0000
  0
SEQEND
  8
0
  0
POLYLINE
  8
27
 66
1
 10
0.0000
 20
0.0000
 30
0.0000
 40
0.0381
 41
0.0381
 70
0
  0
VERTEX
  8
27
 10
54.7114
 20
11.2210
 30
0.0000
 42
1.0000
  0
VERTEX
  8
27
 10
54.6733
 20
11.2210
 30
0.0000
  0
SEQEND
  8
0
  0
POLYLINE
  8
27
 66
1
 10
0.0000
 20
0.0000
 30
0.0000
 40
0.0381
 41
0.0381
 70
0
  0
VERTEX
  8
27
 10
54.6733
 20
10.8993
 30
0.0000
 42
1.0000
  0
VERTEX
  8
27
 10
54.7114
 20
10.8993
 30
0.0000
  0
SEQEND
  8
0
  0
POLYLINE
  8
27
 66
1
 10
0.0000
 20
0.0000
 30
0.0000
 40
0.0762
 41
0.0762
 70
0
  0
VERTEX
  8
27
 10
54.6119
 20
11.7244
 30
0.0000
 42
0.4142
  0
VERTEX
  8
27
 10
54.4511
 20
11.8852
 30
0.0000
  0
SEQEND
  8
0
  0
POLYLINE
  8
27
 66
1
 10
0.0000
 20
0.0000
 30
0.0000
 40
0.0381
 41
0.0381
 70
0
  0
VERTEX
  8
27
 10
54.5929
 20
11.7244
 30
0.0000
 42
1.0000
  0
VERTEX
  8
27
 10
54.6310
 20
11.7244
 30
0.0000
  0
SEQEND
  8
0
  0
POLYLINE
  8
27
 66
1
 10
0.0000
 20
0.0000
 30
0.0000
 40
0.0381
 41
0.0381
 70
0
  0
VERTEX
  8
27
 10
54.4511
 20
11.9042
 30
0.0000
 42
1.0000
  0
VERTEX
  8
27
 10
54.4511
 20
11.8661
 30
0.0000
  0
SEQEND
  8
0
  0
POLYLINE
  8
27
 66
1
 10
0.0000
 20
0.0000
 30
0.0000
 40
0.0762
 41
0.0762
 70
0
  0
VERTEX
  8
27
 10
54.5114
 20
11.4831
 30
0.0000
 42
0.2000
  0
VERTEX
  8
27
 10
54.6119
 20
11.7244
 30
0.0000
  0
SEQEND
  8
0
  0
POLYLINE
  8
27
 66
1
 10
0.0000
 20
0.0000
 30
0.0000
 40
0.0381
 41
0.0381
 70
0
  0
VERTEX
  8
27
 10
54.4980
 20
11.4966
 30
0.0000
 42
1.0000
  0
VERTEX
  8
27
 10
54.5248
 20
11.4696
 30
0.0000
  0
SEQEND
  8
0
  0
POLYLINE
  8
27
 66
1
 10
0.0000
 20
0.0000
 30
0.0000
 40
0.0381
 41
0.0381
 70
0
  0
VERTEX
  8
27
 10
54.6309
 20
11.7244
 30
0.0000
 42
1.0000
  0
VERTEX
  8
27
 10
54.5929
 20
11.7244
 30
0.0000
  0
SEQEND
  8
0
  0
POLYLINE
  8
27
 66
1
 10
0.0000
 20
0.0000
 30
0.0000
 40
0.0762
 41
0.0762
 70
0
  0
VERTEX
  8
27
 10
53.8881
 20
11.6640
 30
0.0000
 42
0.4142
  0
VERTEX
  8
27
 10
54.0489
 20
11.5032
 30
0.0000
  0
SEQEND
  8
0
  0
POLYLINE
  8
27
 66
1
 10
0.0000
 20
0.0000
 30
0.0000
 40
0.0381
 41
0.0381
 70
0
  0
VERTEX
  8
27
 10
53.9072
 20
11.6640
 30
0.0000
 42
1.0000
  0
VERTEX
  8
27
 10
53.8691
 20
11.6640
 30
0.0000
  0
SEQEND
  8
0
  0
POLYLINE
  8
27
 66
1
 10
0.0000
 20
0.0000
 30
0.0000
 40
0.0381
 41
0.0381
 70
0
  0
VERTEX
  8
27
 10
54.0489
 20
11.4841
 30
0.0000
 42
1.0000
  0
VERTEX
  8
27
 10
54.0489
 20
11.5222
 30
0.0000
  0
SEQEND
  8
0
  0
POLYLINE
  8
27
 66
1
 10
0.0000
 20
0.0000
 30
0.0000
 40
0.0762
 41
0.0762
 70
0
  0
VERTEX
  8
27
 10
53.9484
 20
11.8450
 30
0.0000
 42
0.1623
  0
VERTEX
  8
27
 10
53.8881
 20
11.6640
 30
0.0000
  0
SEQEND
  8
0
  0
POLYLINE
  8
27
 66
1
 10
0.0000
 20
0.0000
 30
0.0000
 40
0.0381
 41
0.0381
 70
0
  0
VERTEX
  8
27
 10
53.9637
 20
11.8336
 30
0.0000
 42
1.0000
  0
VERTEX
  8
27
 10
53.9332
 20
11.8564
 30
0.0000
  0
SEQEND
  8
0
  0
POLYLINE
  8
27
 66
1
 10
0.0000
 20
0.0000
 30
0.0000
 40
0.0381
 41
0.0381
 70
0
  0
VERTEX
  8
27
 10
53.8691
 20
11.6640
 30
0.0000
 42
1.0000
  0
VERTEX
  8
27
 10
53.9072
 20
11.6640
 30
0.0000
  0
SEQEND
  8
0
  0
POLYLINE
  8
27
 66
1
 10
0.0000
 20
0.0000
 30
0.0000
 40
0.0762
 41
0.0762
 70
0
  0
VERTEX
  8
27
 10
54.0489
 20
11.5032
 30
0.0000
 42
0.2656
  0
VERTEX
  8
27
 10
54.1897
 20
11.5836
 30
0.0000
  0
SEQEND
  8
0
  0
POLYLINE
  8
27
 66
1
 10
0.0000
 20
0.0000
 30
0.0000
 40
0.0381
 41
0.0381
 70
0
  0
VERTEX
  8
27
 10
54.0489
 20
11.5222
 30
0.0000
 42
1.0000
  0
VERTEX
  8
27
 10
54.0489
 20
11.4841
 30
0.0000
  0
SEQEND
  8
0
  0
POLYLINE
  8
27
 66
1
 10
0.0000
 20
0.0000
 30
0.0000
 40
0.0381
 41
0.0381
 70
0
  0
VERTEX
  8
27
 10
54.2061
 20
11.5739
 30
0.0000
 42
1.0000
  0
VERTEX
  8
27
 10
54.1733
 20
11.5933
 30
0.0000
  0
SEQEND
  8
0
  0
POLYLINE
  8
27
 66
1
 10
0.0000
 20
0.0000
 30
0.0000
 40
0.0762
 41
0.0762
 70
0
  0
VERTEX
  8
27
 10
54.4511
 20
11.8852
 30
0.0000
 42
0.2656
  0
VERTEX
  8
27
 10
54.3103
 20
11.8048
 30
0.0000
  0
SEQEND
  8
0
  0
POLYLINE
  8
27
 66
1
 10
0.0000
 20
0.0000
 30
0.0000
 40
0.0381
 41
0.0381
 70
0
  0
VERTEX
  8
27
 10
54.4511
 20
11.8661
 30
0.0000
 42
1.0000
  0
VERTEX
  8
27
 10
54.4511
 20
11.9042
 30
0.0000
  0
SEQEND
  8
0
  0
POLYLINE
  8
27
 66
1
 10
0.0000
 20
0.0000
 30
0.0000
 40
0.0381
 41
0.0381
 70
0
  0
VERTEX
  8
27
 10
54.2939
 20
11.8144
 30
0.0000
 42
1.0000
  0
VERTEX
  8
27
 10
54.3267
 20
11.7951
 30
0.0000
  0
SEQEND
  8
0
  0
POLYLINE
  8
27
 66
1
 10
0.0000
 20
0.0000
 30
0.0000
 40
0.0762
 41
0.0762
 70
0
  0
VERTEX
  8
27
 10
54.3103
 20
11.8048
 30
0.0000
  0
VERTEX
  8
27
 10
54.1897
 20
11.5836
 30
0.0000
  0
SEQEND
  8
0
  0
POLYLINE
  8
27
 66
1
 10
0.0000
 20
0.0000
 30
0.0000
 40
0.0381
 41
0.0381
 70
0
  0
VERTEX
  8
27
 10
54.1730
 20
11.5927
 30
0.0000
 42
1.0000
  0
VERTEX
  8
27
 10
54.2064
 20
11.5745
 30
0.0000
  0
SEQEND
  8
0
  0
POLYLINE
  8
27
 66
1
 10
0.0000
 20
0.0000
 30
0.0000
 40
0.0381
 41
0.0381
 70
0
  0
VERTEX
  8
27
 10
54.3270
 20
11.7957
 30
0.0000
 42
1.0000
  0
VERTEX
  8
27
 10
54.2936
 20
11.8139
 30
0.0000
  0
SEQEND
  8
0
  0
POLYLINE
  8
27
 66
1
 10
0.0000
 20
0.0000
 30
0.0000
 40
0.0762
 41
0.0762
 70
0
  0
VERTEX
  8
27
 10
54.4108
 20
12.1791
 30
0.0000
  0
VERTEX
  8
27
 10
54.0892
 20
12.1791
 30
0.0000
  0
SEQEND
  8
0
  0
POLYLINE
  8
27
 66
1
 10
0.0000
 20
0.0000
 30
0.0000
 40
0.0381
 41
0.0381
 70
0
  0
VERTEX
  8
27
 10
54.0892
 20
12.1981
 30
0.0000
 42
1.0000
  0
VERTEX
  8
27
 10
54.0892
 20
12.1600
 30
0.0000
  0
SEQEND
  8
0
  0
POLYLINE
  8
27
 66
1
 10
0.0000
 20
0.0000
 30
0.0000
 40
0.0381
 41
0.0381
 70
0
  0
VERTEX
  8
27
 10
54.4108
 20
12.1600
 30
0.0000
 42
1.0000
  0
VERTEX
  8
27
 10
54.4108
 20
12.1981
 30
0.0000
  0
SEQEND
  8
0
  0
POLYLINE
  8
27
 66
1
 10
0.0000
 20
0.0000
 30
0.0000
 40
0.0762
 41
0.0762
 70
0
  0
VERTEX
  8
27
 10
54.0892
 20
12.5812
 30
0.0000
 42
1.0000
  0
VERTEX
  8
27
 10
54.0892
 20
12.1791
 30
0.0000
  0
SEQEND
  8
0
  0
POLYLINE
  8
27
 66
1
 10
0.0000
 20
0.0000
 30
0.0000
 40
0.0381
 41
0.0381
 70
0
  0
VERTEX
  8
27
 10
54.0892
 20
12.5621
 30
0.0000
 42
1.0000
  0
VERTEX
  8
27
 10
54.0892
 20
12.6002
 30
0.0000
  0
SEQEND
  8
0
  0
POLYLINE
  8
27
 66
1
 10
0.0000
 20
0.0000
 30
0.0000
 40
0.0381
 41
0.0381
 70
0
  0
VERTEX
  8
27
 10
54.0892
 20
12.1600
 30
0.0000
 42
1.0000
  0
VERTEX
  8
27
 10
54.0892
 20
12.1981
 30
0.0000
  0
SEQEND
  8
0
  0
POLYLINE
  8
27
 66
1
 10
0.0000
 20
0.0000
 30
0.0000
 40
0.0762
 41
0.0762
 70
0
  0
VERTEX
  8
27
 10
54.0892
 20
12.5812
 30
0.0000
  0
VERTEX
  8
27
 10
54.4108
 20
12.5812
 30
0.0000
  0
SEQEND
  8
0
  0
POLYLINE
  8
27
 66
1
 10
0.0000
 20
0.0000
 30
0.0000
 40
0.0381
 41
0.0381
 70
0
  0
VERTEX
  8
27
 10
54.4108
 20
12.5621
 30
0.0000
 42
1.0000
  0
VERTEX
  8
27
 10
54.4108
 20
12.6002
 30
0.0000
  0
SEQEND
  8
0
  0
POLYLINE
  8
27
 66
1
 10
0.0000
 20
0.0000
 30
0.0000
 40
0.0381
 41
0.0381
 70
0
  0
VERTEX
  8
27
 10
54.0892
 20
12.6002
 30
0.0000
 42
1.0000
  0
VERTEX
  8
27
 10
54.0892
 20
12.5621
 30
0.0000
  0
SEQEND
  8
0
  0
POLYLINE
  8
27
 66
1
 10
0.0000
 20
0.0000
 30
0.0000
 40
0.0762
 41
0.0762
 70
0
  0
VERTEX
  8
27
 10
54.4108
 20
12.1791
 30
0.0000
 42
1.0000
  0
VERTEX
  8
27
 10
54.4108
 20
12.5812
 30
0.0000
  0
SEQEND
  8
0
  0
POLYLINE
  8
27
 66
1
 10
0.0000
 20
0.0000
 30
0.0000
 40
0.0381
 41
0.0381
 70
0
  0
VERTEX
  8
27
 10
54.4108
 20
12.1981
 30
0.0000
 42
1.0000
  0
VERTEX
  8
27
 10
54.4108
 20
12.1600
 30
0.0000
  0
SEQEND
  8
0
  0
POLYLINE
  8
27
 66
1
 10
0.0000
 20
0.0000
 30
0.0000
 40
0.0381
 41
0.0381
 70
0
  0
VERTEX
  8
27
 10
54.4108
 20
12.6002
 30
0.0000
 42
1.0000
  0
VERTEX
  8
27
 10
54.4108
 20
12.5621
 30
0.0000
  0
SEQEND
  8
0
  0
POLYLINE
  8
27
 66
1
 10
0.0000
 20
0.0000
 30
0.0000
 40
0.0762
 41
0.0762
 70
0
  0
VERTEX
  8
27
 10
54.6119
 20
13.2185
 30
0.0000
  0
VERTEX
  8
27
 10
54.6119
 20
13.0576
 30
0.0000
  0
SEQEND
  8
0
  0
POLYLINE
  8
27
 66
1
 10
0.0000
 20
0.0000
 30
0.0000
 40
0.0381
 41
0.0381
 70
0
  0
VERTEX
  8
27
 10
54.5929
 20
13.0576
 30
0.0000
 42
1.0000
  0
VERTEX
  8
27
 10
54.6310
 20
13.0576
 30
0.0000
  0
SEQEND
  8
0
  0
POLYLINE
  8
27
 66
1
 10
0.0000
 20
0.0000
 30
0.0000
 40
0.0381
 41
0.0381
 70
0
  0
VERTEX
  8
27
 10
54.6310
 20
13.2185
 30
0.0000
 42
1.0000
  0
VERTEX
  8
27
 10
54.5929
 20
13.2185
 30
0.0000
  0
SEQEND
  8
0
  0
POLYLINE
  8
27
 66
1
 10
0.0000
 20
0.0000
 30
0.0000
 40
0.0762
 41
0.0762
 70
0
  0
VERTEX
  8
27
 10
54.4511
 20
12.8968
 30
0.0000
 42
0.4142
  0
VERTEX
  8
27
 10
54.6119
 20
13.0576
 30
0.0000
  0
SEQEND
  8
0
  0
POLYLINE
  8
27
 66
1
 10
0.0000
 20
0.0000
 30
0.0000
 40
0.0381
 41
0.0381
 70
0
  0
VERTEX
  8
27
 10
54.4511
 20
12.9158
 30
0.0000
 42
1.0000
  0
VERTEX
  8
27
 10
54.4511
 20
12.8777
 30
0.0000
  0
SEQEND
  8
0
  0
POLYLINE
  8
27
 66
1
 10
0.0000
 20
0.0000
 30
0.0000
 40
0.0381
 41
0.0381
 70
0
  0
VERTEX
  8
27
 10
54.6310
 20
13.0576
 30
0.0000
 42
1.0000
  0
VERTEX
  8
27
 10
54.5929
 20
13.0576
 30
0.0000
  0
SEQEND
  8
0
  0
POLYLINE
  8
27
 66
1
 10
0.0000
 20
0.0000
 30
0.0000
 40
0.0762
 41
0.0762
 70
0
  0
VERTEX
  8
27
 10
54.4511
 20
12.8968
 30
0.0000
  0
VERTEX
  8
27
 10
54.0489
 20
12.8968
 30
0.0000
  0
SEQEND
  8
0
  0
POLYLINE
  8
27
 66
1
 10
0.0000
 20
0.0000
 30
0.0000
 40
0.0381
 41
0.0381
 70
0
  0
VERTEX
  8
27
 10
54.0489
 20
12.9158
 30
0.0000
 42
1.0000
  0
VERTEX
  8
27
 10
54.0489
 20
12.8777
 30
0.0000
  0
SEQEND
  8
0
  0
POLYLINE
  8
27
 66
1
 10
0.0000
 20
0.0000
 30
0.0000
 40
0.0381
 41
0.0381
 70
0
  0
VERTEX
  8
27
 10
54.4511
 20
12.8777
 30
0.0000
 42
1.0000
  0
VERTEX
  8
27
 10
54.4511
 20
12.9158
 30
0.0000
  0
SEQEND
  8
0
  0
POLYLINE
  8
27
 66
1
 10
0.0000
 20
0.0000
 30
0.0000
 40
0.0762
 41
0.0762
 70
0
  0
VERTEX
  8
27
 10
53.8881
 20
13.0576
 30
0.0000
 42
0.4142
  0
VERTEX
  8
27
 10
54.0489
 20
12.8968
 30
0.0000
  0
SEQEND
  8
0
  0
POLYLINE
  8
27
 66
1
 10
0.0000
 20
0.0000
 30
0.0000
 40
0.0381
 41
0.0381
 70
0
  0
VERTEX
  8
27
 10
53.9071
 20
13.0576
 30
0.0000
 42
1.0000
  0
VERTEX
  8
27
 10
53.8690
 20
13.0576
 30
0.0000
  0
SEQEND
  8
0
  0
POLYLINE
  8
27
 66
1
 10
0.0000
 20
0.0000
 30
0.0000
 40
0.0381
 41
0.0381
 70
0
  0
VERTEX
  8
27
 10
54.0489
 20
12.8777
 30
0.0000
 42
1.0000
  0
VERTEX
  8
27
 10
54.0489
 20
12.9158
 30
0.0000
  0
SEQEND
  8
0
  0
POLYLINE
  8
27
 66
1
 10
0.0000
 20
0.0000
 30
0.0000
 40
0.0762
 41
0.0762
 70
0
  0
VERTEX
  8
27
 10
53.8881
 20
13.0576
 30
0.0000
  0
VERTEX
  8
27
 10
53.8881
 20
13.2185
 30
0.0000
  0
SEQEND
  8
0
  0
POLYLINE
  8
27
 66
1
 10
0.0000
 20
0.0000
 30
0.0000
 40
0.0381
 41
0.0381
 70
0
  0
VERTEX
  8
27
 10
53.9072
 20
13.2185
 30
0.0000
 42
1.0000
  0
VERTEX
  8
27
 10
53.8691
 20
13.2185
 30
0.0000
  0
SEQEND
  8
0
  0
POLYLINE
  8
27
 66
1
 10
0.0000
 20
0.0000
 30
0.0000
 40
0.0381
 41
0.0381
 70
0
  0
VERTEX
  8
27
 10
53.8691
 20
13.0576
 30
0.0000
 42
1.0000
  0
VERTEX
  8
27
 10
53.9072
 20
13.0576
 30
0.0000
  0
SEQEND
  8
0
  0
POLYLINE
  8
27
 66
1
 10
0.0000
 20
0.0000
 30
0.0000
 40
0.0762
 41
0.0762
 70
0
  0
VERTEX
  8
27
 10
54.6119
 20
13.5348
 30
0.0000
  0
VERTEX
  8
27
 10
53.8881
 20
13.5348
 30
0.0000
  0
SEQEND
  8
0
  0
POLYLINE
  8
27
 66
1
 10
0.0000
 20
0.0000
 30
0.0000
 40
0.0381
 41
0.0381
 70
0
  0
VERTEX
  8
27
 10
53.8881
 20
13.5538
 30
0.0000
 42
1.0000
  0
VERTEX
  8
27
 10
53.8881
 20
13.5157
 30
0.0000
  0
SEQEND
  8
0
  0
POLYLINE
  8
27
 66
1
 10
0.0000
 20
0.0000
 30
0.0000
 40
0.0381
 41
0.0381
 70
0
  0
VERTEX
  8
27
 10
54.6119
 20
13.5157
 30
0.0000
 42
1.0000
  0
VERTEX
  8
27
 10
54.6119
 20
13.5538
 30
0.0000
  0
SEQEND
  8
0
  0
POLYLINE
  8
27
 66
1
 10
0.0000
 20
0.0000
 30
0.0000
 40
0.0762
 41
0.0762
 70
0
  0
VERTEX
  8
27
 10
53.8881
 20
13.9369
 30
0.0000
  0
VERTEX
  8
27
 10
54.3304
 20
13.5348
 30
0.0000
  0
SEQEND
  8
0
  0
POLYLINE
  8
27
 66
1
 10
0.0000
 20
0.0000
 30
0.0000
 40
0.0381
 41
0.0381
 70
0
  0
VERTEX
  8
27
 10
54.3176
 20
13.5207
 30
0.0000
 42
1.0000
  0
VERTEX
  8
27
 10
54.3432
 20
13.5489
 30
0.0000
  0
SEQEND
  8
0
  0
POLYLINE
  8
27
 66
1
 10
0.0000
 20
0.0000
 30
0.0000
 40
0.0381
 41
0.0381
 70
0
  0
VERTEX
  8
27
 10
53.9009
 20
13.9510
 30
0.0000
 42
1.0000
  0
VERTEX
  8
27
 10
53.8753
 20
13.9228
 30
0.0000
  0
SEQEND
  8
0
  0
POLYLINE
  8
27
 66
1
 10
0.0000
 20
0.0000
 30
0.0000
 40
0.0762
 41
0.0762
 70
0
  0
VERTEX
  8
27
 10
54.6119
 20
13.9369
 30
0.0000
  0
VERTEX
  8
27
 10
54.1696
 20
13.6956
 30
0.0000
  0
SEQEND
  8
0
  0
POLYLINE
  8
27
 66
1
 10
0.0000
 20
0.0000
 30
0.0000
 40
0.0381
 41
0.0381
 70
0
  0
VERTEX
  8
27
 10
54.1605
 20
13.7123
 30
0.0000
 42
1.0000
  0
VERTEX
  8
27
 10
54.1787
 20
13.6789
 30
0.0000
  0
SEQEND
  8
0
  0
POLYLINE
  8
27
 66
1
 10
0.0000
 20
0.0000
 30
0.0000
 40
0.0381
 41
0.0381
 70
0
  0
VERTEX
  8
27
 10
54.6210
 20
13.9201
 30
0.0000
 42
1.0000
  0
VERTEX
  8
27
 10
54.6028
 20
13.9536
 30
0.0000
  0
SEQEND
  8
0
  0
POLYLINE
  8
27
 66
1
 10
0.0000
 20
0.0000
 30
0.0000
 40
0.0762
 41
0.0762
 70
0
  0
VERTEX
  8
27
 10
54.6119
 20
14.5663
 30
0.0000
  0
VERTEX
  8
27
 10
54.6119
 20
14.2446
 30
0.0000
  0
SEQEND
  8
0
  0
POLYLINE
  8
27
 66
1
 10
0.0000
 20
0.0000
 30
0.0000
 40
0.0381
 41
0.0381
 70
0
  0
VERTEX
  8
27
 10
54.5929
 20
14.2446
 30
0.0000
 42
1.0000
  0
VERTEX
  8
27
 10
54.6310
 20
14.2446
 30
0.0000
  0
SEQEND
  8
0
  0
POLYLINE
  8
27
 66
1
 10
0.0000
 20
0.0000
 30
0.0000
 40
0.0381
 41
0.0381
 70
0
  0
VERTEX
  8
27
 10
54.6310
 20
14.5663
 30
0.0000
 42
1.0000
  0
VERTEX
  8
27
 10
54.5929
 20
14.5663
 30
0.0000
  0
SEQEND
  8
0
  0
POLYLINE
  8
27
 66
1
 10
0.0000
 20
0.0000
 30
0.0000
 40
0.0762
 41
0.0762
 70
0
  0
VERTEX
  8
27
 10
54.6119
 20
14.2446
 30
0.0000
  0
VERTEX
  8
27
 10
53.8881
 20
14.2446
 30
0.0000
  0
SEQEND
  8
0
  0
POLYLINE
  8
27
 66
1
 10
0.0000
 20
0.0000
 30
0.0000
 40
0.0381
 41
0.0381
 70
0
  0
VERTEX
  8
27
 10
53.8881
 20
14.2637
 30
0.0000
 42
1.0000
  0
VERTEX
  8
27
 10
53.8881
 20
14.2256
 30
0.0000
  0
SEQEND
  8
0
  0
POLYLINE
  8
27
 66
1
 10
0.0000
 20
0.0000
 30
0.0000
 40
0.0381
 41
0.0381
 70
0
  0
VERTEX
  8
27
 10
54.6119
 20
14.2256
 30
0.0000
 42
1.0000
  0
VERTEX
  8
27
 10
54.6119
 20
14.2637
 30
0.0000
  0
SEQEND
  8
0
  0
POLYLINE
  8
27
 66
1
 10
0.0000
 20
0.0000
 30
0.0000
 40
0.0762
 41
0.0762
 70
0
  0
VERTEX
  8
27
 10
53.8881
 20
14.2446
 30
0.0000
  0
VERTEX
  8
27
 10
53.8881
 20
14.5663
 30
0.0000
  0
SEQEND
  8
0
  0
POLYLINE
  8
27
 66
1
 10
0.0000
 20
0.0000
 30
0.0000
 40
0.0381
 41
0.0381
 70
0
  0
VERTEX
  8
27
 10
53.9072
 20
14.5663
 30
0.0000
 42
1.0000
  0
VERTEX
  8
27
 10
53.8691
 20
14.5663
 30
0.0000
  0
SEQEND
  8
0
  0
POLYLINE
  8
27
 66
1
 10
0.0000
 20
0.0000
 30
0.0000
 40
0.0381
 41
0.0381
 70
0
  0
VERTEX
  8
27
 10
53.8691
 20
14.2446
 30
0.0000
 42
1.0000
  0
VERTEX
  8
27
 10
53.9072
 20
14.2446
 30
0.0000
  0
SEQEND
  8
0
  0
POLYLINE
  8
27
 66
1
 10
0.0000
 20
0.0000
 30
0.0000
 40
0.0762
 41
0.0762
 70
0
  0
VERTEX
  8
27
 10
54.2098
 20
14.2446
 30
0.0000
  0
VERTEX
  8
27
 10
54.2098
 20
14.4859
 30
0.0000
  0
SEQEND
  8
0
  0
POLYLINE
  8
27
 66
1
 10
0.0000
 20
0.0000
 30
0.0000
 40
0.0381
 41
0.0381
 70
0
  0
VERTEX
  8
27
 10
54.2288
 20
14.4859
 30
0.0000
 42
1.0000
  0
VERTEX
  8
27
 10
54.1907
 20
14.4859
 30
0.0000
  0
SEQEND
  8
0
  0
POLYLINE
  8
27
 66
1
 10
0.0000
 20
0.0000
 30
0.0000
 40
0.0381
 41
0.0381
 70
0
  0
VERTEX
  8
27
 10
54.1907
 20
14.2446
 30
0.0000
 42
1.0000
  0
VERTEX
  8
27
 10
54.2288
 20
14.2446
 30
0.0000
  0
SEQEND
  8
0
  0
POLYLINE
  8
27
 66
1
 10
0.0000
 20
0.0000
 30
0.0000
 40
0.0762
 41
0.0762
 70
0
  0
VERTEX
  8
27
 10
54.6119
 20
14.9961
 30
0.0000
  0
VERTEX
  8
27
 10
53.8881
 20
14.9961
 30
0.0000
  0
SEQEND
  8
0
  0
POLYLINE
  8
27
 66
1
 10
0.0000
 20
0.0000
 30
0.0000
 40
0.0381
 41
0.0381
 70
0
  0
VERTEX
  8
27
 10
53.8881
 20
15.0152
 30
0.0000
 42
1.0000
  0
VERTEX
  8
27
 10
53.8881
 20
14.9771
 30
0.0000
  0
SEQEND
  8
0
  0
POLYLINE
  8
27
 66
1
 10
0.0000
 20
0.0000
 30
0.0000
 40
0.0381
 41
0.0381
 70
0
  0
VERTEX
  8
27
 10
54.6119
 20
14.9771
 30
0.0000
 42
1.0000
  0
VERTEX
  8
27
 10
54.6119
 20
15.0152
 30
0.0000
  0
SEQEND
  8
0
  0
POLYLINE
  8
27
 66
1
 10
0.0000
 20
0.0000
 30
0.0000
 40
0.0762
 41
0.0762
 70
0
  0
VERTEX
  8
27
 10
53.8881
 20
14.7951
 30
0.0000
  0
VERTEX
  8
27
 10
53.8881
 20
15.1972
 30
0.0000
  0
SEQEND
  8
0
  0
POLYLINE
  8
27
 66
1
 10
0.0000
 20
0.0000
 30
0.0000
 40
0.0381
 41
0.0381
 70
0
  0
VERTEX
  8
27
 10
53.9072
 20
15.1972
 30
0.0000
 42
1.0000
  0
VERTEX
  8
27
 10
53.8691
 20
15.1972
 30
0.0000
  0
SEQEND
  8
0
  0
POLYLINE
  8
27
 66
1
 10
0.0000
 20
0.0000
 30
0.0000
 40
0.0381
 41
0.0381
 70
0
  0
VERTEX
  8
27
 10
53.8691
 20
14.7951
 30
0.0000
 42
1.0000
  0
VERTEX
  8
27
 10
53.9072
 20
14.7951
 30
0.0000
  0
SEQEND
  8
0
  0
POLYLINE
  8
27
 66
1
 10
0.0000
 20
0.0000
 30
0.0000
 40
0.0762
 41
0.0762
 70
0
  0
VERTEX
  8
27
 10
54.3304
 20
15.4749
 30
0.0000
  0
VERTEX
  8
27
 10
54.3304
 20
15.9574
 30
0.0000
  0
SEQEND
  8
0
  0
POLYLINE
  8
27
 66
1
 10
0.0000
 20
0.0000
 30
0.0000
 40
0.0381
 41
0.0381
 70
0
  0
VERTEX
  8
27
 10
54.3495
 20
15.9574
 30
0.0000
 42
1.0000
  0
VERTEX
  8
27
 10
54.3114
 20
15.9574
 30
0.0000
  0
SEQEND
  8
0
  0
POLYLINE
  8
27
 66
1
 10
0.0000
 20
0.0000
 30
0.0000
 40
0.0381
 41
0.0381
 70
0
  0
VERTEX
  8
27
 10
54.3114
 20
15.4749
 30
0.0000
 42
1.0000
  0
VERTEX
  8
27
 10
54.3495
 20
15.4749
 30
0.0000
  0
SEQEND
  8
0
  0
POLYLINE
  8
27
 66
1
 10
0.0000
 20
0.0000
 30
0.0000
 40
0.0762
 41
0.0762
 70
0
  0
VERTEX
  8
27
 10
54.2098
 20
16.5885
 30
0.0000
  0
VERTEX
  8
27
 10
54.2098
 20
16.7092
 30
0.0000
  0
SEQEND
  8
0
  0
POLYLINE
  8
27
 66
1
 10
0.0000
 20
0.0000
 30
0.0000
 40
0.0381
 41
0.0381
 70
0
  0
VERTEX
  8
27
 10
54.2288
 20
16.7092
 30
0.0000
 42
1.0000
  0
VERTEX
  8
27
 10
54.1907
 20
16.7092
 30
0.0000
  0
SEQEND
  8
0
  0
POLYLINE
  8
27
 66
1
 10
0.0000
 20
0.0000
 30
0.0000
 40
0.0381
 41
0.0381
 70
0
  0
VERTEX
  8
27
 10
54.1907
 20
16.5885
 30
0.0000
 42
1.0000
  0
VERTEX
  8
27
 10
54.2288
 20
16.5885
 30
0.0000
  0
SEQEND
  8
0
  0
POLYLINE
  8
27
 66
1
 10
0.0000
 20
0.0000
 30
0.0000
 40
0.0762
 41
0.0762
 70
0
  0
VERTEX
  8
27
 10
54.2098
 20
16.7092
 30
0.0000
  0
VERTEX
  8
27
 10
54.6119
 20
16.7092
 30
0.0000
  0
SEQEND
  8
0
  0
POLYLINE
  8
27
 66
1
 10
0.0000
 20
0.0000
 30
0.0000
 40
0.0381
 41
0.0381
 70
0
  0
VERTEX
  8
27
 10
54.6119
 20
16.6901
 30
0.0000
 42
1.0000
  0
VERTEX
  8
27
 10
54.6119
 20
16.7282
 30
0.0000
  0
SEQEND
  8
0
  0
POLYLINE
  8
27
 66
1
 10
0.0000
 20
0.0000
 30
0.0000
 40
0.0381
 41
0.0381
 70
0
  0
VERTEX
  8
27
 10
54.2098
 20
16.7282
 30
0.0000
 42
1.0000
  0
VERTEX
  8
27
 10
54.2098
 20
16.6901
 30
0.0000
  0
SEQEND
  8
0
  0
POLYLINE
  8
27
 66
1
 10
0.0000
 20
0.0000
 30
0.0000
 40
0.0762
 41
0.0762
 70
0
  0
VERTEX
  8
27
 10
54.6119
 20
16.7092
 30
0.0000
  0
VERTEX
  8
27
 10
54.6119
 20
16.4679
 30
0.0000
  0
SEQEND
  8
0
  0
POLYLINE
  8
27
 66
1
 10
0.0000
 20
0.0000
 30
0.0000
 40
0.0381
 41
0.0381
 70
0
  0
VERTEX
  8
27
 10
54.5929
 20
16.4679
 30
0.0000
 42
1.0000
  0
VERTEX
  8
27
 10
54.6310
 20
16.4679
 30
0.0000
  0
SEQEND
  8
0
  0
POLYLINE
  8
27
 66
1
 10
0.0000
 20
0.0000
 30
0.0000
 40
0.0381
 41
0.0381
 70
0
  0
VERTEX
  8
27
 10
54.6310
 20
16.7092
 30
0.0000
 42
1.0000
  0
VERTEX
  8
27
 10
54.5929
 20
16.7092
 30
0.0000
  0
SEQEND
  8
0
  0
POLYLINE
  8
27
 66
1
 10
0.0000
 20
0.0000
 30
0.0000
 40
0.0762
 41
0.0762
 70
0
  0
VERTEX
  8
27
 10
54.4511
 20
16.3071
 30
0.0000
 42
0.4142
  0
VERTEX
  8
27
 10
54.6119
 20
16.4679
 30
0.0000
  0
SEQEND
  8
0
  0
POLYLINE
  8
27
 66
1
 10
0.0000
 20
0.0000
 30
0.0000
 40
0.0381
 41
0.0381
 70
0
  0
VERTEX
  8
27
 10
54.4511
 20
16.3261
 30
0.0000
 42
1.0000
  0
VERTEX
  8
27
 10
54.4511
 20
16.2880
 30
0.0000
  0
SEQEND
  8
0
  0
POLYLINE
  8
27
 66
1
 10
0.0000
 20
0.0000
 30
0.0000
 40
0.0381
 41
0.0381
 70
0
  0
VERTEX
  8
27
 10
54.6310
 20
16.4679
 30
0.0000
 42
1.0000
  0
VERTEX
  8
27
 10
54.5929
 20
16.4679
 30
0.0000
  0
SEQEND
  8
0
  0
POLYLINE
  8
27
 66
1
 10
0.0000
 20
0.0000
 30
0.0000
 40
0.0762
 41
0.0762
 70
0
  0
VERTEX
  8
27
 10
54.4511
 20
16.3071
 30
0.0000
  0
VERTEX
  8
27
 10
54.0489
 20
16.3071
 30
0.0000
  0
SEQEND
  8
0
  0
POLYLINE
  8
27
 66
1
 10
0.0000
 20
0.0000
 30
0.0000
 40
0.0381
 41
0.0381
 70
0
  0
VERTEX
  8
27
 10
54.0489
 20
16.3261
 30
0.0000
 42
1.0000
  0
VERTEX
  8
27
 10
54.0489
 20
16.2880
 30
0.0000
  0
SEQEND
  8
0
  0
POLYLINE
  8
27
 66
1
 10
0.0000
 20
0.0000
 30
0.0000
 40
0.0381
 41
0.0381
 70
0
  0
VERTEX
  8
27
 10
54.4511
 20
16.2880
 30
0.0000
 42
1.0000
  0
VERTEX
  8
27
 10
54.4511
 20
16.3261
 30
0.0000
  0
SEQEND
  8
0
  0
POLYLINE
  8
27
 66
1
 10
0.0000
 20
0.0000
 30
0.0000
 40
0.0762
 41
0.0762
 70
0
  0
VERTEX
  8
27
 10
53.8881
 20
16.4679
 30
0.0000
 42
0.4142
  0
VERTEX
  8
27
 10
54.0489
 20
16.3071
 30
0.0000
  0
SEQEND
  8
0
  0
POLYLINE
  8
27
 66
1
 10
0.0000
 20
0.0000
 30
0.0000
 40
0.0381
 41
0.0381
 70
0
  0
VERTEX
  8
27
 10
53.9071
 20
16.4679
 30
0.0000
 42
1.0000
  0
VERTEX
  8
27
 10
53.8690
 20
16.4679
 30
0.0000
  0
SEQEND
  8
0
  0
POLYLINE
  8
27
 66
1
 10
0.0000
 20
0.0000
 30
0.0000
 40
0.0381
 41
0.0381
 70
0
  0
VERTEX
  8
27
 10
54.0489
 20
16.2880
 30
0.0000
 42
1.0000
  0
VERTEX
  8
27
 10
54.0489
 20
16.3261
 30
0.0000
  0
SEQEND
  8
0
  0
POLYLINE
  8
27
 66
1
 10
0.0000
 20
0.0000
 30
0.0000
 40
0.0762
 41
0.0762
 70
0
  0
VERTEX
  8
27
 10
53.8881
 20
16.4679
 30
0.0000
  0
VERTEX
  8
27
 10
53.8881
 20
16.7092
 30
0.0000
  0
SEQEND
  8
0
  0
POLYLINE
  8
27
 66
1
 10
0.0000
 20
0.0000
 30
0.0000
 40
0.0381
 41
0.0381
 70
0
  0
VERTEX
  8
27
 10
53.9072
 20
16.7092
 30
0.0000
 42
1.0000
  0
VERTEX
  8
27
 10
53.8691
 20
16.7092
 30
0.0000
  0
SEQEND
  8
0
  0
POLYLINE
  8
27
 66
1
 10
0.0000
 20
0.0000
 30
0.0000
 40
0.0381
 41
0.0381
 70
0
  0
VERTEX
  8
27
 10
53.8691
 20
16.4679
 30
0.0000
 42
1.0000
  0
VERTEX
  8
27
 10
53.9072
 20
16.4679
 30
0.0000
  0
SEQEND
  8
0
  0
POLYLINE
  8
27
 66
1
 10
0.0000
 20
0.0000
 30
0.0000
 40
0.0762
 41
0.0762
 70
0
  0
VERTEX
  8
27
 10
54.6119
 20
17.3983
 30
0.0000
  0
VERTEX
  8
27
 10
54.6119
 20
17.0766
 30
0.0000
  0
SEQEND
  8
0
  0
POLYLINE
  8
27
 66
1
 10
0.0000
 20
0.0000
 30
0.0000
 40
0.0381
 41
0.0381
 70
0
  0
VERTEX
  8
27
 10
54.5929
 20
17.0766
 30
0.0000
 42
1.0000
  0
VERTEX
  8
27
 10
54.6310
 20
17.0766
 30
0.0000
  0
SEQEND
  8
0
  0
POLYLINE
  8
27
 66
1
 10
0.0000
 20
0.0000
 30
0.0000
 40
0.0381
 41
0.0381
 70
0
  0
VERTEX
  8
27
 10
54.6310
 20
17.3983
 30
0.0000
 42
1.0000
  0
VERTEX
  8
27
 10
54.5929
 20
17.3983
 30
0.0000
  0
SEQEND
  8
0
  0
POLYLINE
  8
27
 66
1
 10
0.0000
 20
0.0000
 30
0.0000
 40
0.0762
 41
0.0762
 70
0
  0
VERTEX
  8
27
 10
54.6119
 20
17.0766
 30
0.0000
  0
VERTEX
  8
27
 10
53.8881
 20
17.0766
 30
0.0000
  0
SEQEND
  8
0
  0
POLYLINE
  8
27
 66
1
 10
0.0000
 20
0.0000
 30
0.0000
 40
0.0381
 41
0.0381
 70
0
  0
VERTEX
  8
27
 10
53.8881
 20
17.0957
 30
0.0000
 42
1.0000
  0
VERTEX
  8
27
 10
53.8881
 20
17.0576
 30
0.0000
  0
SEQEND
  8
0
  0
POLYLINE
  8
27
 66
1
 10
0.0000
 20
0.0000
 30
0.0000
 40
0.0381
 41
0.0381
 70
0
  0
VERTEX
  8
27
 10
54.6119
 20
17.0576
 30
0.0000
 42
1.0000
  0
VERTEX
  8
27
 10
54.6119
 20
17.0957
 30
0.0000
  0
SEQEND
  8
0
  0
POLYLINE
  8
27
 66
1
 10
0.0000
 20
0.0000
 30
0.0000
 40
0.0762
 41
0.0762
 70
0
  0
VERTEX
  8
27
 10
53.8881
 20
17.0766
 30
0.0000
  0
VERTEX
  8
27
 10
53.8881
 20
17.3983
 30
0.0000
  0
SEQEND
  8
0
  0
POLYLINE
  8
27
 66
1
 10
0.0000
 20
0.0000
 30
0.0000
 40
0.0381
 41
0.0381
 70
0
  0
VERTEX
  8
27
 10
53.9072
 20
17.3983
 30
0.0000
 42
1.0000
  0
VERTEX
  8
27
 10
53.8691
 20
17.3983
 30
0.0000
  0
SEQEND
  8
0
  0
POLYLINE
  8
27
 66
1
 10
0.0000
 20
0.0000
 30
0.0000
 40
0.0381
 41
0.0381
 70
0
  0
VERTEX
  8
27
 10
53.8691
 20
17.0766
 30
0.0000
 42
1.0000
  0
VERTEX
  8
27
 10
53.9072
 20
17.0766
 30
0.0000
  0
SEQEND
  8
0
  0
POLYLINE
  8
27
 66
1
 10
0.0000
 20
0.0000
 30
0.0000
 40
0.0762
 41
0.0762
 70
0
  0
VERTEX
  8
27
 10
54.2098
 20
17.0766
 30
0.0000
  0
VERTEX
  8
27
 10
54.2098
 20
17.3179
 30
0.0000
  0
SEQEND
  8
0
  0
POLYLINE
  8
27
 66
1
 10
0.0000
 20
0.0000
 30
0.0000
 40
0.0381
 41
0.0381
 70
0
  0
VERTEX
  8
27
 10
54.2288
 20
17.3179
 30
0.0000
 42
1.0000
  0
VERTEX
  8
27
 10
54.1907
 20
17.3179
 30
0.0000
  0
SEQEND
  8
0
  0
POLYLINE
  8
27
 66
1
 10
0.0000
 20
0.0000
 30
0.0000
 40
0.0381
 41
0.0381
 70
0
  0
VERTEX
  8
27
 10
54.1907
 20
17.0766
 30
0.0000
 42
1.0000
  0
VERTEX
  8
27
 10
54.2288
 20
17.0766
 30
0.0000
  0
SEQEND
  8
0
  0
POLYLINE
  8
27
 66
1
 10
0.0000
 20
0.0000
 30
0.0000
 40
0.0762
 41
0.0762
 70
0
  0
VERTEX
  8
27
 10
54.6119
 20
17.6991
 30
0.0000
  0
VERTEX
  8
27
 10
53.8881
 20
17.6991
 30
0.0000
  0
SEQEND
  8
0
  0
POLYLINE
  8
27
 66
1
 10
0.0000
 20
0.0000
 30
0.0000
 40
0.0381
 41
0.0381
 70
0
  0
VERTEX
  8
27
 10
53.8881
 20
17.7181
 30
0.0000
 42
1.0000
  0
VERTEX
  8
27
 10
53.8881
 20
17.6800
 30
0.0000
  0
SEQEND
  8
0
  0
POLYLINE
  8
27
 66
1
 10
0.0000
 20
0.0000
 30
0.0000
 40
0.0381
 41
0.0381
 70
0
  0
VERTEX
  8
27
 10
54.6119
 20
17.6800
 30
0.0000
 42
1.0000
  0
VERTEX
  8
27
 10
54.6119
 20
17.7181
 30
0.0000
  0
SEQEND
  8
0
  0
POLYLINE
  8
27
 66
1
 10
0.0000
 20
0.0000
 30
0.0000
 40
0.0762
 41
0.0762
 70
0
  0
VERTEX
  8
27
 10
53.8881
 20
17.6991
 30
0.0000
  0
VERTEX
  8
27
 10
54.6119
 20
18.1012
 30
0.0000
  0
SEQEND
  8
0
  0
POLYLINE
  8
27
 66
1
 10
0.0000
 20
0.0000
 30
0.0000
 40
0.0381
 41
0.0381
 70
0
  0
VERTEX
  8
27
 10
54.6212
 20
18.0845
 30
0.0000
 42
1.0000
  0
VERTEX
  8
27
 10
54.6026
 20
18.1178
 30
0.0000
  0
SEQEND
  8
0
  0
POLYLINE
  8
27
 66
1
 10
0.0000
 20
0.0000
 30
0.0000
 40
0.0381
 41
0.0381
 70
0
  0
VERTEX
  8
27
 10
53.8788
 20
17.7157
 30
0.0000
 42
1.0000
  0
VERTEX
  8
27
 10
53.8974
 20
17.6824
 30
0.0000
  0
SEQEND
  8
0
  0
POLYLINE
  8
27
 66
1
 10
0.0000
 20
0.0000
 30
0.0000
 40
0.0762
 41
0.0762
 70
0
  0
VERTEX
  8
27
 10
54.6119
 20
18.1012
 30
0.0000
  0
VERTEX
  8
27
 10
53.8881
 20
18.1012
 30
0.0000
  0
SEQEND
  8
0
  0
POLYLINE
  8
27
 66
1
 10
0.0000
 20
0.0000
 30
0.0000
 40
0.0381
 41
0.0381
 70
0
  0
VERTEX
  8
27
 10
53.8881
 20
18.1202
 30
0.0000
 42
1.0000
  0
VERTEX
  8
27
 10
53.8881
 20
18.0821
 30
0.0000
  0
SEQEND
  8
0
  0
POLYLINE
  8
27
 66
1
 10
0.0000
 20
0.0000
 30
0.0000
 40
0.0381
 41
0.0381
 70
0
  0
VERTEX
  8
27
 10
54.6119
 20
18.0821
 30
0.0000
 42
1.0000
  0
VERTEX
  8
27
 10
54.6119
 20
18.1202
 30
0.0000
  0
SEQEND
  8
0
  0
POLYLINE
  8
27
 66
1
 10
0.0000
 20
0.0000
 30
0.0000
 40
0.0762
 41
0.0762
 70
0
  0
VERTEX
  8
27
 10
54.6119
 20
18.7903
 30
0.0000
  0
VERTEX
  8
27
 10
54.6119
 20
18.4686
 30
0.0000
  0
SEQEND
  8
0
  0
POLYLINE
  8
27
 66
1
 10
0.0000
 20
0.0000
 30
0.0000
 40
0.0381
 41
0.0381
 70
0
  0
VERTEX
  8
27
 10
54.5929
 20
18.4686
 30
0.0000
 42
1.0000
  0
VERTEX
  8
27
 10
54.6310
 20
18.4686
 30
0.0000
  0
SEQEND
  8
0
  0
POLYLINE
  8
27
 66
1
 10
0.0000
 20
0.0000
 30
0.0000
 40
0.0381
 41
0.0381
 70
0
  0
VERTEX
  8
27
 10
54.6310
 20
18.7903
 30
0.0000
 42
1.0000
  0
VERTEX
  8
27
 10
54.5929
 20
18.7903
 30
0.0000
  0
SEQEND
  8
0
  0
POLYLINE
  8
27
 66
1
 10
0.0000
 20
0.0000
 30
0.0000
 40
0.0762
 41
0.0762
 70
0
  0
VERTEX
  8
27
 10
54.6119
 20
18.4686
 30
0.0000
  0
VERTEX
  8
27
 10
53.8881
 20
18.4686
 30
0.0000
  0
SEQEND
  8
0
  0
POLYLINE
  8
27
 66
1
 10
0.0000
 20
0.0000
 30
0.0000
 40
0.0381
 41
0.0381
 70
0
  0
VERTEX
  8
27
 10
53.8881
 20
18.4877
 30
0.0000
 42
1.0000
  0
VERTEX
  8
27
 10
53.8881
 20
18.4496
 30
0.0000
  0
SEQEND
  8
0
  0
POLYLINE
  8
27
 66
1
 10
0.0000
 20
0.0000
 30
0.0000
 40
0.0381
 41
0.0381
 70
0
  0
VERTEX
  8
27
 10
54.6119
 20
18.4496
 30
0.0000
 42
1.0000
  0
VERTEX
  8
27
 10
54.6119
 20
18.4877
 30
0.0000
  0
SEQEND
  8
0
  0
POLYLINE
  8
27
 66
1
 10
0.0000
 20
0.0000
 30
0.0000
 40
0.0762
 41
0.0762
 70
0
  0
VERTEX
  8
27
 10
53.8881
 20
18.4686
 30
0.0000
  0
VERTEX
  8
27
 10
53.8881
 20
18.7903
 30
0.0000
  0
SEQEND
  8
0
  0
POLYLINE
  8
27
 66
1
 10
0.0000
 20
0.0000
 30
0.0000
 40
0.0381
 41
0.0381
 70
0
  0
VERTEX
  8
27
 10
53.9072
 20
18.7903
 30
0.0000
 42
1.0000
  0
VERTEX
  8
27
 10
53.8691
 20
18.7903
 30
0.0000
  0
SEQEND
  8
0
  0
POLYLINE
  8
27
 66
1
 10
0.0000
 20
0.0000
 30
0.0000
 40
0.0381
 41
0.0381
 70
0
  0
VERTEX
  8
27
 10
53.8691
 20
18.4686
 30
0.0000
 42
1.0000
  0
VERTEX
  8
27
 10
53.9072
 20
18.4686
 30
0.0000
  0
SEQEND
  8
0
  0
POLYLINE
  8
27
 66
1
 10
0.0000
 20
0.0000
 30
0.0000
 40
0.0762
 41
0.0762
 70
0
  0
VERTEX
  8
27
 10
54.2098
 20
18.4686
 30
0.0000
  0
VERTEX
  8
27
 10
54.2098
 20
18.7099
 30
0.0000
  0
SEQEND
  8
0
  0
POLYLINE
  8
27
 66
1
 10
0.0000
 20
0.0000
 30
0.0000
 40
0.0381
 41
0.0381
 70
0
  0
VERTEX
  8
27
 10
54.2288
 20
18.7099
 30
0.0000
 42
1.0000
  0
VERTEX
  8
27
 10
54.1907
 20
18.7099
 30
0.0000
  0
SEQEND
  8
0
  0
POLYLINE
  8
27
 66
1
 10
0.0000
 20
0.0000
 30
0.0000
 40
0.0381
 41
0.0381
 70
0
  0
VERTEX
  8
27
 10
54.1907
 20
18.4686
 30
0.0000
 42
1.0000
  0
VERTEX
  8
27
 10
54.2288
 20
18.4686
 30
0.0000
  0
SEQEND
  8
0
  0
POLYLINE
  8
27
 66
1
 10
0.0000
 20
0.0000
 30
0.0000
 40
0.0762
 41
0.0762
 70
0
  0
VERTEX
  8
27
 10
54.6119
 20
19.0961
 30
0.0000
  0
VERTEX
  8
27
 10
53.8881
 20
19.0961
 30
0.0000
  0
SEQEND
  8
0
  0
POLYLINE
  8
27
 66
1
 10
0.0000
 20
0.0000
 30
0.0000
 40
0.0381
 41
0.0381
 70
0
  0
VERTEX
  8
27
 10
53.8881
 20
19.1152
 30
0.0000
 42
1.0000
  0
VERTEX
  8
27
 10
53.8881
 20
19.0771
 30
0.0000
  0
SEQEND
  8
0
  0
POLYLINE
  8
27
 66
1
 10
0.0000
 20
0.0000
 30
0.0000
 40
0.0381
 41
0.0381
 70
0
  0
VERTEX
  8
27
 10
54.6119
 20
19.0771
 30
0.0000
 42
1.0000
  0
VERTEX
  8
27
 10
54.6119
 20
19.1152
 30
0.0000
  0
SEQEND
  8
0
  0
POLYLINE
  8
27
 66
1
 10
0.0000
 20
0.0000
 30
0.0000
 40
0.0762
 41
0.0762
 70
0
  0
VERTEX
  8
27
 10
53.8881
 20
19.0961
 30
0.0000
  0
VERTEX
  8
27
 10
53.8881
 20
19.2972
 30
0.0000
  0
SEQEND
  8
0
  0
POLYLINE
  8
27
 66
1
 10
0.0000
 20
0.0000
 30
0.0000
 40
0.0381
 41
0.0381
 70
0
  0
VERTEX
  8
27
 10
53.9072
 20
19.2972
 30
0.0000
 42
1.0000
  0
VERTEX
  8
27
 10
53.8691
 20
19.2972
 30
0.0000
  0
SEQEND
  8
0
  0
POLYLINE
  8
27
 66
1
 10
0.0000
 20
0.0000
 30
0.0000
 40
0.0381
 41
0.0381
 70
0
  0
VERTEX
  8
27
 10
53.8691
 20
19.0961
 30
0.0000
 42
1.0000
  0
VERTEX
  8
27
 10
53.9072
 20
19.0961
 30
0.0000
  0
SEQEND
  8
0
  0
POLYLINE
  8
27
 66
1
 10
0.0000
 20
0.0000
 30
0.0000
 40
0.0762
 41
0.0762
 70
0
  0
VERTEX
  8
27
 10
54.2902
 20
19.2972
 30
0.0000
 42
1.0000
  0
VERTEX
  8
27
 10
53.8881
 20
19.2972
 30
0.0000
  0
SEQEND
  8
0
  0
POLYLINE
  8
27
 66
1
 10
0.0000
 20
0.0000
 30
0.0000
 40
0.0381
 41
0.0381
 70
0
  0
VERTEX
  8
27
 10
54.2712
 20
19.2972
 30
0.0000
 42
1.0000
  0
VERTEX
  8
27
 10
54.3093
 20
19.2972
 30
0.0000
  0
SEQEND
  8
0
  0
POLYLINE
  8
27
 66
1
 10
0.0000
 20
0.0000
 30
0.0000
 40
0.0381
 41
0.0381
 70
0
  0
VERTEX
  8
27
 10
53.8691
 20
19.2972
 30
0.0000
 42
1.0000
  0
VERTEX
  8
27
 10
53.9072
 20
19.2972
 30
0.0000
  0
SEQEND
  8
0
  0
POLYLINE
  8
27
 66
1
 10
0.0000
 20
0.0000
 30
0.0000
 40
0.0762
 41
0.0762
 70
0
  0
VERTEX
  8
27
 10
54.2902
 20
19.2972
 30
0.0000
  0
VERTEX
  8
27
 10
54.2902
 20
19.0961
 30
0.0000
  0
SEQEND
  8
0
  0
POLYLINE
  8
27
 66
1
 10
0.0000
 20
0.0000
 30
0.0000
 40
0.0381
 41
0.0381
 70
0
  0
VERTEX
  8
27
 10
54.2712
 20
19.0961
 30
0.0000
 42
1.0000
  0
VERTEX
  8
27
 10
54.3093
 20
19.0961
 30
0.0000
  0
SEQEND
  8
0
  0
POLYLINE
  8
27
 66
1
 10
0.0000
 20
0.0000
 30
0.0000
 40
0.0381
 41
0.0381
 70
0
  0
VERTEX
  8
27
 10
54.3093
 20
19.2972
 30
0.0000
 42
1.0000
  0
VERTEX
  8
27
 10
54.2712
 20
19.2972
 30
0.0000
  0
SEQEND
  8
0
  0
POLYLINE
  8
27
 66
1
 10
0.0000
 20
0.0000
 30
0.0000
 40
0.0762
 41
0.0762
 70
0
  0
VERTEX
  8
27
 10
54.6119
 20
19.4983
 30
0.0000
  0
VERTEX
  8
27
 10
54.2902
 20
19.3374
 30
0.0000
  0
SEQEND
  8
0
  0
POLYLINE
  8
27
 66
1
 10
0.0000
 20
0.0000
 30
0.0000
 40
0.0381
 41
0.0381
 70
0
  0
VERTEX
  8
27
 10
54.2817
 20
19.3545
 30
0.0000
 42
1.0000
  0
VERTEX
  8
27
 10
54.2987
 20
19.3204
 30
0.0000
  0
SEQEND
  8
0
  0
POLYLINE
  8
27
 66
1
 10
0.0000
 20
0.0000
 30
0.0000
 40
0.0381
 41
0.0381
 70
0
  0
VERTEX
  8
27
 10
54.6204
 20
19.4812
 30
0.0000
 42
1.0000
  0
VERTEX
  8
27
 10
54.6034
 20
19.5153
 30
0.0000
  0
SEQEND
  8
0
  0
POLYLINE
  8
27
 66
1
 10
0.0000
 20
0.0000
 30
0.0000
 40
0.0762
 41
0.0762
 70
0
  0
VERTEX
  8
27
 10
53.8881
 20
19.8681
 30
0.0000
  0
VERTEX
  8
27
 10
54.6119
 20
19.8681
 30
0.0000
  0
SEQEND
  8
0
  0
POLYLINE
  8
27
 66
1
 10
0.0000
 20
0.0000
 30
0.0000
 40
0.0381
 41
0.0381
 70
0
  0
VERTEX
  8
27
 10
54.6119
 20
19.8491
 30
0.0000
 42
1.0000
  0
VERTEX
  8
27
 10
54.6119
 20
19.8872
 30
0.0000
  0
SEQEND
  8
0
  0
POLYLINE
  8
27
 66
1
 10
0.0000
 20
0.0000
 30
0.0000
 40
0.0381
 41
0.0381
 70
0
  0
VERTEX
  8
27
 10
53.8881
 20
19.8872
 30
0.0000
 42
1.0000
  0
VERTEX
  8
27
 10
53.8881
 20
19.8491
 30
0.0000
  0
SEQEND
  8
0
  0
POLYLINE
  8
27
 66
1
 10
0.0000
 20
0.0000
 30
0.0000
 40
0.0762
 41
0.0762
 70
0
  0
VERTEX
  8
27
 10
54.6119
 20
19.7877
 30
0.0000
  0
VERTEX
  8
27
 10
54.6119
 20
19.9485
 30
0.0000
  0
SEQEND
  8
0
  0
POLYLINE
  8
27
 66
1
 10
0.0000
 20
0.0000
 30
0.0000
 40
0.0381
 41
0.0381
 70
0
  0
VERTEX
  8
27
 10
54.6310
 20
19.9485
 30
0.0000
 42
1.0000
  0
VERTEX
  8
27
 10
54.5929
 20
19.9485
 30
0.0000
  0
SEQEND
  8
0
  0
POLYLINE
  8
27
 66
1
 10
0.0000
 20
0.0000
 30
0.0000
 40
0.0381
 41
0.0381
 70
0
  0
VERTEX
  8
27
 10
54.5929
 20
19.7877
 30
0.0000
 42
1.0000
  0
VERTEX
  8
27
 10
54.6310
 20
19.7877
 30
0.0000
  0
SEQEND
  8
0
  0
POLYLINE
  8
27
 66
1
 10
0.0000
 20
0.0000
 30
0.0000
 40
0.0762
 41
0.0762
 70
0
  0
VERTEX
  8
27
 10
53.8881
 20
19.7877
 30
0.0000
  0
VERTEX
  8
27
 10
53.8881
 20
19.9485
 30
0.0000
  0
SEQEND
  8
0
  0
POLYLINE
  8
27
 66
1
 10
0.0000
 20
0.0000
 30
0.0000
 40
0.0381
 41
0.0381
 70
0
  0
VERTEX
  8
27
 10
53.9072
 20
19.9485
 30
0.0000
 42
1.0000
  0
VERTEX
  8
27
 10
53.8691
 20
19.9485
 30
0.0000
  0
SEQEND
  8
0
  0
POLYLINE
  8
27
 66
1
 10
0.0000
 20
0.0000
 30
0.0000
 40
0.0381
 41
0.0381
 70
0
  0
VERTEX
  8
27
 10
53.8691
 20
19.7877
 30
0.0000
 42
1.0000
  0
VERTEX
  8
27
 10
53.9072
 20
19.7877
 30
0.0000
  0
SEQEND
  8
0
  0
POLYLINE
  8
27
 66
1
 10
0.0000
 20
0.0000
 30
0.0000
 40
0.0762
 41
0.0762
 70
0
  0
VERTEX
  8
27
 10
54.6119
 20
20.5625
 30
0.0000
  0
VERTEX
  8
27
 10
54.6119
 20
20.4016
 30
0.0000
  0
SEQEND
  8
0
  0
POLYLINE
  8
27
 66
1
 10
0.0000
 20
0.0000
 30
0.0000
 40
0.0381
 41
0.0381
 70
0
  0
VERTEX
  8
27
 10
54.5929
 20
20.4016
 30
0.0000
 42
1.0000
  0
VERTEX
  8
27
 10
54.6310
 20
20.4016
 30
0.0000
  0
SEQEND
  8
0
  0
POLYLINE
  8
27
 66
1
 10
0.0000
 20
0.0000
 30
0.0000
 40
0.0381
 41
0.0381
 70
0
  0
VERTEX
  8
27
 10
54.6310
 20
20.5625
 30
0.0000
 42
1.0000
  0
VERTEX
  8
27
 10
54.5929
 20
20.5625
 30
0.0000
  0
SEQEND
  8
0
  0
POLYLINE
  8
27
 66
1
 10
0.0000
 20
0.0000
 30
0.0000
 40
0.0762
 41
0.0762
 70
0
  0
VERTEX
  8
27
 10
54.4511
 20
20.2408
 30
0.0000
 42
0.4142
  0
VERTEX
  8
27
 10
54.6119
 20
20.4016
 30
0.0000
  0
SEQEND
  8
0
  0
POLYLINE
  8
27
 66
1
 10
0.0000
 20
0.0000
 30
0.0000
 40
0.0381
 41
0.0381
 70
0
  0
VERTEX
  8
27
 10
54.4511
 20
20.2598
 30
0.0000
 42
1.0000
  0
VERTEX
  8
27
 10
54.4511
 20
20.2217
 30
0.0000
  0
SEQEND
  8
0
  0
POLYLINE
  8
27
 66
1
 10
0.0000
 20
0.0000
 30
0.0000
 40
0.0381
 41
0.0381
 70
0
  0
VERTEX
  8
27
 10
54.6310
 20
20.4016
 30
0.0000
 42
1.0000
  0
VERTEX
  8
27
 10
54.5929
 20
20.4016
 30
0.0000
  0
SEQEND
  8
0
  0
POLYLINE
  8
27
 66
1
 10
0.0000
 20
0.0000
 30
0.0000
 40
0.0762
 41
0.0762
 70
0
  0
VERTEX
  8
27
 10
54.4511
 20
20.2408
 30
0.0000
  0
VERTEX
  8
27
 10
54.0489
 20
20.2408
 30
0.0000
  0
SEQEND
  8
0
  0
POLYLINE
  8
27
 66
1
 10
0.0000
 20
0.0000
 30
0.0000
 40
0.0381
 41
0.0381
 70
0
  0
VERTEX
  8
27
 10
54.0489
 20
20.2598
 30
0.0000
 42
1.0000
  0
VERTEX
  8
27
 10
54.0489
 20
20.2217
 30
0.0000
  0
SEQEND
  8
0
  0
POLYLINE
  8
27
 66
1
 10
0.0000
 20
0.0000
 30
0.0000
 40
0.0381
 41
0.0381
 70
0
  0
VERTEX
  8
27
 10
54.4511
 20
20.2217
 30
0.0000
 42
1.0000
  0
VERTEX
  8
27
 10
54.4511
 20
20.2598
 30
0.0000
  0
SEQEND
  8
0
  0
POLYLINE
  8
27
 66
1
 10
0.0000
 20
0.0000
 30
0.0000
 40
0.0762
 41
0.0762
 70
0
  0
VERTEX
  8
27
 10
53.8881
 20
20.4016
 30
0.0000
 42
0.4142
  0
VERTEX
  8
27
 10
54.0489
 20
20.2408
 30
0.0000
  0
SEQEND
  8
0
  0
POLYLINE
  8
27
 66
1
 10
0.0000
 20
0.0000
 30
0.0000
 40
0.0381
 41
0.0381
 70
0
  0
VERTEX
  8
27
 10
53.9071
 20
20.4016
 30
0.0000
 42
1.0000
  0
VERTEX
  8
27
 10
53.8690
 20
20.4016
 30
0.0000
  0
SEQEND
  8
0
  0
POLYLINE
  8
27
 66
1
 10
0.0000
 20
0.0000
 30
0.0000
 40
0.0381
 41
0.0381
 70
0
  0
VERTEX
  8
27
 10
54.0489
 20
20.2217
 30
0.0000
 42
1.0000
  0
VERTEX
  8
27
 10
54.0489
 20
20.2598
 30
0.0000
  0
SEQEND
  8
0
  0
POLYLINE
  8
27
 66
1
 10
0.0000
 20
0.0000
 30
0.0000
 40
0.0762
 41
0.0762
 70
0
  0
VERTEX
  8
27
 10
53.8881
 20
20.4016
 30
0.0000
  0
VERTEX
  8
27
 10
53.8881
 20
20.5625
 30
0.0000
  0
SEQEND
  8
0
  0
POLYLINE
  8
27
 66
1
 10
0.0000
 20
0.0000
 30
0.0000
 40
0.0381
 41
0.0381
 70
0
  0
VERTEX
  8
27
 10
53.9072
 20
20.5625
 30
0.0000
 42
1.0000
  0
VERTEX
  8
27
 10
53.8691
 20
20.5625
 30
0.0000
  0
SEQEND
  8
0
  0
POLYLINE
  8
27
 66
1
 10
0.0000
 20
0.0000
 30
0.0000
 40
0.0381
 41
0.0381
 70
0
  0
VERTEX
  8
27
 10
53.8691
 20
20.4016
 30
0.0000
 42
1.0000
  0
VERTEX
  8
27
 10
53.9072
 20
20.4016
 30
0.0000
  0
SEQEND
  8
0
  0
POLYLINE
  8
27
 66
1
 10
0.0000
 20
0.0000
 30
0.0000
 40
0.0762
 41
0.0762
 70
0
  0
VERTEX
  8
27
 10
54.3304
 20
20.8509
 30
0.0000
  0
VERTEX
  8
27
 10
54.3304
 20
21.3334
 30
0.0000
  0
SEQEND
  8
0
  0
POLYLINE
  8
27
 66
1
 10
0.0000
 20
0.0000
 30
0.0000
 40
0.0381
 41
0.0381
 70
0
  0
VERTEX
  8
27
 10
54.3495
 20
21.3334
 30
0.0000
 42
1.0000
  0
VERTEX
  8
27
 10
54.3114
 20
21.3334
 30
0.0000
  0
SEQEND
  8
0
  0
POLYLINE
  8
27
 66
1
 10
0.0000
 20
0.0000
 30
0.0000
 40
0.0381
 41
0.0381
 70
0
  0
VERTEX
  8
27
 10
54.3114
 20
20.8509
 30
0.0000
 42
1.0000
  0
VERTEX
  8
27
 10
54.3495
 20
20.8509
 30
0.0000
  0
SEQEND
  8
0
  0
POLYLINE
  8
27
 66
1
 10
0.0000
 20
0.0000
 30
0.0000
 40
0.0762
 41
0.0762
 70
0
  0
VERTEX
  8
27
 10
53.8881
 20
21.6189
 30
0.0000
  0
VERTEX
  8
27
 10
54.6119
 20
21.8601
 30
0.0000
  0
SEQEND
  8
0
  0
POLYLINE
  8
27
 66
1
 10
0.0000
 20
0.0000
 30
0.0000
 40
0.0381
 41
0.0381
 70
0
  0
VERTEX
  8
27
 10
54.6179
 20
21.8420
 30
0.0000
 42
1.0000
  0
VERTEX
  8
27
 10
54.6059
 20
21.8782
 30
0.0000
  0
SEQEND
  8
0
  0
POLYLINE
  8
27
 66
1
 10
0.0000
 20
0.0000
 30
0.0000
 40
0.0381
 41
0.0381
 70
0
  0
VERTEX
  8
27
 10
53.8821
 20
21.6369
 30
0.0000
 42
1.0000
  0
VERTEX
  8
27
 10
53.8941
 20
21.6008
 30
0.0000
  0
SEQEND
  8
0
  0
POLYLINE
  8
27
 66
1
 10
0.0000
 20
0.0000
 30
0.0000
 40
0.0762
 41
0.0762
 70
0
  0
VERTEX
  8
27
 10
54.6119
 20
21.8601
 30
0.0000
  0
VERTEX
  8
27
 10
53.8881
 20
22.1014
 30
0.0000
  0
SEQEND
  8
0
  0
POLYLINE
  8
27
 66
1
 10
0.0000
 20
0.0000
 30
0.0000
 40
0.0381
 41
0.0381
 70
0
  0
VERTEX
  8
27
 10
53.8941
 20
22.1195
 30
0.0000
 42
1.0000
  0
VERTEX
  8
27
 10
53.8821
 20
22.0833
 30
0.0000
  0
SEQEND
  8
0
  0
POLYLINE
  8
27
 66
1
 10
0.0000
 20
0.0000
 30
0.0000
 40
0.0381
 41
0.0381
 70
0
  0
VERTEX
  8
27
 10
54.6059
 20
21.8420
 30
0.0000
 42
1.0000
  0
VERTEX
  8
27
 10
54.6179
 20
21.8782
 30
0.0000
  0
SEQEND
  8
0
  0
POLYLINE
  8
27
 66
1
 10
0.0000
 20
0.0000
 30
0.0000
 40
0.0762
 41
0.0762
 70
0
  0
VERTEX
  8
27
 10
54.6119
 20
22.7263
 30
0.0000
  0
VERTEX
  8
27
 10
54.6119
 20
22.4046
 30
0.0000
  0
SEQEND
  8
0
  0
POLYLINE
  8
27
 66
1
 10
0.0000
 20
0.0000
 30
0.0000
 40
0.0381
 41
0.0381
 70
0
  0
VERTEX
  8
27
 10
54.5929
 20
22.4046
 30
0.0000
 42
1.0000
  0
VERTEX
  8
27
 10
54.6310
 20
22.4046
 30
0.0000
  0
SEQEND
  8
0
  0
POLYLINE
  8
27
 66
1
 10
0.0000
 20
0.0000
 30
0.0000
 40
0.0381
 41
0.0381
 70
0
  0
VERTEX
  8
27
 10
54.6310
 20
22.7263
 30
0.0000
 42
1.0000
  0
VERTEX
  8
27
 10
54.5929
 20
22.7263
 30
0.0000
  0
SEQEND
  8
0
  0
POLYLINE
  8
27
 66
1
 10
0.0000
 20
0.0000
 30
0.0000
 40
0.0762
 41
0.0762
 70
0
  0
VERTEX
  8
27
 10
54.6119
 20
22.4046
 30
0.0000
  0
VERTEX
  8
27
 10
53.8881
 20
22.4046
 30
0.0000
  0
SEQEND
  8
0
  0
POLYLINE
  8
27
 66
1
 10
0.0000
 20
0.0000
 30
0.0000
 40
0.0381
 41
0.0381
 70
0
  0
VERTEX
  8
27
 10
53.8881
 20
22.4237
 30
0.0000
 42
1.0000
  0
VERTEX
  8
27
 10
53.8881
 20
22.3856
 30
0.0000
  0
SEQEND
  8
0
  0
POLYLINE
  8
27
 66
1
 10
0.0000
 20
0.0000
 30
0.0000
 40
0.0381
 41
0.0381
 70
0
  0
VERTEX
  8
27
 10
54.6119
 20
22.3856
 30
0.0000
 42
1.0000
  0
VERTEX
  8
27
 10
54.6119
 20
22.4237
 30
0.0000
  0
SEQEND
  8
0
  0
POLYLINE
  8
27
 66
1
 10
0.0000
 20
0.0000
 30
0.0000
 40
0.0762
 41
0.0762
 70
0
  0
VERTEX
  8
27
 10
53.8881
 20
22.4046
 30
0.0000
  0
VERTEX
  8
27
 10
53.8881
 20
22.7263
 30
0.0000
  0
SEQEND
  8
0
  0
POLYLINE
  8
27
 66
1
 10
0.0000
 20
0.0000
 30
0.0000
 40
0.0381
 41
0.0381
 70
0
  0
VERTEX
  8
27
 10
53.9072
 20
22.7263
 30
0.0000
 42
1.0000
  0
VERTEX
  8
27
 10
53.8691
 20
22.7263
 30
0.0000
  0
SEQEND
  8
0
  0
POLYLINE
  8
27
 66
1
 10
0.0000
 20
0.0000
 30
0.0000
 40
0.0381
 41
0.0381
 70
0
  0
VERTEX
  8
27
 10
53.8691
 20
22.4046
 30
0.0000
 42
1.0000
  0
VERTEX
  8
27
 10
53.9072
 20
22.4046
 30
0.0000
  0
SEQEND
  8
0
  0
POLYLINE
  8
27
 66
1
 10
0.0000
 20
0.0000
 30
0.0000
 40
0.0762
 41
0.0762
 70
0
  0
VERTEX
  8
27
 10
54.2098
 20
22.4046
 30
0.0000
  0
VERTEX
  8
27
 10
54.2098
 20
22.6459
 30
0.0000
  0
SEQEND
  8
0
  0
POLYLINE
  8
27
 66
1
 10
0.0000
 20
0.0000
 30
0.0000
 40
0.0381
 41
0.0381
 70
0
  0
VERTEX
  8
27
 10
54.2288
 20
22.6459
 30
0.0000
 42
1.0000
  0
VERTEX
  8
27
 10
54.1907
 20
22.6459
 30
0.0000
  0
SEQEND
  8
0
  0
POLYLINE
  8
27
 66
1
 10
0.0000
 20
0.0000
 30
0.0000
 40
0.0381
 41
0.0381
 70
0
  0
VERTEX
  8
27
 10
54.1907
 20
22.4046
 30
0.0000
 42
1.0000
  0
VERTEX
  8
27
 10
54.2288
 20
22.4046
 30
0.0000
  0
SEQEND
  8
0
  0
POLYLINE
  8
27
 66
1
 10
0.0000
 20
0.0000
 30
0.0000
 40
0.0762
 41
0.0762
 70
0
  0
VERTEX
  8
27
 10
54.6119
 20
23.0321
 30
0.0000
  0
VERTEX
  8
27
 10
53.8881
 20
23.0321
 30
0.0000
  0
SEQEND
  8
0
  0
POLYLINE
  8
27
 66
1
 10
0.0000
 20
0.0000
 30
0.0000
 40
0.0381
 41
0.0381
 70
0
  0
VERTEX
  8
27
 10
53.8881
 20
23.0512
 30
0.0000
 42
1.0000
  0
VERTEX
  8
27
 10
53.8881
 20
23.0131
 30
0.0000
  0
SEQEND
  8
0
  0
POLYLINE
  8
27
 66
1
 10
0.0000
 20
0.0000
 30
0.0000
 40
0.0381
 41
0.0381
 70
0
  0
VERTEX
  8
27
 10
54.6119
 20
23.0131
 30
0.0000
 42
1.0000
  0
VERTEX
  8
27
 10
54.6119
 20
23.0512
 30
0.0000
  0
SEQEND
  8
0
  0
POLYLINE
  8
27
 66
1
 10
0.0000
 20
0.0000
 30
0.0000
 40
0.0762
 41
0.0762
 70
0
  0
VERTEX
  8
27
 10
53.8881
 20
23.0321
 30
0.0000
  0
VERTEX
  8
27
 10
53.8881
 20
23.2332
 30
0.0000
  0
SEQEND
  8
0
  0
POLYLINE
  8
27
 66
1
 10
0.0000
 20
0.0000
 30
0.0000
 40
0.0381
 41
0.0381
 70
0
  0
VERTEX
  8
27
 10
53.9072
 20
23.2332
 30
0.0000
 42
1.0000
  0
VERTEX
  8
27
 10
53.8691
 20
23.2332
 30
0.0000
  0
SEQEND
  8
0
  0
POLYLINE
  8
27
 66
1
 10
0.0000
 20
0.0000
 30
0.0000
 40
0.0381
 41
0.0381
 70
0
  0
VERTEX
  8
27
 10
53.8691
 20
23.0321
 30
0.0000
 42
1.0000
  0
VERTEX
  8
27
 10
53.9072
 20
23.0321
 30
0.0000
  0
SEQEND
  8
0
  0
POLYLINE
  8
27
 66
1
 10
0.0000
 20
0.0000
 30
0.0000
 40
0.0762
 41
0.0762
 70
0
  0
VERTEX
  8
27
 10
54.2902
 20
23.2332
 30
0.0000
 42
1.0000
  0
VERTEX
  8
27
 10
53.8881
 20
23.2332
 30
0.0000
  0
SEQEND
  8
0
  0
POLYLINE
  8
27
 66
1
 10
0.0000
 20
0.0000
 30
0.0000
 40
0.0381
 41
0.0381
 70
0
  0
VERTEX
  8
27
 10
54.2712
 20
23.2332
 30
0.0000
 42
1.0000
  0
VERTEX
  8
27
 10
54.3093
 20
23.2332
 30
0.0000
  0
SEQEND
  8
0
  0
POLYLINE
  8
27
 66
1
 10
0.0000
 20
0.0000
 30
0.0000
 40
0.0381
 41
0.0381
 70
0
  0
VERTEX
  8
27
 10
53.8691
 20
23.2332
 30
0.0000
 42
1.0000
  0
VERTEX
  8
27
 10
53.9072
 20
23.2332
 30
0.0000
  0
SEQEND
  8
0
  0
POLYLINE
  8
27
 66
1
 10
0.0000
 20
0.0000
 30
0.0000
 40
0.0762
 41
0.0762
 70
0
  0
VERTEX
  8
27
 10
54.2902
 20
23.2332
 30
0.0000
  0
VERTEX
  8
27
 10
54.2902
 20
23.0321
 30
0.0000
  0
SEQEND
  8
0
  0
POLYLINE
  8
27
 66
1
 10
0.0000
 20
0.0000
 30
0.0000
 40
0.0381
 41
0.0381
 70
0
  0
VERTEX
  8
27
 10
54.2712
 20
23.0321
 30
0.0000
 42
1.0000
  0
VERTEX
  8
27
 10
54.3093
 20
23.0321
 30
0.0000
  0
SEQEND
  8
0
  0
POLYLINE
  8
27
 66
1
 10
0.0000
 20
0.0000
 30
0.0000
 40
0.0381
 41
0.0381
 70
0
  0
VERTEX
  8
27
 10
54.3093
 20
23.2332
 30
0.0000
 42
1.0000
  0
VERTEX
  8
27
 10
54.2712
 20
23.2332
 30
0.0000
  0
SEQEND
  8
0
  0
POLYLINE
  8
27
 66
1
 10
0.0000
 20
0.0000
 30
0.0000
 40
0.0762
 41
0.0762
 70
0
  0
VERTEX
  8
27
 10
54.6119
 20
23.4343
 30
0.0000
  0
VERTEX
  8
27
 10
54.2902
 20
23.2734
 30
0.0000
  0
SEQEND
  8
0
  0
POLYLINE
  8
27
 66
1
 10
0.0000
 20
0.0000
 30
0.0000
 40
0.0381
 41
0.0381
 70
0
  0
VERTEX
  8
27
 10
54.2817
 20
23.2904
 30
0.0000
 42
1.0000
  0
VERTEX
  8
27
 10
54.2987
 20
23.2564
 30
0.0000
  0
SEQEND
  8
0
  0
POLYLINE
  8
27
 66
1
 10
0.0000
 20
0.0000
 30
0.0000
 40
0.0381
 41
0.0381
 70
0
  0
VERTEX
  8
27
 10
54.6204
 20
23.4172
 30
0.0000
 42
1.0000
  0
VERTEX
  8
27
 10
54.6034
 20
23.4513
 30
0.0000
  0
SEQEND
  8
0
  0
POLYLINE
  8
27
 66
1
 10
0.0000
 20
0.0000
 30
0.0000
 40
0.0762
 41
0.0762
 70
0
  0
VERTEX
  8
27
 10
53.8881
 20
23.8041
 30
0.0000
  0
VERTEX
  8
27
 10
54.6119
 20
23.8041
 30
0.0000
  0
SEQEND
  8
0
  0
POLYLINE
  8
27
 66
1
 10
0.0000
 20
0.0000
 30
0.0000
 40
0.0381
 41
0.0381
 70
0
  0
VERTEX
  8
27
 10
54.6119
 20
23.7851
 30
0.0000
 42
1.0000
  0
VERTEX
  8
27
 10
54.6119
 20
23.8232
 30
0.0000
  0
SEQEND
  8
0
  0
POLYLINE
  8
27
 66
1
 10
0.0000
 20
0.0000
 30
0.0000
 40
0.0381
 41
0.0381
 70
0
  0
VERTEX
  8
27
 10
53.8881
 20
23.8232
 30
0.0000
 42
1.0000
  0
VERTEX
  8
27
 10
53.8881
 20
23.7851
 30
0.0000
  0
SEQEND
  8
0
  0
POLYLINE
  8
27
 66
1
 10
0.0000
 20
0.0000
 30
0.0000
 40
0.0762
 41
0.0762
 70
0
  0
VERTEX
  8
27
 10
54.6119
 20
23.7237
 30
0.0000
  0
VERTEX
  8
27
 10
54.6119
 20
23.8845
 30
0.0000
  0
SEQEND
  8
0
  0
POLYLINE
  8
27
 66
1
 10
0.0000
 20
0.0000
 30
0.0000
 40
0.0381
 41
0.0381
 70
0
  0
VERTEX
  8
27
 10
54.6310
 20
23.8845
 30
0.0000
 42
1.0000
  0
VERTEX
  8
27
 10
54.5929
 20
23.8845
 30
0.0000
  0
SEQEND
  8
0
  0
POLYLINE
  8
27
 66
1
 10
0.0000
 20
0.0000
 30
0.0000
 40
0.0381
 41
0.0381
 70
0
  0
VERTEX
  8
27
 10
54.5929
 20
23.7237
 30
0.0000
 42
1.0000
  0
VERTEX
  8
27
 10
54.6310
 20
23.7237
 30
0.0000
  0
SEQEND
  8
0
  0
POLYLINE
  8
27
 66
1
 10
0.0000
 20
0.0000
 30
0.0000
 40
0.0762
 41
0.0762
 70
0
  0
VERTEX
  8
27
 10
53.8881
 20
23.7237
 30
0.0000
  0
VERTEX
  8
27
 10
53.8881
 20
23.8845
 30
0.0000
  0
SEQEND
  8
0
  0
POLYLINE
  8
27
 66
1
 10
0.0000
 20
0.0000
 30
0.0000
 40
0.0381
 41
0.0381
 70
0
  0
VERTEX
  8
27
 10
53.9072
 20
23.8845
 30
0.0000
 42
1.0000
  0
VERTEX
  8
27
 10
53.8691
 20
23.8845
 30
0.0000
  0
SEQEND
  8
0
  0
POLYLINE
  8
27
 66
1
 10
0.0000
 20
0.0000
 30
0.0000
 40
0.0381
 41
0.0381
 70
0
  0
VERTEX
  8
27
 10
53.8691
 20
23.7237
 30
0.0000
 42
1.0000
  0
VERTEX
  8
27
 10
53.9072
 20
23.7237
 30
0.0000
  0
SEQEND
  8
0
  0
POLYLINE
  8
27
 66
1
 10
0.0000
 20
0.0000
 30
0.0000
 40
0.0762
 41
0.0762
 70
0
  0
VERTEX
  8
27
 10
54.6119
 20
24.2046
 30
0.0000
  0
VERTEX
  8
27
 10
53.8881
 20
24.2046
 30
0.0000
  0
SEQEND
  8
0
  0
POLYLINE
  8
27
 66
1
 10
0.0000
 20
0.0000
 30
0.0000
 40
0.0381
 41
0.0381
 70
0
  0
VERTEX
  8
27
 10
53.8881
 20
24.2237
 30
0.0000
 42
1.0000
  0
VERTEX
  8
27
 10
53.8881
 20
24.1856
 30
0.0000
  0
SEQEND
  8
0
  0
POLYLINE
  8
27
 66
1
 10
0.0000
 20
0.0000
 30
0.0000
 40
0.0381
 41
0.0381
 70
0
  0
VERTEX
  8
27
 10
54.6119
 20
24.1856
 30
0.0000
 42
1.0000
  0
VERTEX
  8
27
 10
54.6119
 20
24.2237
 30
0.0000
  0
SEQEND
  8
0
  0
POLYLINE
  8
27
 66
1
 10
0.0000
 20
0.0000
 30
0.0000
 40
0.0762
 41
0.0762
 70
0
  0
VERTEX
  8
27
 10
53.8881
 20
24.2046
 30
0.0000
  0
VERTEX
  8
27
 10
53.8881
 20
24.5263
 30
0.0000
  0
SEQEND
  8
0
  0
POLYLINE
  8
27
 66
1
 10
0.0000
 20
0.0000
 30
0.0000
 40
0.0381
 41
0.0381
 70
0
  0
VERTEX
  8
27
 10
53.9072
 20
24.5263
 30
0.0000
 42
1.0000
  0
VERTEX
  8
27
 10
53.8691
 20
24.5263
 30
0.0000
  0
SEQEND
  8
0
  0
POLYLINE
  8
27
 66
1
 10
0.0000
 20
0.0000
 30
0.0000
 40
0.0381
 41
0.0381
 70
0
  0
VERTEX
  8
27
 10
53.8691
 20
24.2046
 30
0.0000
 42
1.0000
  0
VERTEX
  8
27
 10
53.9072
 20
24.2046
 30
0.0000
  0
SEQEND
  8
0
  0
POLYLINE
  8
27
 66
1
 10
0.0000
 20
0.0000
 30
0.0000
 40
0.0762
 41
0.0762
 70
0
  0
VERTEX
  8
27
 10
54.2098
 20
24.2046
 30
0.0000
  0
VERTEX
  8
27
 10
54.2098
 20
24.5263
 30
0.0000
  0
SEQEND
  8
0
  0
POLYLINE
  8
27
 66
1
 10
0.0000
 20
0.0000
 30
0.0000
 40
0.0381
 41
0.0381
 70
0
  0
VERTEX
  8
27
 10
54.2288
 20
24.5263
 30
0.0000
 42
1.0000
  0
VERTEX
  8
27
 10
54.1907
 20
24.5263
 30
0.0000
  0
SEQEND
  8
0
  0
POLYLINE
  8
27
 66
1
 10
0.0000
 20
0.0000
 30
0.0000
 40
0.0381
 41
0.0381
 70
0
  0
VERTEX
  8
27
 10
54.1907
 20
24.2046
 30
0.0000
 42
1.0000
  0
VERTEX
  8
27
 10
54.2288
 20
24.2046
 30
0.0000
  0
SEQEND
  8
0
  0
POLYLINE
  8
27
 66
1
 10
0.0000
 20
0.0000
 30
0.0000
 40
0.0762
 41
0.0762
 70
0
  0
VERTEX
  8
27
 10
53.8881
 20
24.7628
 30
0.0000
  0
VERTEX
  8
27
 10
54.2299
 20
25.0041
 30
0.0000
  0
SEQEND
  8
0
  0
POLYLINE
  8
27
 66
1
 10
0.0000
 20
0.0000
 30
0.0000
 40
0.0381
 41
0.0381
 70
0
  0
VERTEX
  8
27
 10
54.2409
 20
24.9885
 30
0.0000
 42
1.0000
  0
VERTEX
  8
27
 10
54.2189
 20
25.0197
 30
0.0000
  0
SEQEND
  8
0
  0
POLYLINE
  8
27
 66
1
 10
0.0000
 20
0.0000
 30
0.0000
 40
0.0381
 41
0.0381
 70
0
  0
VERTEX
  8
27
 10
53.8771
 20
24.7784
 30
0.0000
 42
1.0000
  0
VERTEX
  8
27
 10
53.8991
 20
24.7473
 30
0.0000
  0
SEQEND
  8
0
  0
POLYLINE
  8
27
 66
1
 10
0.0000
 20
0.0000
 30
0.0000
 40
0.0762
 41
0.0762
 70
0
  0
VERTEX
  8
27
 10
54.2299
 20
25.0041
 30
0.0000
  0
VERTEX
  8
27
 10
53.8881
 20
25.2454
 30
0.0000
  0
SEQEND
  8
0
  0
POLYLINE
  8
27
 66
1
 10
0.0000
 20
0.0000
 30
0.0000
 40
0.0381
 41
0.0381
 70
0
  0
VERTEX
  8
27
 10
53.8991
 20
25.2609
 30
0.0000
 42
1.0000
  0
VERTEX
  8
27
 10
53.8771
 20
25.2298
 30
0.0000
  0
SEQEND
  8
0
  0
POLYLINE
  8
27
 66
1
 10
0.0000
 20
0.0000
 30
0.0000
 40
0.0381
 41
0.0381
 70
0
  0
VERTEX
  8
27
 10
54.2189
 20
24.9885
 30
0.0000
 42
1.0000
  0
VERTEX
  8
27
 10
54.2409
 20
25.0197
 30
0.0000
  0
SEQEND
  8
0
  0
POLYLINE
  8
27
 66
1
 10
0.0000
 20
0.0000
 30
0.0000
 40
0.0762
 41
0.0762
 70
0
  0
VERTEX
  8
27
 10
54.6119
 20
25.0041
 30
0.0000
  0
VERTEX
  8
27
 10
54.2299
 20
25.0041
 30
0.0000
  0
SEQEND
  8
0
  0
POLYLINE
  8
27
 66
1
 10
0.0000
 20
0.0000
 30
0.0000
 40
0.0381
 41
0.0381
 70
0
  0
VERTEX
  8
27
 10
54.2299
 20
25.0232
 30
0.0000
 42
1.0000
  0
VERTEX
  8
27
 10
54.2299
 20
24.9851
 30
0.0000
  0
SEQEND
  8
0
  0
POLYLINE
  8
27
 66
1
 10
0.0000
 20
0.0000
 30
0.0000
 40
0.0381
 41
0.0381
 70
0
  0
VERTEX
  8
27
 10
54.6119
 20
24.9851
 30
0.0000
 42
1.0000
  0
VERTEX
  8
27
 10
54.6119
 20
25.0232
 30
0.0000
  0
SEQEND
  8
0
  0
POINT
  8
23
 10
1.5240
 20
11.6840
 30
0.0000
  0
INSERT
  8
1
  2
RECT
 10
1.5240
 20
11.6840
 30
0.0000
 41
1.2700
 42
2.5400
 43
1.0000
 50
90.0000
  0
POINT
  8
23
 10
1.5240
 20
9.5250
 30
0.0000
  0
INSERT
  8
1
  2
RECT
 10
1.5240
 20
9.5250
 30
0.0000
 41
1.2700
 42
2.5400
 43
1.0000
 50
270.0000
  0
POLYLINE
  8
25
 66
1
 10
0.0000
 20
0.0000
 30
0.0000
 40
0.1016
 41
0.1016
 70
0
  0
VERTEX
  8
25
 10
1.2068
 20
8.6232
 30
0.0000
  0
VERTEX
  8
25
 10
1.2068
 20
7.4548
 30
0.0000
  0
SEQEND
  8
0
  0
POLYLINE
  8
25
 66
1
 10
0.0000
 20
0.0000
 30
0.0000
 40
0.0508
 41
0.0508
 70
0
  0
VERTEX
  8
25
 10
1.1814
 20
7.4548
 30
0.0000
 42
1.0000
  0
VERTEX
  8
25
 10
1.2322
 20
7.4548
 30
0.0000
  0
SEQEND
  8
0
  0
POLYLINE
  8
25
 66
1
 10
0.0000
 20
0.0000
 30
0.0000
 40
0.0508
 41
0.0508
 70
0
  0
VERTEX
  8
25
 10
1.2322
 20
8.6232
 30
0.0000
 42
1.0000
  0
VERTEX
  8
25
 10
1.1814
 20
8.6232
 30
0.0000
  0
SEQEND
  8
0
  0
POLYLINE
  8
25
 66
1
 10
0.0000
 20
0.0000
 30
0.0000
 40
0.1016
 41
0.1016
 70
0
  0
VERTEX
  8
25
 10
1.2068
 20
7.4548
 30
0.0000
  0
VERTEX
  8
25
 10
1.7261
 20
7.4548
 30
0.0000
  0
SEQEND
  8
0
  0
POLYLINE
  8
25
 66
1
 10
0.0000
 20
0.0000
 30
0.0000
 40
0.0508
 41
0.0508
 70
0
  0
VERTEX
  8
25
 10
1.7261
 20
7.4294
 30
0.0000
 42
1.0000
  0
VERTEX
  8
25
 10
1.7261
 20
7.4802
 30
0.0000
  0
SEQEND
  8
0
  0
POLYLINE
  8
25
 66
1
 10
0.0000
 20
0.0000
 30
0.0000
 40
0.0508
 41
0.0508
 70
0
  0
VERTEX
  8
25
 10
1.2068
 20
7.4802
 30
0.0000
 42
1.0000
  0
VERTEX
  8
25
 10
1.2068
 20
7.4294
 30
0.0000
  0
SEQEND
  8
0
  0
POLYLINE
  8
25
 66
1
 10
0.0000
 20
0.0000
 30
0.0000
 40
0.1016
 41
0.1016
 70
0
  0
VERTEX
  8
25
 10
2.7167
 20
7.4548
 30
0.0000
  0
VERTEX
  8
25
 10
2.1974
 20
7.4548
 30
0.0000
  0
SEQEND
  8
0
  0
POLYLINE
  8
25
 66
1
 10
0.0000
 20
0.0000
 30
0.0000
 40
0.0508
 41
0.0508
 70
0
  0
VERTEX
  8
25
 10
2.1974
 20
7.4802
 30
0.0000
 42
1.0000
  0
VERTEX
  8
25
 10
2.1974
 20
7.4294
 30
0.0000
  0
SEQEND
  8
0
  0
POLYLINE
  8
25
 66
1
 10
0.0000
 20
0.0000
 30
0.0000
 40
0.0508
 41
0.0508
 70
0
  0
VERTEX
  8
25
 10
2.7167
 20
7.4294
 30
0.0000
 42
1.0000
  0
VERTEX
  8
25
 10
2.7167
 20
7.4802
 30
0.0000
  0
SEQEND
  8
0
  0
POLYLINE
  8
25
 66
1
 10
0.0000
 20
0.0000
 30
0.0000
 40
0.1016
 41
0.1016
 70
0
  0
VERTEX
  8
25
 10
2.1974
 20
7.4548
 30
0.0000
  0
VERTEX
  8
25
 10
2.1974
 20
8.6232
 30
0.0000
  0
SEQEND
  8
0
  0
POLYLINE
  8
25
 66
1
 10
0.0000
 20
0.0000
 30
0.0000
 40
0.0508
 41
0.0508
 70
0
  0
VERTEX
  8
25
 10
2.2228
 20
8.6232
 30
0.0000
 42
1.0000
  0
VERTEX
  8
25
 10
2.1720
 20
8.6232
 30
0.0000
  0
SEQEND
  8
0
  0
POLYLINE
  8
25
 66
1
 10
0.0000
 20
0.0000
 30
0.0000
 40
0.0508
 41
0.0508
 70
0
  0
VERTEX
  8
25
 10
2.1720
 20
7.4548
 30
0.0000
 42
1.0000
  0
VERTEX
  8
25
 10
2.2228
 20
7.4548
 30
0.0000
  0
SEQEND
  8
0
  0
POLYLINE
  8
25
 66
1
 10
0.0000
 20
0.0000
 30
0.0000
 40
0.1016
 41
0.1016
 70
0
  0
VERTEX
  8
25
 10
2.1974
 20
8.6232
 30
0.0000
  0
VERTEX
  8
25
 10
2.7167
 20
8.6232
 30
0.0000
  0
SEQEND
  8
0
  0
POLYLINE
  8
25
 66
1
 10
0.0000
 20
0.0000
 30
0.0000
 40
0.0508
 41
0.0508
 70
0
  0
VERTEX
  8
25
 10
2.7167
 20
8.5978
 30
0.0000
 42
1.0000
  0
VERTEX
  8
25
 10
2.7167
 20
8.6486
 30
0.0000
  0
SEQEND
  8
0
  0
POLYLINE
  8
25
 66
1
 10
0.0000
 20
0.0000
 30
0.0000
 40
0.0508
 41
0.0508
 70
0
  0
VERTEX
  8
25
 10
2.1974
 20
8.6486
 30
0.0000
 42
1.0000
  0
VERTEX
  8
25
 10
2.1974
 20
8.5978
 30
0.0000
  0
SEQEND
  8
0
  0
POLYLINE
  8
25
 66
1
 10
0.0000
 20
0.0000
 30
0.0000
 40
0.1016
 41
0.1016
 70
0
  0
VERTEX
  8
25
 10
2.1974
 20
8.1039
 30
0.0000
  0
VERTEX
  8
25
 10
2.5869
 20
8.1039
 30
0.0000
  0
SEQEND
  8
0
  0
POLYLINE
  8
25
 66
1
 10
0.0000
 20
0.0000
 30
0.0000
 40
0.0508
 41
0.0508
 70
0
  0
VERTEX
  8
25
 10
2.5869
 20
8.0785
 30
0.0000
 42
1.0000
  0
VERTEX
  8
25
 10
2.5869
 20
8.1293
 30
0.0000
  0
SEQEND
  8
0
  0
POLYLINE
  8
25
 66
1
 10
0.0000
 20
0.0000
 30
0.0000
 40
0.0508
 41
0.0508
 70
0
  0
VERTEX
  8
25
 10
2.1974
 20
8.1293
 30
0.0000
 42
1.0000
  0
VERTEX
  8
25
 10
2.1974
 20
8.0785
 30
0.0000
  0
SEQEND
  8
0
  0
POLYLINE
  8
25
 66
1
 10
0.0000
 20
0.0000
 30
0.0000
 40
0.1016
 41
0.1016
 70
0
  0
VERTEX
  8
25
 10
3.1857
 20
7.4548
 30
0.0000
  0
VERTEX
  8
25
 10
3.1857
 20
8.6232
 30
0.0000
  0
SEQEND
  8
0
  0
POLYLINE
  8
25
 66
1
 10
0.0000
 20
0.0000
 30
0.0000
 40
0.0508
 41
0.0508
 70
0
  0
VERTEX
  8
25
 10
3.2111
 20
8.6232
 30
0.0000
 42
1.0000
  0
VERTEX
  8
25
 10
3.1603
 20
8.6232
 30
0.0000
  0
SEQEND
  8
0
  0
POLYLINE
  8
25
 66
1
 10
0.0000
 20
0.0000
 30
0.0000
 40
0.0508
 41
0.0508
 70
0
  0
VERTEX
  8
25
 10
3.1603
 20
7.4548
 30
0.0000
 42
1.0000
  0
VERTEX
  8
25
 10
3.2111
 20
7.4548
 30
0.0000
  0
SEQEND
  8
0
  0
POLYLINE
  8
25
 66
1
 10
0.0000
 20
0.0000
 30
0.0000
 40
0.1016
 41
0.1016
 70
0
  0
VERTEX
  8
25
 10
3.1857
 20
8.6232
 30
0.0000
  0
VERTEX
  8
25
 10
3.5103
 20
8.6232
 30
0.0000
  0
SEQEND
  8
0
  0
POLYLINE
  8
25
 66
1
 10
0.0000
 20
0.0000
 30
0.0000
 40
0.0508
 41
0.0508
 70
0
  0
VERTEX
  8
25
 10
3.5103
 20
8.5978
 30
0.0000
 42
1.0000
  0
VERTEX
  8
25
 10
3.5103
 20
8.6486
 30
0.0000
  0
SEQEND
  8
0
  0
POLYLINE
  8
25
 66
1
 10
0.0000
 20
0.0000
 30
0.0000
 40
0.0508
 41
0.0508
 70
0
  0
VERTEX
  8
25
 10
3.1857
 20
8.6486
 30
0.0000
 42
1.0000
  0
VERTEX
  8
25
 10
3.1857
 20
8.5978
 30
0.0000
  0
SEQEND
  8
0
  0
POLYLINE
  8
25
 66
1
 10
0.0000
 20
0.0000
 30
0.0000
 40
0.1016
 41
0.1016
 70
0
  0
VERTEX
  8
25
 10
3.8349
 20
8.2986
 30
0.0000
 42
0.4142
  0
VERTEX
  8
25
 10
3.5103
 20
8.6232
 30
0.0000
  0
SEQEND
  8
0
  0
POLYLINE
  8
25
 66
1
 10
0.0000
 20
0.0000
 30
0.0000
 40
0.0508
 41
0.0508
 70
0
  0
VERTEX
  8
25
 10
3.8095
 20
8.2986
 30
0.0000
 42
1.0000
  0
VERTEX
  8
25
 10
3.8603
 20
8.2986
 30
0.0000
  0
SEQEND
  8
0
  0
POLYLINE
  8
25
 66
1
 10
0.0000
 20
0.0000
 30
0.0000
 40
0.0508
 41
0.0508
 70
0
  0
VERTEX
  8
25
 10
3.5103
 20
8.6486
 30
0.0000
 42
1.0000
  0
VERTEX
  8
25
 10
3.5103
 20
8.5978
 30
0.0000
  0
SEQEND
  8
0
  0
POLYLINE
  8
25
 66
1
 10
0.0000
 20
0.0000
 30
0.0000
 40
0.1016
 41
0.1016
 70
0
  0
VERTEX
  8
25
 10
3.8349
 20
8.2986
 30
0.0000
  0
VERTEX
  8
25
 10
3.8349
 20
7.7794
 30
0.0000
  0
SEQEND
  8
0
  0
POLYLINE
  8
25
 66
1
 10
0.0000
 20
0.0000
 30
0.0000
 40
0.0508
 41
0.0508
 70
0
  0
VERTEX
  8
25
 10
3.8095
 20
7.7794
 30
0.0000
 42
1.0000
  0
VERTEX
  8
25
 10
3.8603
 20
7.7794
 30
0.0000
  0
SEQEND
  8
0
  0
POLYLINE
  8
25
 66
1
 10
0.0000
 20
0.0000
 30
0.0000
 40
0.0508
 41
0.0508
 70
0
  0
VERTEX
  8
25
 10
3.8603
 20
8.2986
 30
0.0000
 42
1.0000
  0
VERTEX
  8
25
 10
3.8095
 20
8.2986
 30
0.0000
  0
SEQEND
  8
0
  0
POLYLINE
  8
25
 66
1
 10
0.0000
 20
0.0000
 30
0.0000
 40
0.1016
 41
0.1016
 70
0
  0
VERTEX
  8
25
 10
3.5103
 20
7.4548
 30
0.0000
 42
0.4142
  0
VERTEX
  8
25
 10
3.8349
 20
7.7794
 30
0.0000
  0
SEQEND
  8
0
  0
POLYLINE
  8
25
 66
1
 10
0.0000
 20
0.0000
 30
0.0000
 40
0.0508
 41
0.0508
 70
0
  0
VERTEX
  8
25
 10
3.5103
 20
7.4802
 30
0.0000
 42
1.0000
  0
VERTEX
  8
25
 10
3.5103
 20
7.4294
 30
0.0000
  0
SEQEND
  8
0
  0
POLYLINE
  8
25
 66
1
 10
0.0000
 20
0.0000
 30
0.0000
 40
0.0508
 41
0.0508
 70
0
  0
VERTEX
  8
25
 10
3.8603
 20
7.7794
 30
0.0000
 42
1.0000
  0
VERTEX
  8
25
 10
3.8095
 20
7.7794
 30
0.0000
  0
SEQEND
  8
0
  0
POLYLINE
  8
25
 66
1
 10
0.0000
 20
0.0000
 30
0.0000
 40
0.1016
 41
0.1016
 70
0
  0
VERTEX
  8
25
 10
3.5103
 20
7.4548
 30
0.0000
  0
VERTEX
  8
25
 10
3.1857
 20
7.4548
 30
0.0000
  0
SEQEND
  8
0
  0
POLYLINE
  8
25
 66
1
 10
0.0000
 20
0.0000
 30
0.0000
 40
0.0508
 41
0.0508
 70
0
  0
VERTEX
  8
25
 10
3.1857
 20
7.4802
 30
0.0000
 42
1.0000
  0
VERTEX
  8
25
 10
3.1857
 20
7.4294
 30
0.0000
  0
SEQEND
  8
0
  0
POLYLINE
  8
25
 66
1
 10
0.0000
 20
0.0000
 30
0.0000
 40
0.0508
 41
0.0508
 70
0
  0
VERTEX
  8
25
 10
3.5103
 20
7.4294
 30
0.0000
 42
1.0000
  0
VERTEX
  8
25
 10
3.5103
 20
7.4802
 30
0.0000
  0
SEQEND
  8
0
  0
POLYLINE
  8
25
 66
1
 10
0.0000
 20
0.0000
 30
0.0000
 40
0.1016
 41
0.1016
 70
0
  0
VERTEX
  8
25
 10
4.4049
 20
7.4548
 30
0.0000
  0
VERTEX
  8
25
 10
4.4049
 20
8.6232
 30
0.0000
  0
SEQEND
  8
0
  0
POLYLINE
  8
25
 66
1
 10
0.0000
 20
0.0000
 30
0.0000
 40
0.0508
 41
0.0508
 70
0
  0
VERTEX
  8
25
 10
4.4303
 20
8.6232
 30
0.0000
 42
1.0000
  0
VERTEX
  8
25
 10
4.3795
 20
8.6232
 30
0.0000
  0
SEQEND
  8
0
  0
POLYLINE
  8
25
 66
1
 10
0.0000
 20
0.0000
 30
0.0000
 40
0.0508
 41
0.0508
 70
0
  0
VERTEX
  8
25
 10
4.3795
 20
7.4548
 30
0.0000
 42
1.0000
  0
VERTEX
  8
25
 10
4.4303
 20
7.4548
 30
0.0000
  0
SEQEND
  8
0
  0
POLYLINE
  8
25
 66
1
 10
0.0000
 20
0.0000
 30
0.0000
 40
0.1016
 41
0.1016
 70
0
  0
VERTEX
  8
25
 10
4.4049
 20
8.1039
 30
0.0000
  0
VERTEX
  8
25
 10
5.0540
 20
8.1039
 30
0.0000
  0
SEQEND
  8
0
  0
POLYLINE
  8
25
 66
1
 10
0.0000
 20
0.0000
 30
0.0000
 40
0.0508
 41
0.0508
 70
0
  0
VERTEX
  8
25
 10
5.0540
 20
8.0785
 30
0.0000
 42
1.0000
  0
VERTEX
  8
25
 10
5.0540
 20
8.1293
 30
0.0000
  0
SEQEND
  8
0
  0
POLYLINE
  8
25
 66
1
 10
0.0000
 20
0.0000
 30
0.0000
 40
0.0508
 41
0.0508
 70
0
  0
VERTEX
  8
25
 10
4.4049
 20
8.1293
 30
0.0000
 42
1.0000
  0
VERTEX
  8
25
 10
4.4049
 20
8.0785
 30
0.0000
  0
SEQEND
  8
0
  0
POLYLINE
  8
25
 66
1
 10
0.0000
 20
0.0000
 30
0.0000
 40
0.1016
 41
0.1016
 70
0
  0
VERTEX
  8
25
 10
5.0540
 20
8.6232
 30
0.0000
  0
VERTEX
  8
25
 10
5.0540
 20
7.4548
 30
0.0000
  0
SEQEND
  8
0
  0
POLYLINE
  8
25
 66
1
 10
0.0000
 20
0.0000
 30
0.0000
 40
0.0508
 41
0.0508
 70
0
  0
VERTEX
  8
25
 10
5.0286
 20
7.4548
 30
0.0000
 42
1.0000
  0
VERTEX
  8
25
 10
5.0794
 20
7.4548
 30
0.0000
  0
SEQEND
  8
0
  0
POLYLINE
  8
25
 66
1
 10
0.0000
 20
0.0000
 30
0.0000
 40
0.0508
 41
0.0508
 70
0
  0
VERTEX
  8
25
 10
5.0794
 20
8.6232
 30
0.0000
 42
1.0000
  0
VERTEX
  8
25
 10
5.0286
 20
8.6232
 30
0.0000
  0
SEQEND
  8
0
  0
POLYLINE
  8
25
 66
1
 10
0.0000
 20
0.0000
 30
0.0000
 40
0.1016
 41
0.1016
 70
0
  0
VERTEX
  8
25
 10
5.5973
 20
7.9092
 30
0.0000
  0
VERTEX
  8
25
 10
6.3763
 20
7.9092
 30
0.0000
  0
SEQEND
  8
0
  0
POLYLINE
  8
25
 66
1
 10
0.0000
 20
0.0000
 30
0.0000
 40
0.0508
 41
0.0508
 70
0
  0
VERTEX
  8
25
 10
6.3763
 20
7.8838
 30
0.0000
 42
1.0000
  0
VERTEX
  8
25
 10
6.3763
 20
7.9346
 30
0.0000
  0
SEQEND
  8
0
  0
POLYLINE
  8
25
 66
1
 10
0.0000
 20
0.0000
 30
0.0000
 40
0.0508
 41
0.0508
 70
0
  0
VERTEX
  8
25
 10
5.5973
 20
7.9346
 30
0.0000
 42
1.0000
  0
VERTEX
  8
25
 10
5.5973
 20
7.8838
 30
0.0000
  0
SEQEND
  8
0
  0
POLYLINE
  8
25
 66
1
 10
0.0000
 20
0.0000
 30
0.0000
 40
0.1016
 41
0.1016
 70
0
  0
VERTEX
  8
25
 10
5.9868
 20
7.5197
 30
0.0000
  0
VERTEX
  8
25
 10
5.9868
 20
8.2986
 30
0.0000
  0
SEQEND
  8
0
  0
POLYLINE
  8
25
 66
1
 10
0.0000
 20
0.0000
 30
0.0000
 40
0.0508
 41
0.0508
 70
0
  0
VERTEX
  8
25
 10
6.0122
 20
8.2986
 30
0.0000
 42
1.0000
  0
VERTEX
  8
25
 10
5.9614
 20
8.2986
 30
0.0000
  0
SEQEND
  8
0
  0
POLYLINE
  8
25
 66
1
 10
0.0000
 20
0.0000
 30
0.0000
 40
0.0508
 41
0.0508
 70
0
  0
VERTEX
  8
25
 10
5.9614
 20
7.5197
 30
0.0000
 42
1.0000
  0
VERTEX
  8
25
 10
6.0122
 20
7.5197
 30
0.0000
  0
SEQEND
  8
0
  0
POINT
  8
23
 10
76.4540
 20
11.5570
 30
0.0000
  0
INSERT
  8
1
  2
RECT
 10
76.4540
 20
11.5570
 30
0.0000
 41
1.2700
 42
2.5400
 43
1.0000
 50
90.0000
  0
POINT
  8
23
 10
76.4540
 20
9.3980
 30
0.0000
  0
INSERT
  8
1
  2
RECT
 10
76.4540
 20
9.3980
 30
0.0000
 41
1.2700
 42
2.5400
 43
1.0000
 50
90.0000
  0
POLYLINE
  8
25
 66
1
 10
0.0000
 20
0.0000
 30
0.0000
 40
0.1016
 41
0.1016
 70
0
  0
VERTEX
  8
25
 10
72.4399
 20
8.5472
 30
0.0000
  0
VERTEX
  8
25
 10
72.4399
 20
7.3788
 30
0.0000
  0
SEQEND
  8
0
  0
POLYLINE
  8
25
 66
1
 10
0.0000
 20
0.0000
 30
0.0000
 40
0.0508
 41
0.0508
 70
0
  0
VERTEX
  8
25
 10
72.4145
 20
7.3788
 30
0.0000
 42
1.0000
  0
VERTEX
  8
25
 10
72.4653
 20
7.3788
 30
0.0000
  0
SEQEND
  8
0
  0
POLYLINE
  8
25
 66
1
 10
0.0000
 20
0.0000
 30
0.0000
 40
0.0508
 41
0.0508
 70
0
  0
VERTEX
  8
25
 10
72.4653
 20
8.5472
 30
0.0000
 42
1.0000
  0
VERTEX
  8
25
 10
72.4145
 20
8.5472
 30
0.0000
  0
SEQEND
  8
0
  0
POLYLINE
  8
25
 66
1
 10
0.0000
 20
0.0000
 30
0.0000
 40
0.1016
 41
0.1016
 70
0
  0
VERTEX
  8
25
 10
72.4399
 20
7.3788
 30
0.0000
  0
VERTEX
  8
25
 10
72.9592
 20
7.3788
 30
0.0000
  0
SEQEND
  8
0
  0
POLYLINE
  8
25
 66
1
 10
0.0000
 20
0.0000
 30
0.0000
 40
0.0508
 41
0.0508
 70
0
  0
VERTEX
  8
25
 10
72.9592
 20
7.3534
 30
0.0000
 42
1.0000
  0
VERTEX
  8
25
 10
72.9592
 20
7.4042
 30
0.0000
  0
SEQEND
  8
0
  0
POLYLINE
  8
25
 66
1
 10
0.0000
 20
0.0000
 30
0.0000
 40
0.0508
 41
0.0508
 70
0
  0
VERTEX
  8
25
 10
72.4399
 20
7.4042
 30
0.0000
 42
1.0000
  0
VERTEX
  8
25
 10
72.4399
 20
7.3534
 30
0.0000
  0
SEQEND
  8
0
  0
POLYLINE
  8
25
 66
1
 10
0.0000
 20
0.0000
 30
0.0000
 40
0.1016
 41
0.1016
 70
0
  0
VERTEX
  8
25
 10
73.9498
 20
7.3788
 30
0.0000
  0
VERTEX
  8
25
 10
73.4305
 20
7.3788
 30
0.0000
  0
SEQEND
  8
0
  0
POLYLINE
  8
25
 66
1
 10
0.0000
 20
0.0000
 30
0.0000
 40
0.0508
 41
0.0508
 70
0
  0
VERTEX
  8
25
 10
73.4305
 20
7.4042
 30
0.0000
 42
1.0000
  0
VERTEX
  8
25
 10
73.4305
 20
7.3534
 30
0.0000
  0
SEQEND
  8
0
  0
POLYLINE
  8
25
 66
1
 10
0.0000
 20
0.0000
 30
0.0000
 40
0.0508
 41
0.0508
 70
0
  0
VERTEX
  8
25
 10
73.9498
 20
7.3534
 30
0.0000
 42
1.0000
  0
VERTEX
  8
25
 10
73.9498
 20
7.4042
 30
0.0000
  0
SEQEND
  8
0
  0
POLYLINE
  8
25
 66
1
 10
0.0000
 20
0.0000
 30
0.0000
 40
0.1016
 41
0.1016
 70
0
  0
VERTEX
  8
25
 10
73.4305
 20
7.3788
 30
0.0000
  0
VERTEX
  8
25
 10
73.4305
 20
8.5472
 30
0.0000
  0
SEQEND
  8
0
  0
POLYLINE
  8
25
 66
1
 10
0.0000
 20
0.0000
 30
0.0000
 40
0.0508
 41
0.0508
 70
0
  0
VERTEX
  8
25
 10
73.4559
 20
8.5472
 30
0.0000
 42
1.0000
  0
VERTEX
  8
25
 10
73.4051
 20
8.5472
 30
0.0000
  0
SEQEND
  8
0
  0
POLYLINE
  8
25
 66
1
 10
0.0000
 20
0.0000
 30
0.0000
 40
0.0508
 41
0.0508
 70
0
  0
VERTEX
  8
25
 10
73.4051
 20
7.3788
 30
0.0000
 42
1.0000
  0
VERTEX
  8
25
 10
73.4559
 20
7.3788
 30
0.0000
  0
SEQEND
  8
0
  0
POLYLINE
  8
25
 66
1
 10
0.0000
 20
0.0000
 30
0.0000
 40
0.1016
 41
0.1016
 70
0
  0
VERTEX
  8
25
 10
73.4305
 20
8.5472
 30
0.0000
  0
VERTEX
  8
25
 10
73.9498
 20
8.5472
 30
0.0000
  0
SEQEND
  8
0
  0
POLYLINE
  8
25
 66
1
 10
0.0000
 20
0.0000
 30
0.0000
 40
0.0508
 41
0.0508
 70
0
  0
VERTEX
  8
25
 10
73.9498
 20
8.5218
 30
0.0000
 42
1.0000
  0
VERTEX
  8
25
 10
73.9498
 20
8.5726
 30
0.0000
  0
SEQEND
  8
0
  0
POLYLINE
  8
25
 66
1
 10
0.0000
 20
0.0000
 30
0.0000
 40
0.0508
 41
0.0508
 70
0
  0
VERTEX
  8
25
 10
73.4305
 20
8.5726
 30
0.0000
 42
1.0000
  0
VERTEX
  8
25
 10
73.4305
 20
8.5218
 30
0.0000
  0
SEQEND
  8
0
  0
POLYLINE
  8
25
 66
1
 10
0.0000
 20
0.0000
 30
0.0000
 40
0.1016
 41
0.1016
 70
0
  0
VERTEX
  8
25
 10
73.4305
 20
8.0279
 30
0.0000
  0
VERTEX
  8
25
 10
73.8200
 20
8.0279
 30
0.0000
  0
SEQEND
  8
0
  0
POLYLINE
  8
25
 66
1
 10
0.0000
 20
0.0000
 30
0.0000
 40
0.0508
 41
0.0508
 70
0
  0
VERTEX
  8
25
 10
73.8200
 20
8.0025
 30
0.0000
 42
1.0000
  0
VERTEX
  8
25
 10
73.8200
 20
8.0533
 30
0.0000
  0
SEQEND
  8
0
  0
POLYLINE
  8
25
 66
1
 10
0.0000
 20
0.0000
 30
0.0000
 40
0.0508
 41
0.0508
 70
0
  0
VERTEX
  8
25
 10
73.4305
 20
8.0533
 30
0.0000
 42
1.0000
  0
VERTEX
  8
25
 10
73.4305
 20
8.0025
 30
0.0000
  0
SEQEND
  8
0
  0
POLYLINE
  8
25
 66
1
 10
0.0000
 20
0.0000
 30
0.0000
 40
0.1016
 41
0.1016
 70
0
  0
VERTEX
  8
25
 10
74.4189
 20
7.3788
 30
0.0000
  0
VERTEX
  8
25
 10
74.4189
 20
8.5472
 30
0.0000
  0
SEQEND
  8
0
  0
POLYLINE
  8
25
 66
1
 10
0.0000
 20
0.0000
 30
0.0000
 40
0.0508
 41
0.0508
 70
0
  0
VERTEX
  8
25
 10
74.4443
 20
8.5472
 30
0.0000
 42
1.0000
  0
VERTEX
  8
25
 10
74.3935
 20
8.5472
 30
0.0000
  0
SEQEND
  8
0
  0
POLYLINE
  8
25
 66
1
 10
0.0000
 20
0.0000
 30
0.0000
 40
0.0508
 41
0.0508
 70
0
  0
VERTEX
  8
25
 10
74.3935
 20
7.3788
 30
0.0000
 42
1.0000
  0
VERTEX
  8
25
 10
74.4443
 20
7.3788
 30
0.0000
  0
SEQEND
  8
0
  0
POLYLINE
  8
25
 66
1
 10
0.0000
 20
0.0000
 30
0.0000
 40
0.1016
 41
0.1016
 70
0
  0
VERTEX
  8
25
 10
74.4189
 20
8.5472
 30
0.0000
  0
VERTEX
  8
25
 10
74.7434
 20
8.5472
 30
0.0000
  0
SEQEND
  8
0
  0
POLYLINE
  8
25
 66
1
 10
0.0000
 20
0.0000
 30
0.0000
 40
0.0508
 41
0.0508
 70
0
  0
VERTEX
  8
25
 10
74.7434
 20
8.5218
 30
0.0000
 42
1.0000
  0
VERTEX
  8
25
 10
74.7434
 20
8.5726
 30
0.0000
  0
SEQEND
  8
0
  0
POLYLINE
  8
25
 66
1
 10
0.0000
 20
0.0000
 30
0.0000
 40
0.0508
 41
0.0508
 70
0
  0
VERTEX
  8
25
 10
74.4189
 20
8.5726
 30
0.0000
 42
1.0000
  0
VERTEX
  8
25
 10
74.4189
 20
8.5218
 30
0.0000
  0
SEQEND
  8
0
  0
POLYLINE
  8
25
 66
1
 10
0.0000
 20
0.0000
 30
0.0000
 40
0.1016
 41
0.1016
 70
0
  0
VERTEX
  8
25
 10
75.0680
 20
8.2226
 30
0.0000
 42
0.4142
  0
VERTEX
  8
25
 10
74.7434
 20
8.5472
 30
0.0000
  0
SEQEND
  8
0
  0
POLYLINE
  8
25
 66
1
 10
0.0000
 20
0.0000
 30
0.0000
 40
0.0508
 41
0.0508
 70
0
  0
VERTEX
  8
25
 10
75.0426
 20
8.2226
 30
0.0000
 42
1.0000
  0
VERTEX
  8
25
 10
75.0934
 20
8.2226
 30
0.0000
  0
SEQEND
  8
0
  0
POLYLINE
  8
25
 66
1
 10
0.0000
 20
0.0000
 30
0.0000
 40
0.0508
 41
0.0508
 70
0
  0
VERTEX
  8
25
 10
74.7434
 20
8.5726
 30
0.0000
 42
1.0000
  0
VERTEX
  8
25
 10
74.7434
 20
8.5218
 30
0.0000
  0
SEQEND
  8
0
  0
POLYLINE
  8
25
 66
1
 10
0.0000
 20
0.0000
 30
0.0000
 40
0.1016
 41
0.1016
 70
0
  0
VERTEX
  8
25
 10
75.0680
 20
8.2226
 30
0.0000
  0
VERTEX
  8
25
 10
75.0680
 20
7.7034
 30
0.0000
  0
SEQEND
  8
0
  0
POLYLINE
  8
25
 66
1
 10
0.0000
 20
0.0000
 30
0.0000
 40
0.0508
 41
0.0508
 70
0
  0
VERTEX
  8
25
 10
75.0426
 20
7.7034
 30
0.0000
 42
1.0000
  0
VERTEX
  8
25
 10
75.0934
 20
7.7034
 30
0.0000
  0
SEQEND
  8
0
  0
POLYLINE
  8
25
 66
1
 10
0.0000
 20
0.0000
 30
0.0000
 40
0.0508
 41
0.0508
 70
0
  0
VERTEX
  8
25
 10
75.0934
 20
8.2226
 30
0.0000
 42
1.0000
  0
VERTEX
  8
25
 10
75.0426
 20
8.2226
 30
0.0000
  0
SEQEND
  8
0
  0
POLYLINE
  8
25
 66
1
 10
0.0000
 20
0.0000
 30
0.0000
 40
0.1016
 41
0.1016
 70
0
  0
VERTEX
  8
25
 10
74.7434
 20
7.3788
 30
0.0000
 42
0.4142
  0
VERTEX
  8
25
 10
75.0680
 20
7.7034
 30
0.0000
  0
SEQEND
  8
0
  0
POLYLINE
  8
25
 66
1
 10
0.0000
 20
0.0000
 30
0.0000
 40
0.0508
 41
0.0508
 70
0
  0
VERTEX
  8
25
 10
74.7434
 20
7.4042
 30
0.0000
 42
1.0000
  0
VERTEX
  8
25
 10
74.7434
 20
7.3534
 30
0.0000
  0
SEQEND
  8
0
  0
POLYLINE
  8
25
 66
1
 10
0.0000
 20
0.0000
 30
0.0000
 40
0.0508
 41
0.0508
 70
0
  0
VERTEX
  8
25
 10
75.0934
 20
7.7034
 30
0.0000
 42
1.0000
  0
VERTEX
  8
25
 10
75.0426
 20
7.7034
 30
0.0000
  0
SEQEND
  8
0
  0
POLYLINE
  8
25
 66
1
 10
0.0000
 20
0.0000
 30
0.0000
 40
0.1016
 41
0.1016
 70
0
  0
VERTEX
  8
25
 10
74.7434
 20
7.3788
 30
0.0000
  0
VERTEX
  8
25
 10
74.4189
 20
7.3788
 30
0.0000
  0
SEQEND
  8
0
  0
POLYLINE
  8
25
 66
1
 10
0.0000
 20
0.0000
 30
0.0000
 40
0.0508
 41
0.0508
 70
0
  0
VERTEX
  8
25
 10
74.4189
 20
7.4042
 30
0.0000
 42
1.0000
  0
VERTEX
  8
25
 10
74.4189
 20
7.3534
 30
0.0000
  0
SEQEND
  8
0
  0
POLYLINE
  8
25
 66
1
 10
0.0000
 20
0.0000
 30
0.0000
 40
0.0508
 41
0.0508
 70
0
  0
VERTEX
  8
25
 10
74.7434
 20
7.3534
 30
0.0000
 42
1.0000
  0
VERTEX
  8
25
 10
74.7434
 20
7.4042
 30
0.0000
  0
SEQEND
  8
0
  0
POLYLINE
  8
25
 66
1
 10
0.0000
 20
0.0000
 30
0.0000
 40
0.1016
 41
0.1016
 70
0
  0
VERTEX
  8
25
 10
75.5351
 20
8.5472
 30
0.0000
  0
VERTEX
  8
25
 10
75.9245
 20
7.3788
 30
0.0000
  0
SEQEND
  8
0
  0
POLYLINE
  8
25
 66
1
 10
0.0000
 20
0.0000
 30
0.0000
 40
0.0508
 41
0.0508
 70
0
  0
VERTEX
  8
25
 10
75.9004
 20
7.3708
 30
0.0000
 42
1.0000
  0
VERTEX
  8
25
 10
75.9486
 20
7.3868
 30
0.0000
  0
SEQEND
  8
0
  0
POLYLINE
  8
25
 66
1
 10
0.0000
 20
0.0000
 30
0.0000
 40
0.0508
 41
0.0508
 70
0
  0
VERTEX
  8
25
 10
75.5592
 20
8.5552
 30
0.0000
 42
1.0000
  0
VERTEX
  8
25
 10
75.5110
 20
8.5392
 30
0.0000
  0
SEQEND
  8
0
  0
POLYLINE
  8
25
 66
1
 10
0.0000
 20
0.0000
 30
0.0000
 40
0.1016
 41
0.1016
 70
0
  0
VERTEX
  8
25
 10
75.9245
 20
7.3788
 30
0.0000
  0
VERTEX
  8
25
 10
76.3140
 20
8.5472
 30
0.0000
  0
SEQEND
  8
0
  0
POLYLINE
  8
25
 66
1
 10
0.0000
 20
0.0000
 30
0.0000
 40
0.0508
 41
0.0508
 70
0
  0
VERTEX
  8
25
 10
76.3381
 20
8.5392
 30
0.0000
 42
1.0000
  0
VERTEX
  8
25
 10
76.2899
 20
8.5552
 30
0.0000
  0
SEQEND
  8
0
  0
POLYLINE
  8
25
 66
1
 10
0.0000
 20
0.0000
 30
0.0000
 40
0.0508
 41
0.0508
 70
0
  0
VERTEX
  8
25
 10
75.9004
 20
7.3868
 30
0.0000
 42
1.0000
  0
VERTEX
  8
25
 10
75.9486
 20
7.3708
 30
0.0000
  0
SEQEND
  8
0
  0
POLYLINE
  8
25
 66
1
 10
0.0000
 20
0.0000
 30
0.0000
 40
0.1016
 41
0.1016
 70
0
  0
VERTEX
  8
25
 10
76.7543
 20
7.8332
 30
0.0000
  0
VERTEX
  8
25
 10
77.5332
 20
7.8332
 30
0.0000
  0
SEQEND
  8
0
  0
POLYLINE
  8
25
 66
1
 10
0.0000
 20
0.0000
 30
0.0000
 40
0.0508
 41
0.0508
 70
0
  0
VERTEX
  8
25
 10
77.5332
 20
7.8078
 30
0.0000
 42
1.0000
  0
VERTEX
  8
25
 10
77.5332
 20
7.8586
 30
0.0000
  0
SEQEND
  8
0
  0
POLYLINE
  8
25
 66
1
 10
0.0000
 20
0.0000
 30
0.0000
 40
0.0508
 41
0.0508
 70
0
  0
VERTEX
  8
25
 10
76.7543
 20
7.8586
 30
0.0000
 42
1.0000
  0
VERTEX
  8
25
 10
76.7543
 20
7.8078
 30
0.0000
  0
SEQEND
  8
0
  0
POLYLINE
  8
25
 66
1
 10
0.0000
 20
0.0000
 30
0.0000
 40
0.1016
 41
0.1016
 70
0
  0
VERTEX
  8
25
 10
77.1437
 20
7.4437
 30
0.0000
  0
VERTEX
  8
25
 10
77.1437
 20
8.2226
 30
0.0000
  0
SEQEND
  8
0
  0
POLYLINE
  8
25
 66
1
 10
0.0000
 20
0.0000
 30
0.0000
 40
0.0508
 41
0.0508
 70
0
  0
VERTEX
  8
25
 10
77.1691
 20
8.2226
 30
0.0000
 42
1.0000
  0
VERTEX
  8
25
 10
77.1183
 20
8.2226
 30
0.0000
  0
SEQEND
  8
0
  0
POLYLINE
  8
25
 66
1
 10
0.0000
 20
0.0000
 30
0.0000
 40
0.0508
 41
0.0508
 70
0
  0
VERTEX
  8
25
 10
77.1183
 20
7.4437
 30
0.0000
 42
1.0000
  0
VERTEX
  8
25
 10
77.1691
 20
7.4437
 30
0.0000
  0
SEQEND
  8
0
  0
POINT
  8
23
 10
28.9560
 20
13.8430
 30
0.0000
  0
INSERT
  8
1
  2
RECT
 10
28.9560
 20
13.8430
 30
0.0000
 41
2.5400
 42
5.0800
 43
1.0000
 50
180.0000
  0
POLYLINE
  8
25
 66
1
 10
0.0000
 20
0.0000
 30
0.0000
 40
0.1016
 41
0.1016
 70
0
  0
VERTEX
  8
25
 10
29.3008
 20
16.2828
 30
0.0000
  0
VERTEX
  8
25
 10
29.3008
 20
17.4512
 30
0.0000
  0
SEQEND
  8
0
  0
POLYLINE
  8
25
 66
1
 10
0.0000
 20
0.0000
 30
0.0000
 40
0.0508
 41
0.0508
 70
0
  0
VERTEX
  8
25
 10
29.3262
 20
17.4512
 30
0.0000
 42
1.0000
  0
VERTEX
  8
25
 10
29.2754
 20
17.4512
 30
0.0000
  0
SEQEND
  8
0
  0
POLYLINE
  8
25
 66
1
 10
0.0000
 20
0.0000
 30
0.0000
 40
0.0508
 41
0.0508
 70
0
  0
VERTEX
  8
25
 10
29.2754
 20
16.2828
 30
0.0000
 42
1.0000
  0
VERTEX
  8
25
 10
29.3262
 20
16.2828
 30
0.0000
  0
SEQEND
  8
0
  0
POLYLINE
  8
25
 66
1
 10
0.0000
 20
0.0000
 30
0.0000
 40
0.1016
 41
0.1016
 70
0
  0
VERTEX
  8
25
 10
29.3008
 20
17.4512
 30
0.0000
  0
VERTEX
  8
25
 10
29.6903
 20
16.8021
 30
0.0000
  0
SEQEND
  8
0
  0
POLYLINE
  8
25
 66
1
 10
0.0000
 20
0.0000
 30
0.0000
 40
0.0508
 41
0.0508
 70
0
  0
VERTEX
  8
25
 10
29.6685
 20
16.7890
 30
0.0000
 42
1.0000
  0
VERTEX
  8
25
 10
29.7120
 20
16.8152
 30
0.0000
  0
SEQEND
  8
0
  0
POLYLINE
  8
25
 66
1
 10
0.0000
 20
0.0000
 30
0.0000
 40
0.0508
 41
0.0508
 70
0
  0
VERTEX
  8
25
 10
29.3226
 20
17.4643
 30
0.0000
 42
1.0000
  0
VERTEX
  8
25
 10
29.2790
 20
17.4381
 30
0.0000
  0
SEQEND
  8
0
  0
POLYLINE
  8
25
 66
1
 10
0.0000
 20
0.0000
 30
0.0000
 40
0.1016
 41
0.1016
 70
0
  0
VERTEX
  8
25
 10
29.6903
 20
16.8021
 30
0.0000
  0
VERTEX
  8
25
 10
30.0797
 20
17.4512
 30
0.0000
  0
SEQEND
  8
0
  0
POLYLINE
  8
25
 66
1
 10
0.0000
 20
0.0000
 30
0.0000
 40
0.0508
 41
0.0508
 70
0
  0
VERTEX
  8
25
 10
30.1015
 20
17.4381
 30
0.0000
 42
1.0000
  0
VERTEX
  8
25
 10
30.0580
 20
17.4643
 30
0.0000
  0
SEQEND
  8
0
  0
POLYLINE
  8
25
 66
1
 10
0.0000
 20
0.0000
 30
0.0000
 40
0.0508
 41
0.0508
 70
0
  0
VERTEX
  8
25
 10
29.6685
 20
16.8152
 30
0.0000
 42
1.0000
  0
VERTEX
  8
25
 10
29.7120
 20
16.7890
 30
0.0000
  0
SEQEND
  8
0
  0
POLYLINE
  8
25
 66
1
 10
0.0000
 20
0.0000
 30
0.0000
 40
0.1016
 41
0.1016
 70
0
  0
VERTEX
  8
25
 10
30.0797
 20
17.4512
 30
0.0000
  0
VERTEX
  8
25
 10
30.0797
 20
16.2828
 30
0.0000
  0
SEQEND
  8
0
  0
POLYLINE
  8
25
 66
1
 10
0.0000
 20
0.0000
 30
0.0000
 40
0.0508
 41
0.0508
 70
0
  0
VERTEX
  8
25
 10
30.0543
 20
16.2828
 30
0.0000
 42
1.0000
  0
VERTEX
  8
25
 10
30.1051
 20
16.2828
 30
0.0000
  0
SEQEND
  8
0
  0
POLYLINE
  8
25
 66
1
 10
0.0000
 20
0.0000
 30
0.0000
 40
0.0508
 41
0.0508
 70
0
  0
VERTEX
  8
25
 10
30.1051
 20
17.4512
 30
0.0000
 42
1.0000
  0
VERTEX
  8
25
 10
30.0543
 20
17.4512
 30
0.0000
  0
SEQEND
  8
0
  0
POLYLINE
  8
25
 66
1
 10
0.0000
 20
0.0000
 30
0.0000
 40
0.1016
 41
0.1016
 70
0
  0
VERTEX
  8
25
 10
30.6230
 20
16.6074
 30
0.0000
  0
VERTEX
  8
25
 10
30.6230
 20
17.1266
 30
0.0000
  0
SEQEND
  8
0
  0
POLYLINE
  8
25
 66
1
 10
0.0000
 20
0.0000
 30
0.0000
 40
0.0508
 41
0.0508
 70
0
  0
VERTEX
  8
25
 10
30.6484
 20
17.1266
 30
0.0000
 42
1.0000
  0
VERTEX
  8
25
 10
30.5976
 20
17.1266
 30
0.0000
  0
SEQEND
  8
0
  0
POLYLINE
  8
25
 66
1
 10
0.0000
 20
0.0000
 30
0.0000
 40
0.0508
 41
0.0508
 70
0
  0
VERTEX
  8
25
 10
30.5976
 20
16.6074
 30
0.0000
 42
1.0000
  0
VERTEX
  8
25
 10
30.6484
 20
16.6074
 30
0.0000
  0
SEQEND
  8
0
  0
POLYLINE
  8
25
 66
1
 10
0.0000
 20
0.0000
 30
0.0000
 40
0.1016
 41
0.1016
 70
0
  0
VERTEX
  8
25
 10
31.2721
 20
17.1266
 30
0.0000
 42
1.0000
  0
VERTEX
  8
25
 10
30.6230
 20
17.1266
 30
0.0000
  0
SEQEND
  8
0
  0
POLYLINE
  8
25
 66
1
 10
0.0000
 20
0.0000
 30
0.0000
 40
0.0508
 41
0.0508
 70
0
  0
VERTEX
  8
25
 10
31.2467
 20
17.1266
 30
0.0000
 42
1.0000
  0
VERTEX
  8
25
 10
31.2975
 20
17.1266
 30
0.0000
  0
SEQEND
  8
0
  0
POLYLINE
  8
25
 66
1
 10
0.0000
 20
0.0000
 30
0.0000
 40
0.0508
 41
0.0508
 70
0
  0
VERTEX
  8
25
 10
30.5976
 20
17.1266
 30
0.0000
 42
1.0000
  0
VERTEX
  8
25
 10
30.6484
 20
17.1266
 30
0.0000
  0
SEQEND
  8
0
  0
POLYLINE
  8
25
 66
1
 10
0.0000
 20
0.0000
 30
0.0000
 40
0.1016
 41
0.1016
 70
0
  0
VERTEX
  8
25
 10
31.2721
 20
17.1266
 30
0.0000
  0
VERTEX
  8
25
 10
31.2721
 20
16.6074
 30
0.0000
  0
SEQEND
  8
0
  0
POLYLINE
  8
25
 66
1
 10
0.0000
 20
0.0000
 30
0.0000
 40
0.0508
 41
0.0508
 70
0
  0
VERTEX
  8
25
 10
31.2467
 20
16.6074
 30
0.0000
 42
1.0000
  0
VERTEX
  8
25
 10
31.2975
 20
16.6074
 30
0.0000
  0
SEQEND
  8
0
  0
POLYLINE
  8
25
 66
1
 10
0.0000
 20
0.0000
 30
0.0000
 40
0.0508
 41
0.0508
 70
0
  0
VERTEX
  8
25
 10
31.2975
 20
17.1266
 30
0.0000
 42
1.0000
  0
VERTEX
  8
25
 10
31.2467
 20
17.1266
 30
0.0000
  0
SEQEND
  8
0
  0
POLYLINE
  8
25
 66
1
 10
0.0000
 20
0.0000
 30
0.0000
 40
0.1016
 41
0.1016
 70
0
  0
VERTEX
  8
25
 10
30.6230
 20
16.6074
 30
0.0000
 42
1.0000
  0
VERTEX
  8
25
 10
31.2721
 20
16.6074
 30
0.0000
  0
SEQEND
  8
0
  0
POLYLINE
  8
25
 66
1
 10
0.0000
 20
0.0000
 30
0.0000
 40
0.0508
 41
0.0508
 70
0
  0
VERTEX
  8
25
 10
30.6484
 20
16.6074
 30
0.0000
 42
1.0000
  0
VERTEX
  8
25
 10
30.5976
 20
16.6074
 30
0.0000
  0
SEQEND
  8
0
  0
POLYLINE
  8
25
 66
1
 10
0.0000
 20
0.0000
 30
0.0000
 40
0.0508
 41
0.0508
 70
0
  0
VERTEX
  8
25
 10
31.2975
 20
16.6074
 30
0.0000
 42
1.0000
  0
VERTEX
  8
25
 10
31.2467
 20
16.6074
 30
0.0000
  0
SEQEND
  8
0
  0
POLYLINE
  8
25
 66
1
 10
0.0000
 20
0.0000
 30
0.0000
 40
0.1016
 41
0.1016
 70
0
  0
VERTEX
  8
25
 10
32.0144
 20
16.2828
 30
0.0000
  0
VERTEX
  8
25
 10
32.0144
 20
17.4512
 30
0.0000
  0
SEQEND
  8
0
  0
POLYLINE
  8
25
 66
1
 10
0.0000
 20
0.0000
 30
0.0000
 40
0.0508
 41
0.0508
 70
0
  0
VERTEX
  8
25
 10
32.0398
 20
17.4512
 30
0.0000
 42
1.0000
  0
VERTEX
  8
25
 10
31.9890
 20
17.4512
 30
0.0000
  0
SEQEND
  8
0
  0
POLYLINE
  8
25
 66
1
 10
0.0000
 20
0.0000
 30
0.0000
 40
0.0508
 41
0.0508
 70
0
  0
VERTEX
  8
25
 10
31.9890
 20
16.2828
 30
0.0000
 42
1.0000
  0
VERTEX
  8
25
 10
32.0398
 20
16.2828
 30
0.0000
  0
SEQEND
  8
0
  0
POLYLINE
  8
25
 66
1
 10
0.0000
 20
0.0000
 30
0.0000
 40
0.1016
 41
0.1016
 70
0
  0
VERTEX
  8
25
 10
31.6898
 20
17.4512
 30
0.0000
  0
VERTEX
  8
25
 10
32.3389
 20
17.4512
 30
0.0000
  0
SEQEND
  8
0
  0
POLYLINE
  8
25
 66
1
 10
0.0000
 20
0.0000
 30
0.0000
 40
0.0508
 41
0.0508
 70
0
  0
VERTEX
  8
25
 10
32.3389
 20
17.4258
 30
0.0000
 42
1.0000
  0
VERTEX
  8
25
 10
32.3389
 20
17.4766
 30
0.0000
  0
SEQEND
  8
0
  0
POLYLINE
  8
25
 66
1
 10
0.0000
 20
0.0000
 30
0.0000
 40
0.0508
 41
0.0508
 70
0
  0
VERTEX
  8
25
 10
31.6898
 20
17.4766
 30
0.0000
 42
1.0000
  0
VERTEX
  8
25
 10
31.6898
 20
17.4258
 30
0.0000
  0
SEQEND
  8
0
  0
POLYLINE
  8
25
 66
1
 10
0.0000
 20
0.0000
 30
0.0000
 40
0.1016
 41
0.1016
 70
0
  0
VERTEX
  8
25
 10
32.7566
 20
16.6074
 30
0.0000
  0
VERTEX
  8
25
 10
32.7566
 20
17.1266
 30
0.0000
  0
SEQEND
  8
0
  0
POLYLINE
  8
25
 66
1
 10
0.0000
 20
0.0000
 30
0.0000
 40
0.0508
 41
0.0508
 70
0
  0
VERTEX
  8
25
 10
32.7820
 20
17.1266
 30
0.0000
 42
1.0000
  0
VERTEX
  8
25
 10
32.7312
 20
17.1266
 30
0.0000
  0
SEQEND
  8
0
  0
POLYLINE
  8
25
 66
1
 10
0.0000
 20
0.0000
 30
0.0000
 40
0.0508
 41
0.0508
 70
0
  0
VERTEX
  8
25
 10
32.7312
 20
16.6074
 30
0.0000
 42
1.0000
  0
VERTEX
  8
25
 10
32.7820
 20
16.6074
 30
0.0000
  0
SEQEND
  8
0
  0
POLYLINE
  8
25
 66
1
 10
0.0000
 20
0.0000
 30
0.0000
 40
0.1016
 41
0.1016
 70
0
  0
VERTEX
  8
25
 10
33.4057
 20
17.1266
 30
0.0000
 42
1.0000
  0
VERTEX
  8
25
 10
32.7566
 20
17.1266
 30
0.0000
  0
SEQEND
  8
0
  0
POLYLINE
  8
25
 66
1
 10
0.0000
 20
0.0000
 30
0.0000
 40
0.0508
 41
0.0508
 70
0
  0
VERTEX
  8
25
 10
33.3803
 20
17.1266
 30
0.0000
 42
1.0000
  0
VERTEX
  8
25
 10
33.4311
 20
17.1266
 30
0.0000
  0
SEQEND
  8
0
  0
POLYLINE
  8
25
 66
1
 10
0.0000
 20
0.0000
 30
0.0000
 40
0.0508
 41
0.0508
 70
0
  0
VERTEX
  8
25
 10
32.7312
 20
17.1266
 30
0.0000
 42
1.0000
  0
VERTEX
  8
25
 10
32.7820
 20
17.1266
 30
0.0000
  0
SEQEND
  8
0
  0
POLYLINE
  8
25
 66
1
 10
0.0000
 20
0.0000
 30
0.0000
 40
0.1016
 41
0.1016
 70
0
  0
VERTEX
  8
25
 10
33.4057
 20
17.1266
 30
0.0000
  0
VERTEX
  8
25
 10
33.4057
 20
16.6074
 30
0.0000
  0
SEQEND
  8
0
  0
POLYLINE
  8
25
 66
1
 10
0.0000
 20
0.0000
 30
0.0000
 40
0.0508
 41
0.0508
 70
0
  0
VERTEX
  8
25
 10
33.3803
 20
16.6074
 30
0.0000
 42
1.0000
  0
VERTEX
  8
25
 10
33.4311
 20
16.6074
 30
0.0000
  0
SEQEND
  8
0
  0
POLYLINE
  8
25
 66
1
 10
0.0000
 20
0.0000
 30
0.0000
 40
0.0508
 41
0.0508
 70
0
  0
VERTEX
  8
25
 10
33.4311
 20
17.1266
 30
0.0000
 42
1.0000
  0
VERTEX
  8
25
 10
33.3803
 20
17.1266
 30
0.0000
  0
SEQEND
  8
0
  0
POLYLINE
  8
25
 66
1
 10
0.0000
 20
0.0000
 30
0.0000
 40
0.1016
 41
0.1016
 70
0
  0
VERTEX
  8
25
 10
32.7566
 20
16.6074
 30
0.0000
 42
1.0000
  0
VERTEX
  8
25
 10
33.4057
 20
16.6074
 30
0.0000
  0
SEQEND
  8
0
  0
POLYLINE
  8
25
 66
1
 10
0.0000
 20
0.0000
 30
0.0000
 40
0.0508
 41
0.0508
 70
0
  0
VERTEX
  8
25
 10
32.7820
 20
16.6074
 30
0.0000
 42
1.0000
  0
VERTEX
  8
25
 10
32.7312
 20
16.6074
 30
0.0000
  0
SEQEND
  8
0
  0
POLYLINE
  8
25
 66
1
 10
0.0000
 20
0.0000
 30
0.0000
 40
0.0508
 41
0.0508
 70
0
  0
VERTEX
  8
25
 10
33.4311
 20
16.6074
 30
0.0000
 42
1.0000
  0
VERTEX
  8
25
 10
33.3803
 20
16.6074
 30
0.0000
  0
SEQEND
  8
0
  0
POLYLINE
  8
25
 66
1
 10
0.0000
 20
0.0000
 30
0.0000
 40
0.1016
 41
0.1016
 70
0
  0
VERTEX
  8
25
 10
33.9451
 20
16.2828
 30
0.0000
  0
VERTEX
  8
25
 10
33.9451
 20
17.4512
 30
0.0000
  0
SEQEND
  8
0
  0
POLYLINE
  8
25
 66
1
 10
0.0000
 20
0.0000
 30
0.0000
 40
0.0508
 41
0.0508
 70
0
  0
VERTEX
  8
25
 10
33.9705
 20
17.4512
 30
0.0000
 42
1.0000
  0
VERTEX
  8
25
 10
33.9197
 20
17.4512
 30
0.0000
  0
SEQEND
  8
0
  0
POLYLINE
  8
25
 66
1
 10
0.0000
 20
0.0000
 30
0.0000
 40
0.0508
 41
0.0508
 70
0
  0
VERTEX
  8
25
 10
33.9197
 20
16.2828
 30
0.0000
 42
1.0000
  0
VERTEX
  8
25
 10
33.9705
 20
16.2828
 30
0.0000
  0
SEQEND
  8
0
  0
POLYLINE
  8
25
 66
1
 10
0.0000
 20
0.0000
 30
0.0000
 40
0.1016
 41
0.1016
 70
0
  0
VERTEX
  8
25
 10
33.9451
 20
17.4512
 30
0.0000
  0
VERTEX
  8
25
 10
34.2696
 20
17.4512
 30
0.0000
  0
SEQEND
  8
0
  0
POLYLINE
  8
25
 66
1
 10
0.0000
 20
0.0000
 30
0.0000
 40
0.0508
 41
0.0508
 70
0
  0
VERTEX
  8
25
 10
34.2696
 20
17.4258
 30
0.0000
 42
1.0000
  0
VERTEX
  8
25
 10
34.2696
 20
17.4766
 30
0.0000
  0
SEQEND
  8
0
  0
POLYLINE
  8
25
 66
1
 10
0.0000
 20
0.0000
 30
0.0000
 40
0.0508
 41
0.0508
 70
0
  0
VERTEX
  8
25
 10
33.9451
 20
17.4766
 30
0.0000
 42
1.0000
  0
VERTEX
  8
25
 10
33.9451
 20
17.4258
 30
0.0000
  0
SEQEND
  8
0
  0
POLYLINE
  8
25
 66
1
 10
0.0000
 20
0.0000
 30
0.0000
 40
0.1016
 41
0.1016
 70
0
  0
VERTEX
  8
25
 10
34.2696
 20
16.8021
 30
0.0000
 42
1.0000
  0
VERTEX
  8
25
 10
34.2696
 20
17.4512
 30
0.0000
  0
SEQEND
  8
0
  0
POLYLINE
  8
25
 66
1
 10
0.0000
 20
0.0000
 30
0.0000
 40
0.0508
 41
0.0508
 70
0
  0
VERTEX
  8
25
 10
34.2696
 20
16.8275
 30
0.0000
 42
1.0000
  0
VERTEX
  8
25
 10
34.2696
 20
16.7767
 30
0.0000
  0
SEQEND
  8
0
  0
POLYLINE
  8
25
 66
1
 10
0.0000
 20
0.0000
 30
0.0000
 40
0.0508
 41
0.0508
 70
0
  0
VERTEX
  8
25
 10
34.2696
 20
17.4766
 30
0.0000
 42
1.0000
  0
VERTEX
  8
25
 10
34.2696
 20
17.4258
 30
0.0000
  0
SEQEND
  8
0
  0
POLYLINE
  8
25
 66
1
 10
0.0000
 20
0.0000
 30
0.0000
 40
0.1016
 41
0.1016
 70
0
  0
VERTEX
  8
25
 10
34.2696
 20
16.8021
 30
0.0000
  0
VERTEX
  8
25
 10
33.9451
 20
16.8021
 30
0.0000
  0
SEQEND
  8
0
  0
POLYLINE
  8
25
 66
1
 10
0.0000
 20
0.0000
 30
0.0000
 40
0.0508
 41
0.0508
 70
0
  0
VERTEX
  8
25
 10
33.9451
 20
16.8275
 30
0.0000
 42
1.0000
  0
VERTEX
  8
25
 10
33.9451
 20
16.7767
 30
0.0000
  0
SEQEND
  8
0
  0
POLYLINE
  8
25
 66
1
 10
0.0000
 20
0.0000
 30
0.0000
 40
0.0508
 41
0.0508
 70
0
  0
VERTEX
  8
25
 10
34.2696
 20
16.7767
 30
0.0000
 42
1.0000
  0
VERTEX
  8
25
 10
34.2696
 20
16.8275
 30
0.0000
  0
SEQEND
  8
0
  0
POLYLINE
  8
25
 66
1
 10
0.0000
 20
0.0000
 30
0.0000
 40
0.1016
 41
0.1016
 70
0
  0
VERTEX
  8
25
 10
34.5942
 20
16.2828
 30
0.0000
  0
VERTEX
  8
25
 10
34.3345
 20
16.8021
 30
0.0000
  0
SEQEND
  8
0
  0
POLYLINE
  8
25
 66
1
 10
0.0000
 20
0.0000
 30
0.0000
 40
0.0508
 41
0.0508
 70
0
  0
VERTEX
  8
25
 10
34.3572
 20
16.8134
 30
0.0000
 42
1.0000
  0
VERTEX
  8
25
 10
34.3118
 20
16.7907
 30
0.0000
  0
SEQEND
  8
0
  0
POLYLINE
  8
25
 66
1
 10
0.0000
 20
0.0000
 30
0.0000
 40
0.0508
 41
0.0508
 70
0
  0
VERTEX
  8
25
 10
34.5715
 20
16.2714
 30
0.0000
 42
1.0000
  0
VERTEX
  8
25
 10
34.6169
 20
16.2942
 30
0.0000
  0
SEQEND
  8
0
  0
POLYLINE
  8
25
 66
1
 10
0.0000
 20
0.0000
 30
0.0000
 40
0.1016
 41
0.1016
 70
0
  0
VERTEX
  8
25
 10
35.0313
 20
16.1530
 30
0.0000
  0
VERTEX
  8
25
 10
35.5506
 20
16.1530
 30
0.0000
  0
SEQEND
  8
0
  0
POLYLINE
  8
25
 66
1
 10
0.0000
 20
0.0000
 30
0.0000
 40
0.0508
 41
0.0508
 70
0
  0
VERTEX
  8
25
 10
35.5506
 20
16.1276
 30
0.0000
 42
1.0000
  0
VERTEX
  8
25
 10
35.5506
 20
16.1784
 30
0.0000
  0
SEQEND
  8
0
  0
POLYLINE
  8
25
 66
1
 10
0.0000
 20
0.0000
 30
0.0000
 40
0.0508
 41
0.0508
 70
0
  0
VERTEX
  8
25
 10
35.0313
 20
16.1784
 30
0.0000
 42
1.0000
  0
VERTEX
  8
25
 10
35.0313
 20
16.1276
 30
0.0000
  0
SEQEND
  8
0
  0
POLYLINE
  8
25
 66
1
 10
0.0000
 20
0.0000
 30
0.0000
 40
0.1016
 41
0.1016
 70
0
  0
VERTEX
  8
25
 10
36.0355
 20
17.4512
 30
0.0000
  0
VERTEX
  8
25
 10
36.0355
 20
16.2828
 30
0.0000
  0
SEQEND
  8
0
  0
POLYLINE
  8
25
 66
1
 10
0.0000
 20
0.0000
 30
0.0000
 40
0.0508
 41
0.0508
 70
0
  0
VERTEX
  8
25
 10
36.0101
 20
16.2828
 30
0.0000
 42
1.0000
  0
VERTEX
  8
25
 10
36.0609
 20
16.2828
 30
0.0000
  0
SEQEND
  8
0
  0
POLYLINE
  8
25
 66
1
 10
0.0000
 20
0.0000
 30
0.0000
 40
0.0508
 41
0.0508
 70
0
  0
VERTEX
  8
25
 10
36.0609
 20
17.4512
 30
0.0000
 42
1.0000
  0
VERTEX
  8
25
 10
36.0101
 20
17.4512
 30
0.0000
  0
SEQEND
  8
0
  0
POLYLINE
  8
25
 66
1
 10
0.0000
 20
0.0000
 30
0.0000
 40
0.1016
 41
0.1016
 70
0
  0
VERTEX
  8
25
 10
36.0355
 20
16.2828
 30
0.0000
  0
VERTEX
  8
25
 10
36.5547
 20
16.2828
 30
0.0000
  0
SEQEND
  8
0
  0
POLYLINE
  8
25
 66
1
 10
0.0000
 20
0.0000
 30
0.0000
 40
0.0508
 41
0.0508
 70
0
  0
VERTEX
  8
25
 10
36.5547
 20
16.2574
 30
0.0000
 42
1.0000
  0
VERTEX
  8
25
 10
36.5547
 20
16.3082
 30
0.0000
  0
SEQEND
  8
0
  0
POLYLINE
  8
25
 66
1
 10
0.0000
 20
0.0000
 30
0.0000
 40
0.0508
 41
0.0508
 70
0
  0
VERTEX
  8
25
 10
36.0355
 20
16.3082
 30
0.0000
 42
1.0000
  0
VERTEX
  8
25
 10
36.0355
 20
16.2574
 30
0.0000
  0
SEQEND
  8
0
  0
POINT
  8
23
 10
28.9560
 20
6.9850
 30
0.0000
  0
INSERT
  8
1
  2
RECT
 10
28.9560
 20
6.9850
 30
0.0000
 41
2.5400
 42
5.0800
 43
1.0000
 50
180.0000
  0
POLYLINE
  8
25
 66
1
 10
0.0000
 20
0.0000
 30
0.0000
 40
0.1016
 41
0.1016
 70
0
  0
VERTEX
  8
25
 10
29.0468
 20
3.4558
 30
0.0000
  0
VERTEX
  8
25
 10
29.0468
 20
4.6242
 30
0.0000
  0
SEQEND
  8
0
  0
POLYLINE
  8
25
 66
1
 10
0.0000
 20
0.0000
 30
0.0000
 40
0.0508
 41
0.0508
 70
0
  0
VERTEX
  8
25
 10
29.0722
 20
4.6242
 30
0.0000
 42
1.0000
  0
VERTEX
  8
25
 10
29.0214
 20
4.6242
 30
0.0000
  0
SEQEND
  8
0
  0
POLYLINE
  8
25
 66
1
 10
0.0000
 20
0.0000
 30
0.0000
 40
0.0508
 41
0.0508
 70
0
  0
VERTEX
  8
25
 10
29.0214
 20
3.4558
 30
0.0000
 42
1.0000
  0
VERTEX
  8
25
 10
29.0722
 20
3.4558
 30
0.0000
  0
SEQEND
  8
0
  0
POLYLINE
  8
25
 66
1
 10
0.0000
 20
0.0000
 30
0.0000
 40
0.1016
 41
0.1016
 70
0
  0
VERTEX
  8
25
 10
29.0468
 20
4.6242
 30
0.0000
  0
VERTEX
  8
25
 10
29.4363
 20
3.9751
 30
0.0000
  0
SEQEND
  8
0
  0
POLYLINE
  8
25
 66
1
 10
0.0000
 20
0.0000
 30
0.0000
 40
0.0508
 41
0.0508
 70
0
  0
VERTEX
  8
25
 10
29.4145
 20
3.9620
 30
0.0000
 42
1.0000
  0
VERTEX
  8
25
 10
29.4580
 20
3.9882
 30
0.0000
  0
SEQEND
  8
0
  0
POLYLINE
  8
25
 66
1
 10
0.0000
 20
0.0000
 30
0.0000
 40
0.0508
 41
0.0508
 70
0
  0
VERTEX
  8
25
 10
29.0686
 20
4.6373
 30
0.0000
 42
1.0000
  0
VERTEX
  8
25
 10
29.0250
 20
4.6111
 30
0.0000
  0
SEQEND
  8
0
  0
POLYLINE
  8
25
 66
1
 10
0.0000
 20
0.0000
 30
0.0000
 40
0.1016
 41
0.1016
 70
0
  0
VERTEX
  8
25
 10
29.4363
 20
3.9751
 30
0.0000
  0
VERTEX
  8
25
 10
29.8257
 20
4.6242
 30
0.0000
  0
SEQEND
  8
0
  0
POLYLINE
  8
25
 66
1
 10
0.0000
 20
0.0000
 30
0.0000
 40
0.0508
 41
0.0508
 70
0
  0
VERTEX
  8
25
 10
29.8475
 20
4.6111
 30
0.0000
 42
1.0000
  0
VERTEX
  8
25
 10
29.8040
 20
4.6373
 30
0.0000
  0
SEQEND
  8
0
  0
POLYLINE
  8
25
 66
1
 10
0.0000
 20
0.0000
 30
0.0000
 40
0.0508
 41
0.0508
 70
0
  0
VERTEX
  8
25
 10
29.4145
 20
3.9882
 30
0.0000
 42
1.0000
  0
VERTEX
  8
25
 10
29.4580
 20
3.9620
 30
0.0000
  0
SEQEND
  8
0
  0
POLYLINE
  8
25
 66
1
 10
0.0000
 20
0.0000
 30
0.0000
 40
0.1016
 41
0.1016
 70
0
  0
VERTEX
  8
25
 10
29.8257
 20
4.6242
 30
0.0000
  0
VERTEX
  8
25
 10
29.8257
 20
3.4558
 30
0.0000
  0
SEQEND
  8
0
  0
POLYLINE
  8
25
 66
1
 10
0.0000
 20
0.0000
 30
0.0000
 40
0.0508
 41
0.0508
 70
0
  0
VERTEX
  8
25
 10
29.8003
 20
3.4558
 30
0.0000
 42
1.0000
  0
VERTEX
  8
25
 10
29.8511
 20
3.4558
 30
0.0000
  0
SEQEND
  8
0
  0
POLYLINE
  8
25
 66
1
 10
0.0000
 20
0.0000
 30
0.0000
 40
0.0508
 41
0.0508
 70
0
  0
VERTEX
  8
25
 10
29.8511
 20
4.6242
 30
0.0000
 42
1.0000
  0
VERTEX
  8
25
 10
29.8003
 20
4.6242
 30
0.0000
  0
SEQEND
  8
0
  0
POLYLINE
  8
25
 66
1
 10
0.0000
 20
0.0000
 30
0.0000
 40
0.1016
 41
0.1016
 70
0
  0
VERTEX
  8
25
 10
30.3690
 20
3.7804
 30
0.0000
  0
VERTEX
  8
25
 10
30.3690
 20
4.2996
 30
0.0000
  0
SEQEND
  8
0
  0
POLYLINE
  8
25
 66
1
 10
0.0000
 20
0.0000
 30
0.0000
 40
0.0508
 41
0.0508
 70
0
  0
VERTEX
  8
25
 10
30.3944
 20
4.2996
 30
0.0000
 42
1.0000
  0
VERTEX
  8
25
 10
30.3436
 20
4.2996
 30
0.0000
  0
SEQEND
  8
0
  0
POLYLINE
  8
25
 66
1
 10
0.0000
 20
0.0000
 30
0.0000
 40
0.0508
 41
0.0508
 70
0
  0
VERTEX
  8
25
 10
30.3436
 20
3.7804
 30
0.0000
 42
1.0000
  0
VERTEX
  8
25
 10
30.3944
 20
3.7804
 30
0.0000
  0
SEQEND
  8
0
  0
POLYLINE
  8
25
 66
1
 10
0.0000
 20
0.0000
 30
0.0000
 40
0.1016
 41
0.1016
 70
0
  0
VERTEX
  8
25
 10
31.0181
 20
4.2996
 30
0.0000
 42
1.0000
  0
VERTEX
  8
25
 10
30.3690
 20
4.2996
 30
0.0000
  0
SEQEND
  8
0
  0
POLYLINE
  8
25
 66
1
 10
0.0000
 20
0.0000
 30
0.0000
 40
0.0508
 41
0.0508
 70
0
  0
VERTEX
  8
25
 10
30.9927
 20
4.2996
 30
0.0000
 42
1.0000
  0
VERTEX
  8
25
 10
31.0435
 20
4.2996
 30
0.0000
  0
SEQEND
  8
0
  0
POLYLINE
  8
25
 66
1
 10
0.0000
 20
0.0000
 30
0.0000
 40
0.0508
 41
0.0508
 70
0
  0
VERTEX
  8
25
 10
30.3436
 20
4.2996
 30
0.0000
 42
1.0000
  0
VERTEX
  8
25
 10
30.3944
 20
4.2996
 30
0.0000
  0
SEQEND
  8
0
  0
POLYLINE
  8
25
 66
1
 10
0.0000
 20
0.0000
 30
0.0000
 40
0.1016
 41
0.1016
 70
0
  0
VERTEX
  8
25
 10
31.0181
 20
4.2996
 30
0.0000
  0
VERTEX
  8
25
 10
31.0181
 20
3.7804
 30
0.0000
  0
SEQEND
  8
0
  0
POLYLINE
  8
25
 66
1
 10
0.0000
 20
0.0000
 30
0.0000
 40
0.0508
 41
0.0508
 70
0
  0
VERTEX
  8
25
 10
30.9927
 20
3.7804
 30
0.0000
 42
1.0000
  0
VERTEX
  8
25
 10
31.0435
 20
3.7804
 30
0.0000
  0
SEQEND
  8
0
  0
POLYLINE
  8
25
 66
1
 10
0.0000
 20
0.0000
 30
0.0000
 40
0.0508
 41
0.0508
 70
0
  0
VERTEX
  8
25
 10
31.0435
 20
4.2996
 30
0.0000
 42
1.0000
  0
VERTEX
  8
25
 10
30.9927
 20
4.2996
 30
0.0000
  0
SEQEND
  8
0
  0
POLYLINE
  8
25
 66
1
 10
0.0000
 20
0.0000
 30
0.0000
 40
0.1016
 41
0.1016
 70
0
  0
VERTEX
  8
25
 10
30.3690
 20
3.7804
 30
0.0000
 42
1.0000
  0
VERTEX
  8
25
 10
31.0181
 20
3.7804
 30
0.0000
  0
SEQEND
  8
0
  0
POLYLINE
  8
25
 66
1
 10
0.0000
 20
0.0000
 30
0.0000
 40
0.0508
 41
0.0508
 70
0
  0
VERTEX
  8
25
 10
30.3944
 20
3.7804
 30
0.0000
 42
1.0000
  0
VERTEX
  8
25
 10
30.3436
 20
3.7804
 30
0.0000
  0
SEQEND
  8
0
  0
POLYLINE
  8
25
 66
1
 10
0.0000
 20
0.0000
 30
0.0000
 40
0.0508
 41
0.0508
 70
0
  0
VERTEX
  8
25
 10
31.0435
 20
3.7804
 30
0.0000
 42
1.0000
  0
VERTEX
  8
25
 10
30.9927
 20
3.7804
 30
0.0000
  0
SEQEND
  8
0
  0
POLYLINE
  8
25
 66
1
 10
0.0000
 20
0.0000
 30
0.0000
 40
0.1016
 41
0.1016
 70
0
  0
VERTEX
  8
25
 10
31.7604
 20
3.4558
 30
0.0000
  0
VERTEX
  8
25
 10
31.7604
 20
4.6242
 30
0.0000
  0
SEQEND
  8
0
  0
POLYLINE
  8
25
 66
1
 10
0.0000
 20
0.0000
 30
0.0000
 40
0.0508
 41
0.0508
 70
0
  0
VERTEX
  8
25
 10
31.7858
 20
4.6242
 30
0.0000
 42
1.0000
  0
VERTEX
  8
25
 10
31.7350
 20
4.6242
 30
0.0000
  0
SEQEND
  8
0
  0
POLYLINE
  8
25
 66
1
 10
0.0000
 20
0.0000
 30
0.0000
 40
0.0508
 41
0.0508
 70
0
  0
VERTEX
  8
25
 10
31.7350
 20
3.4558
 30
0.0000
 42
1.0000
  0
VERTEX
  8
25
 10
31.7858
 20
3.4558
 30
0.0000
  0
SEQEND
  8
0
  0
POLYLINE
  8
25
 66
1
 10
0.0000
 20
0.0000
 30
0.0000
 40
0.1016
 41
0.1016
 70
0
  0
VERTEX
  8
25
 10
31.4358
 20
4.6242
 30
0.0000
  0
VERTEX
  8
25
 10
32.0849
 20
4.6242
 30
0.0000
  0
SEQEND
  8
0
  0
POLYLINE
  8
25
 66
1
 10
0.0000
 20
0.0000
 30
0.0000
 40
0.0508
 41
0.0508
 70
0
  0
VERTEX
  8
25
 10
32.0849
 20
4.5988
 30
0.0000
 42
1.0000
  0
VERTEX
  8
25
 10
32.0849
 20
4.6496
 30
0.0000
  0
SEQEND
  8
0
  0
POLYLINE
  8
25
 66
1
 10
0.0000
 20
0.0000
 30
0.0000
 40
0.0508
 41
0.0508
 70
0
  0
VERTEX
  8
25
 10
31.4358
 20
4.6496
 30
0.0000
 42
1.0000
  0
VERTEX
  8
25
 10
31.4358
 20
4.5988
 30
0.0000
  0
SEQEND
  8
0
  0
POLYLINE
  8
25
 66
1
 10
0.0000
 20
0.0000
 30
0.0000
 40
0.1016
 41
0.1016
 70
0
  0
VERTEX
  8
25
 10
32.5026
 20
3.7804
 30
0.0000
  0
VERTEX
  8
25
 10
32.5026
 20
4.2996
 30
0.0000
  0
SEQEND
  8
0
  0
POLYLINE
  8
25
 66
1
 10
0.0000
 20
0.0000
 30
0.0000
 40
0.0508
 41
0.0508
 70
0
  0
VERTEX
  8
25
 10
32.5280
 20
4.2996
 30
0.0000
 42
1.0000
  0
VERTEX
  8
25
 10
32.4772
 20
4.2996
 30
0.0000
  0
SEQEND
  8
0
  0
POLYLINE
  8
25
 66
1
 10
0.0000
 20
0.0000
 30
0.0000
 40
0.0508
 41
0.0508
 70
0
  0
VERTEX
  8
25
 10
32.4772
 20
3.7804
 30
0.0000
 42
1.0000
  0
VERTEX
  8
25
 10
32.5280
 20
3.7804
 30
0.0000
  0
SEQEND
  8
0
  0
POLYLINE
  8
25
 66
1
 10
0.0000
 20
0.0000
 30
0.0000
 40
0.1016
 41
0.1016
 70
0
  0
VERTEX
  8
25
 10
33.1517
 20
4.2996
 30
0.0000
 42
1.0000
  0
VERTEX
  8
25
 10
32.5026
 20
4.2996
 30
0.0000
  0
SEQEND
  8
0
  0
POLYLINE
  8
25
 66
1
 10
0.0000
 20
0.0000
 30
0.0000
 40
0.0508
 41
0.0508
 70
0
  0
VERTEX
  8
25
 10
33.1263
 20
4.2996
 30
0.0000
 42
1.0000
  0
VERTEX
  8
25
 10
33.1771
 20
4.2996
 30
0.0000
  0
SEQEND
  8
0
  0
POLYLINE
  8
25
 66
1
 10
0.0000
 20
0.0000
 30
0.0000
 40
0.0508
 41
0.0508
 70
0
  0
VERTEX
  8
25
 10
32.4772
 20
4.2996
 30
0.0000
 42
1.0000
  0
VERTEX
  8
25
 10
32.5280
 20
4.2996
 30
0.0000
  0
SEQEND
  8
0
  0
POLYLINE
  8
25
 66
1
 10
0.0000
 20
0.0000
 30
0.0000
 40
0.1016
 41
0.1016
 70
0
  0
VERTEX
  8
25
 10
33.1517
 20
4.2996
 30
0.0000
  0
VERTEX
  8
25
 10
33.1517
 20
3.7804
 30
0.0000
  0
SEQEND
  8
0
  0
POLYLINE
  8
25
 66
1
 10
0.0000
 20
0.0000
 30
0.0000
 40
0.0508
 41
0.0508
 70
0
  0
VERTEX
  8
25
 10
33.1263
 20
3.7804
 30
0.0000
 42
1.0000
  0
VERTEX
  8
25
 10
33.1771
 20
3.7804
 30
0.0000
  0
SEQEND
  8
0
  0
POLYLINE
  8
25
 66
1
 10
0.0000
 20
0.0000
 30
0.0000
 40
0.0508
 41
0.0508
 70
0
  0
VERTEX
  8
25
 10
33.1771
 20
4.2996
 30
0.0000
 42
1.0000
  0
VERTEX
  8
25
 10
33.1263
 20
4.2996
 30
0.0000
  0
SEQEND
  8
0
  0
POLYLINE
  8
25
 66
1
 10
0.0000
 20
0.0000
 30
0.0000
 40
0.1016
 41
0.1016
 70
0
  0
VERTEX
  8
25
 10
32.5026
 20
3.7804
 30
0.0000
 42
1.0000
  0
VERTEX
  8
25
 10
33.1517
 20
3.7804
 30
0.0000
  0
SEQEND
  8
0
  0
POLYLINE
  8
25
 66
1
 10
0.0000
 20
0.0000
 30
0.0000
 40
0.0508
 41
0.0508
 70
0
  0
VERTEX
  8
25
 10
32.5280
 20
3.7804
 30
0.0000
 42
1.0000
  0
VERTEX
  8
25
 10
32.4772
 20
3.7804
 30
0.0000
  0
SEQEND
  8
0
  0
POLYLINE
  8
25
 66
1
 10
0.0000
 20
0.0000
 30
0.0000
 40
0.0508
 41
0.0508
 70
0
  0
VERTEX
  8
25
 10
33.1771
 20
3.7804
 30
0.0000
 42
1.0000
  0
VERTEX
  8
25
 10
33.1263
 20
3.7804
 30
0.0000
  0
SEQEND
  8
0
  0
POLYLINE
  8
25
 66
1
 10
0.0000
 20
0.0000
 30
0.0000
 40
0.1016
 41
0.1016
 70
0
  0
VERTEX
  8
25
 10
33.6911
 20
3.4558
 30
0.0000
  0
VERTEX
  8
25
 10
33.6911
 20
4.6242
 30
0.0000
  0
SEQEND
  8
0
  0
POLYLINE
  8
25
 66
1
 10
0.0000
 20
0.0000
 30
0.0000
 40
0.0508
 41
0.0508
 70
0
  0
VERTEX
  8
25
 10
33.7165
 20
4.6242
 30
0.0000
 42
1.0000
  0
VERTEX
  8
25
 10
33.6657
 20
4.6242
 30
0.0000
  0
SEQEND
  8
0
  0
POLYLINE
  8
25
 66
1
 10
0.0000
 20
0.0000
 30
0.0000
 40
0.0508
 41
0.0508
 70
0
  0
VERTEX
  8
25
 10
33.6657
 20
3.4558
 30
0.0000
 42
1.0000
  0
VERTEX
  8
25
 10
33.7165
 20
3.4558
 30
0.0000
  0
SEQEND
  8
0
  0
POLYLINE
  8
25
 66
1
 10
0.0000
 20
0.0000
 30
0.0000
 40
0.1016
 41
0.1016
 70
0
  0
VERTEX
  8
25
 10
33.6911
 20
4.6242
 30
0.0000
  0
VERTEX
  8
25
 10
34.0156
 20
4.6242
 30
0.0000
  0
SEQEND
  8
0
  0
POLYLINE
  8
25
 66
1
 10
0.0000
 20
0.0000
 30
0.0000
 40
0.0508
 41
0.0508
 70
0
  0
VERTEX
  8
25
 10
34.0156
 20
4.5988
 30
0.0000
 42
1.0000
  0
VERTEX
  8
25
 10
34.0156
 20
4.6496
 30
0.0000
  0
SEQEND
  8
0
  0
POLYLINE
  8
25
 66
1
 10
0.0000
 20
0.0000
 30
0.0000
 40
0.0508
 41
0.0508
 70
0
  0
VERTEX
  8
25
 10
33.6911
 20
4.6496
 30
0.0000
 42
1.0000
  0
VERTEX
  8
25
 10
33.6911
 20
4.5988
 30
0.0000
  0
SEQEND
  8
0
  0
POLYLINE
  8
25
 66
1
 10
0.0000
 20
0.0000
 30
0.0000
 40
0.1016
 41
0.1016
 70
0
  0
VERTEX
  8
25
 10
34.0156
 20
3.9751
 30
0.0000
 42
1.0000
  0
VERTEX
  8
25
 10
34.0156
 20
4.6242
 30
0.0000
  0
SEQEND
  8
0
  0
POLYLINE
  8
25
 66
1
 10
0.0000
 20
0.0000
 30
0.0000
 40
0.0508
 41
0.0508
 70
0
  0
VERTEX
  8
25
 10
34.0156
 20
4.0005
 30
0.0000
 42
1.0000
  0
VERTEX
  8
25
 10
34.0156
 20
3.9497
 30
0.0000
  0
SEQEND
  8
0
  0
POLYLINE
  8
25
 66
1
 10
0.0000
 20
0.0000
 30
0.0000
 40
0.0508
 41
0.0508
 70
0
  0
VERTEX
  8
25
 10
34.0156
 20
4.6496
 30
0.0000
 42
1.0000
  0
VERTEX
  8
25
 10
34.0156
 20
4.5988
 30
0.0000
  0
SEQEND
  8
0
  0
POLYLINE
  8
25
 66
1
 10
0.0000
 20
0.0000
 30
0.0000
 40
0.1016
 41
0.1016
 70
0
  0
VERTEX
  8
25
 10
34.0156
 20
3.9751
 30
0.0000
  0
VERTEX
  8
25
 10
33.6911
 20
3.9751
 30
0.0000
  0
SEQEND
  8
0
  0
POLYLINE
  8
25
 66
1
 10
0.0000
 20
0.0000
 30
0.0000
 40
0.0508
 41
0.0508
 70
0
  0
VERTEX
  8
25
 10
33.6911
 20
4.0005
 30
0.0000
 42
1.0000
  0
VERTEX
  8
25
 10
33.6911
 20
3.9497
 30
0.0000
  0
SEQEND
  8
0
  0
POLYLINE
  8
25
 66
1
 10
0.0000
 20
0.0000
 30
0.0000
 40
0.0508
 41
0.0508
 70
0
  0
VERTEX
  8
25
 10
34.0156
 20
3.9497
 30
0.0000
 42
1.0000
  0
VERTEX
  8
25
 10
34.0156
 20
4.0005
 30
0.0000
  0
SEQEND
  8
0
  0
POLYLINE
  8
25
 66
1
 10
0.0000
 20
0.0000
 30
0.0000
 40
0.1016
 41
0.1016
 70
0
  0
VERTEX
  8
25
 10
34.3402
 20
3.4558
 30
0.0000
  0
VERTEX
  8
25
 10
34.0805
 20
3.9751
 30
0.0000
  0
SEQEND
  8
0
  0
POLYLINE
  8
25
 66
1
 10
0.0000
 20
0.0000
 30
0.0000
 40
0.0508
 41
0.0508
 70
0
  0
VERTEX
  8
25
 10
34.1032
 20
3.9864
 30
0.0000
 42
1.0000
  0
VERTEX
  8
25
 10
34.0578
 20
3.9637
 30
0.0000
  0
SEQEND
  8
0
  0
POLYLINE
  8
25
 66
1
 10
0.0000
 20
0.0000
 30
0.0000
 40
0.0508
 41
0.0508
 70
0
  0
VERTEX
  8
25
 10
34.3175
 20
3.4444
 30
0.0000
 42
1.0000
  0
VERTEX
  8
25
 10
34.3629
 20
3.4672
 30
0.0000
  0
SEQEND
  8
0
  0
POLYLINE
  8
25
 66
1
 10
0.0000
 20
0.0000
 30
0.0000
 40
0.1016
 41
0.1016
 70
0
  0
VERTEX
  8
25
 10
34.7773
 20
3.3260
 30
0.0000
  0
VERTEX
  8
25
 10
35.2966
 20
3.3260
 30
0.0000
  0
SEQEND
  8
0
  0
POLYLINE
  8
25
 66
1
 10
0.0000
 20
0.0000
 30
0.0000
 40
0.0508
 41
0.0508
 70
0
  0
VERTEX
  8
25
 10
35.2966
 20
3.3006
 30
0.0000
 42
1.0000
  0
VERTEX
  8
25
 10
35.2966
 20
3.3514
 30
0.0000
  0
SEQEND
  8
0
  0
POLYLINE
  8
25
 66
1
 10
0.0000
 20
0.0000
 30
0.0000
 40
0.0508
 41
0.0508
 70
0
  0
VERTEX
  8
25
 10
34.7773
 20
3.3514
 30
0.0000
 42
1.0000
  0
VERTEX
  8
25
 10
34.7773
 20
3.3006
 30
0.0000
  0
SEQEND
  8
0
  0
POLYLINE
  8
25
 66
1
 10
0.0000
 20
0.0000
 30
0.0000
 40
0.1016
 41
0.1016
 70
0
  0
VERTEX
  8
25
 10
35.7866
 20
3.4558
 30
0.0000
  0
VERTEX
  8
25
 10
35.7866
 20
4.6242
 30
0.0000
  0
SEQEND
  8
0
  0
POLYLINE
  8
25
 66
1
 10
0.0000
 20
0.0000
 30
0.0000
 40
0.0508
 41
0.0508
 70
0
  0
VERTEX
  8
25
 10
35.8120
 20
4.6242
 30
0.0000
 42
1.0000
  0
VERTEX
  8
25
 10
35.7612
 20
4.6242
 30
0.0000
  0
SEQEND
  8
0
  0
POLYLINE
  8
25
 66
1
 10
0.0000
 20
0.0000
 30
0.0000
 40
0.0508
 41
0.0508
 70
0
  0
VERTEX
  8
25
 10
35.7612
 20
3.4558
 30
0.0000
 42
1.0000
  0
VERTEX
  8
25
 10
35.8120
 20
3.4558
 30
0.0000
  0
SEQEND
  8
0
  0
POLYLINE
  8
25
 66
1
 10
0.0000
 20
0.0000
 30
0.0000
 40
0.1016
 41
0.1016
 70
0
  0
VERTEX
  8
25
 10
35.7866
 20
4.6242
 30
0.0000
  0
VERTEX
  8
25
 10
36.1111
 20
4.6242
 30
0.0000
  0
SEQEND
  8
0
  0
POLYLINE
  8
25
 66
1
 10
0.0000
 20
0.0000
 30
0.0000
 40
0.0508
 41
0.0508
 70
0
  0
VERTEX
  8
25
 10
36.1111
 20
4.5988
 30
0.0000
 42
1.0000
  0
VERTEX
  8
25
 10
36.1111
 20
4.6496
 30
0.0000
  0
SEQEND
  8
0
  0
POLYLINE
  8
25
 66
1
 10
0.0000
 20
0.0000
 30
0.0000
 40
0.0508
 41
0.0508
 70
0
  0
VERTEX
  8
25
 10
35.7866
 20
4.6496
 30
0.0000
 42
1.0000
  0
VERTEX
  8
25
 10
35.7866
 20
4.5988
 30
0.0000
  0
SEQEND
  8
0
  0
POLYLINE
  8
25
 66
1
 10
0.0000
 20
0.0000
 30
0.0000
 40
0.1016
 41
0.1016
 70
0
  0
VERTEX
  8
25
 10
36.1111
 20
3.9751
 30
0.0000
 42
1.0000
  0
VERTEX
  8
25
 10
36.1111
 20
4.6242
 30
0.0000
  0
SEQEND
  8
0
  0
POLYLINE
  8
25
 66
1
 10
0.0000
 20
0.0000
 30
0.0000
 40
0.0508
 41
0.0508
 70
0
  0
VERTEX
  8
25
 10
36.1111
 20
4.0005
 30
0.0000
 42
1.0000
  0
VERTEX
  8
25
 10
36.1111
 20
3.9497
 30
0.0000
  0
SEQEND
  8
0
  0
POLYLINE
  8
25
 66
1
 10
0.0000
 20
0.0000
 30
0.0000
 40
0.0508
 41
0.0508
 70
0
  0
VERTEX
  8
25
 10
36.1111
 20
4.6496
 30
0.0000
 42
1.0000
  0
VERTEX
  8
25
 10
36.1111
 20
4.5988
 30
0.0000
  0
SEQEND
  8
0
  0
POLYLINE
  8
25
 66
1
 10
0.0000
 20
0.0000
 30
0.0000
 40
0.1016
 41
0.1016
 70
0
  0
VERTEX
  8
25
 10
36.1111
 20
3.9751
 30
0.0000
  0
VERTEX
  8
25
 10
35.7866
 20
3.9751
 30
0.0000
  0
SEQEND
  8
0
  0
POLYLINE
  8
25
 66
1
 10
0.0000
 20
0.0000
 30
0.0000
 40
0.0508
 41
0.0508
 70
0
  0
VERTEX
  8
25
 10
35.7866
 20
4.0005
 30
0.0000
 42
1.0000
  0
VERTEX
  8
25
 10
35.7866
 20
3.9497
 30
0.0000
  0
SEQEND
  8
0
  0
POLYLINE
  8
25
 66
1
 10
0.0000
 20
0.0000
 30
0.0000
 40
0.0508
 41
0.0508
 70
0
  0
VERTEX
  8
25
 10
36.1111
 20
3.9497
 30
0.0000
 42
1.0000
  0
VERTEX
  8
25
 10
36.1111
 20
4.0005
 30
0.0000
  0
SEQEND
  8
0
  0
POLYLINE
  8
25
 66
1
 10
0.0000
 20
0.0000
 30
0.0000
 40
0.1016
 41
0.1016
 70
0
  0
VERTEX
  8
25
 10
36.4357
 20
3.4558
 30
0.0000
  0
VERTEX
  8
25
 10
36.1760
 20
3.9751
 30
0.0000
  0
SEQEND
  8
0
  0
POLYLINE
  8
25
 66
1
 10
0.0000
 20
0.0000
 30
0.0000
 40
0.0508
 41
0.0508
 70
0
  0
VERTEX
  8
25
 10
36.1987
 20
3.9864
 30
0.0000
 42
1.0000
  0
VERTEX
  8
25
 10
36.1533
 20
3.9637
 30
0.0000
  0
SEQEND
  8
0
  0
POLYLINE
  8
25
 66
1
 10
0.0000
 20
0.0000
 30
0.0000
 40
0.0508
 41
0.0508
 70
0
  0
VERTEX
  8
25
 10
36.4130
 20
3.4444
 30
0.0000
 42
1.0000
  0
VERTEX
  8
25
 10
36.4584
 20
3.4672
 30
0.0000
  0
SEQEND
  8
0
  0
POINT
  8
23
 10
68.0720
 20
8.8900
 30
0.0000
  0
POLYLINE
  8
39
 66
1
 10
0.0000
 20
0.0000
 30
0.0000
 40
0.0508
 41
0.0508
 70
0
  0
VERTEX
  8
39
 10
66.0990
 20
9.8730
 30
0.0000
  0
VERTEX
  8
39
 10
70.0450
 20
9.8730
 30
0.0000
  0
SEQEND
  8
0
  0
POLYLINE
  8
39
 66
1
 10
0.0000
 20
0.0000
 30
0.0000
 40
0.0254
 41
0.0254
 70
0
  0
VERTEX
  8
39
 10
70.0450
 20
9.8603
 30
0.0000
 42
1.0000
  0
VERTEX
  8
39
 10
70.0450
 20
9.8857
 30
0.0000
  0
SEQEND
  8
0
  0
POLYLINE
  8
39
 66
1
 10
0.0000
 20
0.0000
 30
0.0000
 40
0.0254
 41
0.0254
 70
0
  0
VERTEX
  8
39
 10
66.0990
 20
9.8857
 30
0.0000
 42
1.0000
  0
VERTEX
  8
39
 10
66.0990
 20
9.8603
 30
0.0000
  0
SEQEND
  8
0
  0
POLYLINE
  8
39
 66
1
 10
0.0000
 20
0.0000
 30
0.0000
 40
0.0508
 41
0.0508
 70
0
  0
VERTEX
  8
39
 10
70.0450
 20
7.9070
 30
0.0000
  0
VERTEX
  8
39
 10
66.0990
 20
7.9070
 30
0.0000
  0
SEQEND
  8
0
  0
POLYLINE
  8
39
 66
1
 10
0.0000
 20
0.0000
 30
0.0000
 40
0.0254
 41
0.0254
 70
0
  0
VERTEX
  8
39
 10
66.0990
 20
7.9197
 30
0.0000
 42
1.0000
  0
VERTEX
  8
39
 10
66.0990
 20
7.8943
 30
0.0000
  0
SEQEND
  8
0
  0
POLYLINE
  8
39
 66
1
 10
0.0000
 20
0.0000
 30
0.0000
 40
0.0254
 41
0.0254
 70
0
  0
VERTEX
  8
39
 10
70.0450
 20
7.8943
 30
0.0000
 42
1.0000
  0
VERTEX
  8
39
 10
70.0450
 20
7.9197
 30
0.0000
  0
SEQEND
  8
0
  0
POLYLINE
  8
39
 66
1
 10
0.0000
 20
0.0000
 30
0.0000
 40
0.0508
 41
0.0508
 70
0
  0
VERTEX
  8
39
 10
66.0990
 20
7.9070
 30
0.0000
  0
VERTEX
  8
39
 10
66.0990
 20
9.8730
 30
0.0000
  0
SEQEND
  8
0
  0
POLYLINE
  8
39
 66
1
 10
0.0000
 20
0.0000
 30
0.0000
 40
0.0254
 41
0.0254
 70
0
  0
VERTEX
  8
39
 10
66.1117
 20
9.8730
 30
0.0000
 42
1.0000
  0
VERTEX
  8
39
 10
66.0863
 20
9.8730
 30
0.0000
  0
SEQEND
  8
0
  0
POLYLINE
  8
39
 66
1
 10
0.0000
 20
0.0000
 30
0.0000
 40
0.0254
 41
0.0254
 70
0
  0
VERTEX
  8
39
 10
66.0863
 20
7.9070
 30
0.0000
 42
1.0000
  0
VERTEX
  8
39
 10
66.1117
 20
7.9070
 30
0.0000
  0
SEQEND
  8
0
  0
POLYLINE
  8
39
 66
1
 10
0.0000
 20
0.0000
 30
0.0000
 40
0.0508
 41
0.0508
 70
0
  0
VERTEX
  8
39
 10
70.0450
 20
9.8730
 30
0.0000
  0
VERTEX
  8
39
 10
70.0450
 20
7.9070
 30
0.0000
  0
SEQEND
  8
0
  0
POLYLINE
  8
39
 66
1
 10
0.0000
 20
0.0000
 30
0.0000
 40
0.0254
 41
0.0254
 70
0
  0
VERTEX
  8
39
 10
70.0323
 20
7.9070
 30
0.0000
 42
1.0000
  0
VERTEX
  8
39
 10
70.0577
 20
7.9070
 30
0.0000
  0
SEQEND
  8
0
  0
POLYLINE
  8
39
 66
1
 10
0.0000
 20
0.0000
 30
0.0000
 40
0.0254
 41
0.0254
 70
0
  0
VERTEX
  8
39
 10
70.0577
 20
9.8730
 30
0.0000
 42
1.0000
  0
VERTEX
  8
39
 10
70.0323
 20
9.8730
 30
0.0000
  0
SEQEND
  8
0
  0
POLYLINE
  8
51
 66
1
 10
0.0000
 20
0.0000
 30
0.0000
 40
0.1524
 41
0.1524
 70
0
  0
VERTEX
  8
51
 10
68.7832
 20
9.5250
 30
0.0000
  0
VERTEX
  8
51
 10
67.3608
 20
9.5250
 30
0.0000
  0
SEQEND
  8
0
  0
POLYLINE
  8
51
 66
1
 10
0.0000
 20
0.0000
 30
0.0000
 40
0.0762
 41
0.0762
 70
0
  0
VERTEX
  8
51
 10
67.3608
 20
9.5631
 30
0.0000
 42
1.0000
  0
VERTEX
  8
51
 10
67.3608
 20
9.4869
 30
0.0000
  0
SEQEND
  8
0
  0
POLYLINE
  8
51
 66
1
 10
0.0000
 20
0.0000
 30
0.0000
 40
0.0762
 41
0.0762
 70
0
  0
VERTEX
  8
51
 10
68.7832
 20
9.4869
 30
0.0000
 42
1.0000
  0
VERTEX
  8
51
 10
68.7832
 20
9.5631
 30
0.0000
  0
SEQEND
  8
0
  0
POLYLINE
  8
51
 66
1
 10
0.0000
 20
0.0000
 30
0.0000
 40
0.1524
 41
0.1524
 70
0
  0
VERTEX
  8
51
 10
68.7832
 20
8.2550
 30
0.0000
  0
VERTEX
  8
51
 10
67.3608
 20
8.2550
 30
0.0000
  0
SEQEND
  8
0
  0
POLYLINE
  8
51
 66
1
 10
0.0000
 20
0.0000
 30
0.0000
 40
0.0762
 41
0.0762
 70
0
  0
VERTEX
  8
51
 10
67.3608
 20
8.2931
 30
0.0000
 42
1.0000
  0
VERTEX
  8
51
 10
67.3608
 20
8.2169
 30
0.0000
  0
SEQEND
  8
0
  0
POLYLINE
  8
51
 66
1
 10
0.0000
 20
0.0000
 30
0.0000
 40
0.0762
 41
0.0762
 70
0
  0
VERTEX
  8
51
 10
68.7832
 20
8.2169
 30
0.0000
 42
1.0000
  0
VERTEX
  8
51
 10
68.7832
 20
8.2931
 30
0.0000
  0
SEQEND
  8
0
  0
INSERT
  8
51
  2
RECT
 10
67.2084
 20
8.8900
 30
0.0000
 41
0.3556
 42
1.4224
 43
1.0000
 50
0.0000
  0
INSERT
  8
51
  2
RECT
 10
68.9356
 20
8.8900
 30
0.0000
 41
0.3556
 42
1.4224
 43
1.0000
 50
0.0000
  0
INSERT
  8
1
  2
RECT
 10
67.1220
 20
8.8900
 30
0.0000
 41
1.3000
 42
1.6000
 43
1.0000
 50
0.0000
  0
INSERT
  8
1
  2
RECT
 10
69.0220
 20
8.8900
 30
0.0000
 41
1.3000
 42
1.6000
 43
1.0000
 50
0.0000
  0
POLYLINE
  8
25
 66
1
 10
0.0000
 20
0.0000
 30
0.0000
 40
0.1016
 41
0.1016
 70
0
  0
VERTEX
  8
25
 10
66.8528
 20
6.4008
 30
0.0000
  0
VERTEX
  8
25
 10
66.8528
 20
7.5692
 30
0.0000
  0
SEQEND
  8
0
  0
POLYLINE
  8
25
 66
1
 10
0.0000
 20
0.0000
 30
0.0000
 40
0.0508
 41
0.0508
 70
0
  0
VERTEX
  8
25
 10
66.8782
 20
7.5692
 30
0.0000
 42
1.0000
  0
VERTEX
  8
25
 10
66.8274
 20
7.5692
 30
0.0000
  0
SEQEND
  8
0
  0
POLYLINE
  8
25
 66
1
 10
0.0000
 20
0.0000
 30
0.0000
 40
0.0508
 41
0.0508
 70
0
  0
VERTEX
  8
25
 10
66.8274
 20
6.4008
 30
0.0000
 42
1.0000
  0
VERTEX
  8
25
 10
66.8782
 20
6.4008
 30
0.0000
  0
SEQEND
  8
0
  0
POLYLINE
  8
25
 66
1
 10
0.0000
 20
0.0000
 30
0.0000
 40
0.1016
 41
0.1016
 70
0
  0
VERTEX
  8
25
 10
66.8528
 20
7.5692
 30
0.0000
  0
VERTEX
  8
25
 10
67.1774
 20
7.5692
 30
0.0000
  0
SEQEND
  8
0
  0
POLYLINE
  8
25
 66
1
 10
0.0000
 20
0.0000
 30
0.0000
 40
0.0508
 41
0.0508
 70
0
  0
VERTEX
  8
25
 10
67.1774
 20
7.5438
 30
0.0000
 42
1.0000
  0
VERTEX
  8
25
 10
67.1774
 20
7.5946
 30
0.0000
  0
SEQEND
  8
0
  0
POLYLINE
  8
25
 66
1
 10
0.0000
 20
0.0000
 30
0.0000
 40
0.0508
 41
0.0508
 70
0
  0
VERTEX
  8
25
 10
66.8528
 20
7.5946
 30
0.0000
 42
1.0000
  0
VERTEX
  8
25
 10
66.8528
 20
7.5438
 30
0.0000
  0
SEQEND
  8
0
  0
POLYLINE
  8
25
 66
1
 10
0.0000
 20
0.0000
 30
0.0000
 40
0.1016
 41
0.1016
 70
0
  0
VERTEX
  8
25
 10
67.1774
 20
6.9201
 30
0.0000
 42
1.0000
  0
VERTEX
  8
25
 10
67.1774
 20
7.5692
 30
0.0000
  0
SEQEND
  8
0
  0
POLYLINE
  8
25
 66
1
 10
0.0000
 20
0.0000
 30
0.0000
 40
0.0508
 41
0.0508
 70
0
  0
VERTEX
  8
25
 10
67.1774
 20
6.9455
 30
0.0000
 42
1.0000
  0
VERTEX
  8
25
 10
67.1774
 20
6.8947
 30
0.0000
  0
SEQEND
  8
0
  0
POLYLINE
  8
25
 66
1
 10
0.0000
 20
0.0000
 30
0.0000
 40
0.0508
 41
0.0508
 70
0
  0
VERTEX
  8
25
 10
67.1774
 20
7.5946
 30
0.0000
 42
1.0000
  0
VERTEX
  8
25
 10
67.1774
 20
7.5438
 30
0.0000
  0
SEQEND
  8
0
  0
POLYLINE
  8
25
 66
1
 10
0.0000
 20
0.0000
 30
0.0000
 40
0.1016
 41
0.1016
 70
0
  0
VERTEX
  8
25
 10
67.1774
 20
6.9201
 30
0.0000
  0
VERTEX
  8
25
 10
66.8528
 20
6.9201
 30
0.0000
  0
SEQEND
  8
0
  0
POLYLINE
  8
25
 66
1
 10
0.0000
 20
0.0000
 30
0.0000
 40
0.0508
 41
0.0508
 70
0
  0
VERTEX
  8
25
 10
66.8528
 20
6.9455
 30
0.0000
 42
1.0000
  0
VERTEX
  8
25
 10
66.8528
 20
6.8947
 30
0.0000
  0
SEQEND
  8
0
  0
POLYLINE
  8
25
 66
1
 10
0.0000
 20
0.0000
 30
0.0000
 40
0.0508
 41
0.0508
 70
0
  0
VERTEX
  8
25
 10
67.1774
 20
6.8947
 30
0.0000
 42
1.0000
  0
VERTEX
  8
25
 10
67.1774
 20
6.9455
 30
0.0000
  0
SEQEND
  8
0
  0
POLYLINE
  8
25
 66
1
 10
0.0000
 20
0.0000
 30
0.0000
 40
0.1016
 41
0.1016
 70
0
  0
VERTEX
  8
25
 10
67.5019
 20
6.4008
 30
0.0000
  0
VERTEX
  8
25
 10
67.2423
 20
6.9201
 30
0.0000
  0
SEQEND
  8
0
  0
POLYLINE
  8
25
 66
1
 10
0.0000
 20
0.0000
 30
0.0000
 40
0.0508
 41
0.0508
 70
0
  0
VERTEX
  8
25
 10
67.2650
 20
6.9314
 30
0.0000
 42
1.0000
  0
VERTEX
  8
25
 10
67.2195
 20
6.9087
 30
0.0000
  0
SEQEND
  8
0
  0
POLYLINE
  8
25
 66
1
 10
0.0000
 20
0.0000
 30
0.0000
 40
0.0508
 41
0.0508
 70
0
  0
VERTEX
  8
25
 10
67.4792
 20
6.3894
 30
0.0000
 42
1.0000
  0
VERTEX
  8
25
 10
67.5246
 20
6.4122
 30
0.0000
  0
SEQEND
  8
0
  0
POLYLINE
  8
25
 66
1
 10
0.0000
 20
0.0000
 30
0.0000
 40
0.1016
 41
0.1016
 70
0
  0
VERTEX
  8
25
 10
67.9884
 20
7.3096
 30
0.0000
  0
VERTEX
  8
25
 10
68.3130
 20
7.5692
 30
0.0000
  0
SEQEND
  8
0
  0
POLYLINE
  8
25
 66
1
 10
0.0000
 20
0.0000
 30
0.0000
 40
0.0508
 41
0.0508
 70
0
  0
VERTEX
  8
25
 10
68.3289
 20
7.5494
 30
0.0000
 42
1.0000
  0
VERTEX
  8
25
 10
68.2971
 20
7.5890
 30
0.0000
  0
SEQEND
  8
0
  0
POLYLINE
  8
25
 66
1
 10
0.0000
 20
0.0000
 30
0.0000
 40
0.0508
 41
0.0508
 70
0
  0
VERTEX
  8
25
 10
67.9726
 20
7.3294
 30
0.0000
 42
1.0000
  0
VERTEX
  8
25
 10
68.0043
 20
7.2897
 30
0.0000
  0
SEQEND
  8
0
  0
POLYLINE
  8
25
 66
1
 10
0.0000
 20
0.0000
 30
0.0000
 40
0.1016
 41
0.1016
 70
0
  0
VERTEX
  8
25
 10
68.3130
 20
7.5692
 30
0.0000
  0
VERTEX
  8
25
 10
68.3130
 20
6.4008
 30
0.0000
  0
SEQEND
  8
0
  0
POLYLINE
  8
25
 66
1
 10
0.0000
 20
0.0000
 30
0.0000
 40
0.0508
 41
0.0508
 70
0
  0
VERTEX
  8
25
 10
68.2876
 20
6.4008
 30
0.0000
 42
1.0000
  0
VERTEX
  8
25
 10
68.3384
 20
6.4008
 30
0.0000
  0
SEQEND
  8
0
  0
POLYLINE
  8
25
 66
1
 10
0.0000
 20
0.0000
 30
0.0000
 40
0.0508
 41
0.0508
 70
0
  0
VERTEX
  8
25
 10
68.3384
 20
7.5692
 30
0.0000
 42
1.0000
  0
VERTEX
  8
25
 10
68.2876
 20
7.5692
 30
0.0000
  0
SEQEND
  8
0
  0
POLYLINE
  8
25
 66
1
 10
0.0000
 20
0.0000
 30
0.0000
 40
0.1016
 41
0.1016
 70
0
  0
VERTEX
  8
25
 10
67.9884
 20
6.4008
 30
0.0000
  0
VERTEX
  8
25
 10
68.6375
 20
6.4008
 30
0.0000
  0
SEQEND
  8
0
  0
POLYLINE
  8
25
 66
1
 10
0.0000
 20
0.0000
 30
0.0000
 40
0.0508
 41
0.0508
 70
0
  0
VERTEX
  8
25
 10
68.6375
 20
6.3754
 30
0.0000
 42
1.0000
  0
VERTEX
  8
25
 10
68.6375
 20
6.4262
 30
0.0000
  0
SEQEND
  8
0
  0
POLYLINE
  8
25
 66
1
 10
0.0000
 20
0.0000
 30
0.0000
 40
0.0508
 41
0.0508
 70
0
  0
VERTEX
  8
25
 10
67.9884
 20
6.4262
 30
0.0000
 42
1.0000
  0
VERTEX
  8
25
 10
67.9884
 20
6.3754
 30
0.0000
  0
SEQEND
  8
0
  0
POINT
  8
23
 10
9.2710
 20
8.6360
 30
0.0000
  0
POLYLINE
  8
39
 66
1
 10
0.0000
 20
0.0000
 30
0.0000
 40
0.0508
 41
0.0508
 70
0
  0
VERTEX
  8
39
 10
7.2980
 20
9.6190
 30
0.0000
  0
VERTEX
  8
39
 10
11.2440
 20
9.6190
 30
0.0000
  0
SEQEND
  8
0
  0
POLYLINE
  8
39
 66
1
 10
0.0000
 20
0.0000
 30
0.0000
 40
0.0254
 41
0.0254
 70
0
  0
VERTEX
  8
39
 10
11.2440
 20
9.6063
 30
0.0000
 42
1.0000
  0
VERTEX
  8
39
 10
11.2440
 20
9.6317
 30
0.0000
  0
SEQEND
  8
0
  0
POLYLINE
  8
39
 66
1
 10
0.0000
 20
0.0000
 30
0.0000
 40
0.0254
 41
0.0254
 70
0
  0
VERTEX
  8
39
 10
7.2980
 20
9.6317
 30
0.0000
 42
1.0000
  0
VERTEX
  8
39
 10
7.2980
 20
9.6063
 30
0.0000
  0
SEQEND
  8
0
  0
POLYLINE
  8
39
 66
1
 10
0.0000
 20
0.0000
 30
0.0000
 40
0.0508
 41
0.0508
 70
0
  0
VERTEX
  8
39
 10
11.2440
 20
7.6530
 30
0.0000
  0
VERTEX
  8
39
 10
7.2980
 20
7.6530
 30
0.0000
  0
SEQEND
  8
0
  0
POLYLINE
  8
39
 66
1
 10
0.0000
 20
0.0000
 30
0.0000
 40
0.0254
 41
0.0254
 70
0
  0
VERTEX
  8
39
 10
7.2980
 20
7.6657
 30
0.0000
 42
1.0000
  0
VERTEX
  8
39
 10
7.2980
 20
7.6403
 30
0.0000
  0
SEQEND
  8
0
  0
POLYLINE
  8
39
 66
1
 10
0.0000
 20
0.0000
 30
0.0000
 40
0.0254
 41
0.0254
 70
0
  0
VERTEX
  8
39
 10
11.2440
 20
7.6403
 30
0.0000
 42
1.0000
  0
VERTEX
  8
39
 10
11.2440
 20
7.6657
 30
0.0000
  0
SEQEND
  8
0
  0
POLYLINE
  8
39
 66
1
 10
0.0000
 20
0.0000
 30
0.0000
 40
0.0508
 41
0.0508
 70
0
  0
VERTEX
  8
39
 10
7.2980
 20
7.6530
 30
0.0000
  0
VERTEX
  8
39
 10
7.2980
 20
9.6190
 30
0.0000
  0
SEQEND
  8
0
  0
POLYLINE
  8
39
 66
1
 10
0.0000
 20
0.0000
 30
0.0000
 40
0.0254
 41
0.0254
 70
0
  0
VERTEX
  8
39
 10
7.3107
 20
9.6190
 30
0.0000
 42
1.0000
  0
VERTEX
  8
39
 10
7.2853
 20
9.6190
 30
0.0000
  0
SEQEND
  8
0
  0
POLYLINE
  8
39
 66
1
 10
0.0000
 20
0.0000
 30
0.0000
 40
0.0254
 41
0.0254
 70
0
  0
VERTEX
  8
39
 10
7.2853
 20
7.6530
 30
0.0000
 42
1.0000
  0
VERTEX
  8
39
 10
7.3107
 20
7.6530
 30
0.0000
  0
SEQEND
  8
0
  0
POLYLINE
  8
39
 66
1
 10
0.0000
 20
0.0000
 30
0.0000
 40
0.0508
 41
0.0508
 70
0
  0
VERTEX
  8
39
 10
11.2440
 20
9.6190
 30
0.0000
  0
VERTEX
  8
39
 10
11.2440
 20
7.6530
 30
0.0000
  0
SEQEND
  8
0
  0
POLYLINE
  8
39
 66
1
 10
0.0000
 20
0.0000
 30
0.0000
 40
0.0254
 41
0.0254
 70
0
  0
VERTEX
  8
39
 10
11.2313
 20
7.6530
 30
0.0000
 42
1.0000
  0
VERTEX
  8
39
 10
11.2567
 20
7.6530
 30
0.0000
  0
SEQEND
  8
0
  0
POLYLINE
  8
39
 66
1
 10
0.0000
 20
0.0000
 30
0.0000
 40
0.0254
 41
0.0254
 70
0
  0
VERTEX
  8
39
 10
11.2567
 20
9.6190
 30
0.0000
 42
1.0000
  0
VERTEX
  8
39
 10
11.2313
 20
9.6190
 30
0.0000
  0
SEQEND
  8
0
  0
POLYLINE
  8
51
 66
1
 10
0.0000
 20
0.0000
 30
0.0000
 40
0.1524
 41
0.1524
 70
0
  0
VERTEX
  8
51
 10
9.9822
 20
9.2710
 30
0.0000
  0
VERTEX
  8
51
 10
8.5598
 20
9.2710
 30
0.0000
  0
SEQEND
  8
0
  0
POLYLINE
  8
51
 66
1
 10
0.0000
 20
0.0000
 30
0.0000
 40
0.0762
 41
0.0762
 70
0
  0
VERTEX
  8
51
 10
8.5598
 20
9.3091
 30
0.0000
 42
1.0000
  0
VERTEX
  8
51
 10
8.5598
 20
9.2329
 30
0.0000
  0
SEQEND
  8
0
  0
POLYLINE
  8
51
 66
1
 10
0.0000
 20
0.0000
 30
0.0000
 40
0.0762
 41
0.0762
 70
0
  0
VERTEX
  8
51
 10
9.9822
 20
9.2329
 30
0.0000
 42
1.0000
  0
VERTEX
  8
51
 10
9.9822
 20
9.3091
 30
0.0000
  0
SEQEND
  8
0
  0
POLYLINE
  8
51
 66
1
 10
0.0000
 20
0.0000
 30
0.0000
 40
0.1524
 41
0.1524
 70
0
  0
VERTEX
  8
51
 10
9.9822
 20
8.0010
 30
0.0000
  0
VERTEX
  8
51
 10
8.5598
 20
8.0010
 30
0.0000
  0
SEQEND
  8
0
  0
POLYLINE
  8
51
 66
1
 10
0.0000
 20
0.0000
 30
0.0000
 40
0.0762
 41
0.0762
 70
0
  0
VERTEX
  8
51
 10
8.5598
 20
8.0391
 30
0.0000
 42
1.0000
  0
VERTEX
  8
51
 10
8.5598
 20
7.9629
 30
0.0000
  0
SEQEND
  8
0
  0
POLYLINE
  8
51
 66
1
 10
0.0000
 20
0.0000
 30
0.0000
 40
0.0762
 41
0.0762
 70
0
  0
VERTEX
  8
51
 10
9.9822
 20
7.9629
 30
0.0000
 42
1.0000
  0
VERTEX
  8
51
 10
9.9822
 20
8.0391
 30
0.0000
  0
SEQEND
  8
0
  0
INSERT
  8
51
  2
RECT
 10
8.4074
 20
8.6360
 30
0.0000
 41
0.3556
 42
1.4224
 43
1.0000
 50
0.0000
  0
INSERT
  8
51
  2
RECT
 10
10.1346
 20
8.6360
 30
0.0000
 41
0.3556
 42
1.4224
 43
1.0000
 50
0.0000
  0
INSERT
  8
1
  2
RECT
 10
8.3210
 20
8.6360
 30
0.0000
 41
1.3000
 42
1.6000
 43
1.0000
 50
0.0000
  0
INSERT
  8
1
  2
RECT
 10
10.2210
 20
8.6360
 30
0.0000
 41
1.3000
 42
1.6000
 43
1.0000
 50
0.0000
  0
POLYLINE
  8
25
 66
1
 10
0.0000
 20
0.0000
 30
0.0000
 40
0.1016
 41
0.1016
 70
0
  0
VERTEX
  8
25
 10
8.0518
 20
6.1468
 30
0.0000
  0
VERTEX
  8
25
 10
8.0518
 20
7.3152
 30
0.0000
  0
SEQEND
  8
0
  0
POLYLINE
  8
25
 66
1
 10
0.0000
 20
0.0000
 30
0.0000
 40
0.0508
 41
0.0508
 70
0
  0
VERTEX
  8
25
 10
8.0772
 20
7.3152
 30
0.0000
 42
1.0000
  0
VERTEX
  8
25
 10
8.0264
 20
7.3152
 30
0.0000
  0
SEQEND
  8
0
  0
POLYLINE
  8
25
 66
1
 10
0.0000
 20
0.0000
 30
0.0000
 40
0.0508
 41
0.0508
 70
0
  0
VERTEX
  8
25
 10
8.0264
 20
6.1468
 30
0.0000
 42
1.0000
  0
VERTEX
  8
25
 10
8.0772
 20
6.1468
 30
0.0000
  0
SEQEND
  8
0
  0
POLYLINE
  8
25
 66
1
 10
0.0000
 20
0.0000
 30
0.0000
 40
0.1016
 41
0.1016
 70
0
  0
VERTEX
  8
25
 10
8.0518
 20
7.3152
 30
0.0000
  0
VERTEX
  8
25
 10
8.3764
 20
7.3152
 30
0.0000
  0
SEQEND
  8
0
  0
POLYLINE
  8
25
 66
1
 10
0.0000
 20
0.0000
 30
0.0000
 40
0.0508
 41
0.0508
 70
0
  0
VERTEX
  8
25
 10
8.3764
 20
7.2898
 30
0.0000
 42
1.0000
  0
VERTEX
  8
25
 10
8.3764
 20
7.3406
 30
0.0000
  0
SEQEND
  8
0
  0
POLYLINE
  8
25
 66
1
 10
0.0000
 20
0.0000
 30
0.0000
 40
0.0508
 41
0.0508
 70
0
  0
VERTEX
  8
25
 10
8.0518
 20
7.3406
 30
0.0000
 42
1.0000
  0
VERTEX
  8
25
 10
8.0518
 20
7.2898
 30
0.0000
  0
SEQEND
  8
0
  0
POLYLINE
  8
25
 66
1
 10
0.0000
 20
0.0000
 30
0.0000
 40
0.1016
 41
0.1016
 70
0
  0
VERTEX
  8
25
 10
8.3764
 20
6.6661
 30
0.0000
 42
1.0000
  0
VERTEX
  8
25
 10
8.3764
 20
7.3152
 30
0.0000
  0
SEQEND
  8
0
  0
POLYLINE
  8
25
 66
1
 10
0.0000
 20
0.0000
 30
0.0000
 40
0.0508
 41
0.0508
 70
0
  0
VERTEX
  8
25
 10
8.3764
 20
6.6915
 30
0.0000
 42
1.0000
  0
VERTEX
  8
25
 10
8.3764
 20
6.6407
 30
0.0000
  0
SEQEND
  8
0
  0
POLYLINE
  8
25
 66
1
 10
0.0000
 20
0.0000
 30
0.0000
 40
0.0508
 41
0.0508
 70
0
  0
VERTEX
  8
25
 10
8.3764
 20
7.3406
 30
0.0000
 42
1.0000
  0
VERTEX
  8
25
 10
8.3764
 20
7.2898
 30
0.0000
  0
SEQEND
  8
0
  0
POLYLINE
  8
25
 66
1
 10
0.0000
 20
0.0000
 30
0.0000
 40
0.1016
 41
0.1016
 70
0
  0
VERTEX
  8
25
 10
8.3764
 20
6.6661
 30
0.0000
  0
VERTEX
  8
25
 10
8.0518
 20
6.6661
 30
0.0000
  0
SEQEND
  8
0
  0
POLYLINE
  8
25
 66
1
 10
0.0000
 20
0.0000
 30
0.0000
 40
0.0508
 41
0.0508
 70
0
  0
VERTEX
  8
25
 10
8.0518
 20
6.6915
 30
0.0000
 42
1.0000
  0
VERTEX
  8
25
 10
8.0518
 20
6.6407
 30
0.0000
  0
SEQEND
  8
0
  0
POLYLINE
  8
25
 66
1
 10
0.0000
 20
0.0000
 30
0.0000
 40
0.0508
 41
0.0508
 70
0
  0
VERTEX
  8
25
 10
8.3764
 20
6.6407
 30
0.0000
 42
1.0000
  0
VERTEX
  8
25
 10
8.3764
 20
6.6915
 30
0.0000
  0
SEQEND
  8
0
  0
POLYLINE
  8
25
 66
1
 10
0.0000
 20
0.0000
 30
0.0000
 40
0.1016
 41
0.1016
 70
0
  0
VERTEX
  8
25
 10
8.7009
 20
6.1468
 30
0.0000
  0
VERTEX
  8
25
 10
8.4413
 20
6.6661
 30
0.0000
  0
SEQEND
  8
0
  0
POLYLINE
  8
25
 66
1
 10
0.0000
 20
0.0000
 30
0.0000
 40
0.0508
 41
0.0508
 70
0
  0
VERTEX
  8
25
 10
8.4640
 20
6.6774
 30
0.0000
 42
1.0000
  0
VERTEX
  8
25
 10
8.4185
 20
6.6547
 30
0.0000
  0
SEQEND
  8
0
  0
POLYLINE
  8
25
 66
1
 10
0.0000
 20
0.0000
 30
0.0000
 40
0.0508
 41
0.0508
 70
0
  0
VERTEX
  8
25
 10
8.6782
 20
6.1354
 30
0.0000
 42
1.0000
  0
VERTEX
  8
25
 10
8.7236
 20
6.1582
 30
0.0000
  0
SEQEND
  8
0
  0
POLYLINE
  8
25
 66
1
 10
0.0000
 20
0.0000
 30
0.0000
 40
0.1016
 41
0.1016
 70
0
  0
VERTEX
  8
25
 10
9.8365
 20
7.0231
 30
0.0000
 42
0.4142
  0
VERTEX
  8
25
 10
9.5444
 20
7.3152
 30
0.0000
  0
SEQEND
  8
0
  0
POLYLINE
  8
25
 66
1
 10
0.0000
 20
0.0000
 30
0.0000
 40
0.0508
 41
0.0508
 70
0
  0
VERTEX
  8
25
 10
9.8111
 20
7.0231
 30
0.0000
 42
1.0000
  0
VERTEX
  8
25
 10
9.8619
 20
7.0231
 30
0.0000
  0
SEQEND
  8
0
  0
POLYLINE
  8
25
 66
1
 10
0.0000
 20
0.0000
 30
0.0000
 40
0.0508
 41
0.0508
 70
0
  0
VERTEX
  8
25
 10
9.5444
 20
7.3406
 30
0.0000
 42
1.0000
  0
VERTEX
  8
25
 10
9.5444
 20
7.2898
 30
0.0000
  0
SEQEND
  8
0
  0
POLYLINE
  8
25
 66
1
 10
0.0000
 20
0.0000
 30
0.0000
 40
0.1016
 41
0.1016
 70
0
  0
VERTEX
  8
25
 10
9.5444
 20
7.3152
 30
0.0000
 42
0.3252
  0
VERTEX
  8
25
 10
9.1874
 20
7.0556
 30
0.0000
  0
SEQEND
  8
0
  0
POLYLINE
  8
25
 66
1
 10
0.0000
 20
0.0000
 30
0.0000
 40
0.0508
 41
0.0508
 70
0
  0
VERTEX
  8
25
 10
9.5444
 20
7.2898
 30
0.0000
 42
1.0000
  0
VERTEX
  8
25
 10
9.5444
 20
7.3406
 30
0.0000
  0
SEQEND
  8
0
  0
POLYLINE
  8
25
 66
1
 10
0.0000
 20
0.0000
 30
0.0000
 40
0.0508
 41
0.0508
 70
0
  0
VERTEX
  8
25
 10
9.1633
 20
7.0634
 30
0.0000
 42
1.0000
  0
VERTEX
  8
25
 10
9.2116
 20
7.0477
 30
0.0000
  0
SEQEND
  8
0
  0
POLYLINE
  8
25
 66
1
 10
0.0000
 20
0.0000
 30
0.0000
 40
0.1016
 41
0.1016
 70
0
  0
VERTEX
  8
25
 10
9.7392
 20
6.7959
 30
0.0000
 42
0.2053
  0
VERTEX
  8
25
 10
9.8365
 20
7.0231
 30
0.0000
  0
SEQEND
  8
0
  0
POLYLINE
  8
25
 66
1
 10
0.0000
 20
0.0000
 30
0.0000
 40
0.0508
 41
0.0508
 70
0
  0
VERTEX
  8
25
 10
9.7217
 20
6.8143
 30
0.0000
 42
1.0000
  0
VERTEX
  8
25
 10
9.7567
 20
6.7775
 30
0.0000
  0
SEQEND
  8
0
  0
POLYLINE
  8
25
 66
1
 10
0.0000
 20
0.0000
 30
0.0000
 40
0.0508
 41
0.0508
 70
0
  0
VERTEX
  8
25
 10
9.8619
 20
7.0231
 30
0.0000
 42
1.0000
  0
VERTEX
  8
25
 10
9.8111
 20
7.0231
 30
0.0000
  0
SEQEND
  8
0
  0
POLYLINE
  8
25
 66
1
 10
0.0000
 20
0.0000
 30
0.0000
 40
0.1016
 41
0.1016
 70
0
  0
VERTEX
  8
25
 10
9.7392
 20
6.7959
 30
0.0000
  0
VERTEX
  8
25
 10
9.1874
 20
6.1468
 30
0.0000
  0
SEQEND
  8
0
  0
POLYLINE
  8
25
 66
1
 10
0.0000
 20
0.0000
 30
0.0000
 40
0.0508
 41
0.0508
 70
0
  0
VERTEX
  8
25
 10
9.1681
 20
6.1633
 30
0.0000
 42
1.0000
  0
VERTEX
  8
25
 10
9.2068
 20
6.1303
 30
0.0000
  0
SEQEND
  8
0
  0
POLYLINE
  8
25
 66
1
 10
0.0000
 20
0.0000
 30
0.0000
 40
0.0508
 41
0.0508
 70
0
  0
VERTEX
  8
25
 10
9.7585
 20
6.7795
 30
0.0000
 42
1.0000
  0
VERTEX
  8
25
 10
9.7198
 20
6.8124
 30
0.0000
  0
SEQEND
  8
0
  0
POLYLINE
  8
25
 66
1
 10
0.0000
 20
0.0000
 30
0.0000
 40
0.1016
 41
0.1016
 70
0
  0
VERTEX
  8
25
 10
9.1874
 20
6.1468
 30
0.0000
  0
VERTEX
  8
25
 10
9.8365
 20
6.1468
 30
0.0000
  0
SEQEND
  8
0
  0
POLYLINE
  8
25
 66
1
 10
0.0000
 20
0.0000
 30
0.0000
 40
0.0508
 41
0.0508
 70
0
  0
VERTEX
  8
25
 10
9.8365
 20
6.1214
 30
0.0000
 42
1.0000
  0
VERTEX
  8
25
 10
9.8365
 20
6.1722
 30
0.0000
  0
SEQEND
  8
0
  0
POLYLINE
  8
25
 66
1
 10
0.0000
 20
0.0000
 30
0.0000
 40
0.0508
 41
0.0508
 70
0
  0
VERTEX
  8
25
 10
9.1874
 20
6.1722
 30
0.0000
 42
1.0000
  0
VERTEX
  8
25
 10
9.1874
 20
6.1214
 30
0.0000
  0
SEQEND
  8
0
  0
POINT
  8
23
 10
21.2090
 20
4.1910
 30
0.0000
  0
INSERT
  8
17
  2
SQUAREP
 10
21.2090
 20
4.1910
 30
0.0000
 41
1.7400
 42
1.7400
 43
1.0000
 50
0.0000
  0
INSERT
  8
17
  2
SQUAREP
 10
21.2090
 20
4.1910
 30
0.0000
 41
1.7400
 42
1.7400
 43
1.0000
 50
0.0000
  0
POINT
  8
23
 10
21.2090
 20
16.6370
 30
0.0000
  0
INSERT
  8
17
  2
SQUAREP
 10
21.2090
 20
16.6370
 30
0.0000
 41
1.7400
 42
1.7400
 43
1.0000
 50
0.0000
  0
INSERT
  8
17
  2
SQUAREP
 10
21.2090
 20
16.6370
 30
0.0000
 41
1.7400
 42
1.7400
 43
1.0000
 50
0.0000
  0
POINT
  8
23
 10
57.0230
 20
16.6370
 30
0.0000
  0
INSERT
  8
17
  2
SQUAREP
 10
57.0230
 20
16.6370
 30
0.0000
 41
1.7400
 42
1.7400
 43
1.0000
 50
0.0000
  0
INSERT
  8
17
  2
SQUAREP
 10
57.0230
 20
16.6370
 30
0.0000
 41
1.7400
 42
1.7400
 43
1.0000
 50
0.0000
  0
POINT
  8
23
 10
57.0230
 20
4.1910
 30
0.0000
  0
INSERT
  8
17
  2
SQUAREP
 10
57.0230
 20
4.1910
 30
0.0000
 41
1.7400
 42
1.7400
 43
1.0000
 50
0.0000
  0
INSERT
  8
17
  2
SQUAREP
 10
57.0230
 20
4.1910
 30
0.0000
 41
1.7400
 42
1.7400
 43
1.0000
 50
0.0000
  0
POLYLINE
  8
1
 66
1
 10
0.0000
 20
0.0000
 30
0.0000
 40
0.8128
 41
0.8128
 70
0
  0
VERTEX
  8
1
 10
21.2090
 20
16.6370
 30
0.0000
  0
VERTEX
  8
1
 10
21.5138
 20
16.9418
 30
0.0000
  0
SEQEND
  8
0
  0
POLYLINE
  8
1
 66
1
 10
0.0000
 20
0.0000
 30
0.0000
 40
0.4064
 41
0.4064
 70
0
  0
VERTEX
  8
1
 10
21.6575
 20
16.7981
 30
0.0000
 42
1.0000
  0
VERTEX
  8
1
 10
21.3701
 20
17.0855
 30
0.0000
  0
SEQEND
  8
0
  0
POLYLINE
  8
1
 66
1
 10
0.0000
 20
0.0000
 30
0.0000
 40
0.4064
 41
0.4064
 70
0
  0
VERTEX
  8
1
 10
21.0653
 20
16.7807
 30
0.0000
 42
1.0000
  0
VERTEX
  8
1
 10
21.3527
 20
16.4933
 30
0.0000
  0
SEQEND
  8
0
  0
POLYLINE
  8
1
 66
1
 10
0.0000
 20
0.0000
 30
0.0000
 40
0.8128
 41
0.8128
 70
0
  0
VERTEX
  8
1
 10
56.7182
 20
16.9418
 30
0.0000
  0
VERTEX
  8
1
 10
54.6100
 20
16.9418
 30
0.0000
  0
SEQEND
  8
0
  0
POLYLINE
  8
1
 66
1
 10
0.0000
 20
0.0000
 30
0.0000
 40
0.4064
 41
0.4064
 70
0
  0
VERTEX
  8
1
 10
54.6100
 20
17.1450
 30
0.0000
 42
1.0000
  0
VERTEX
  8
1
 10
54.6100
 20
16.7386
 30
0.0000
  0
SEQEND
  8
0
  0
POLYLINE
  8
1
 66
1
 10
0.0000
 20
0.0000
 30
0.0000
 40
0.4064
 41
0.4064
 70
0
  0
VERTEX
  8
1
 10
56.7182
 20
16.7386
 30
0.0000
 42
1.0000
  0
VERTEX
  8
1
 10
56.7182
 20
17.1450
 30
0.0000
  0
SEQEND
  8
0
  0
POLYLINE
  8
1
 66
1
 10
0.0000
 20
0.0000
 30
0.0000
 40
0.8128
 41
0.8128
 70
0
  0
VERTEX
  8
1
 10
21.5138
 20
16.9418
 30
0.0000
  0
VERTEX
  8
1
 10
54.6100
 20
16.9418
 30
0.0000
  0
SEQEND
  8
0
  0
POLYLINE
  8
1
 66
1
 10
0.0000
 20
0.0000
 30
0.0000
 40
0.4064
 41
0.4064
 70
0
  0
VERTEX
  8
1
 10
54.6100
 20
16.7386
 30
0.0000
 42
1.0000
  0
VERTEX
  8
1
 10
54.6100
 20
17.1450
 30
0.0000
  0
SEQEND
  8
0
  0
POLYLINE
  8
1
 66
1
 10
0.0000
 20
0.0000
 30
0.0000
 40
0.4064
 41
0.4064
 70
0
  0
VERTEX
  8
1
 10
21.5138
 20
17.1450
 30
0.0000
 42
1.0000
  0
VERTEX
  8
1
 10
21.5138
 20
16.7386
 30
0.0000
  0
SEQEND
  8
0
  0
POLYLINE
  8
1
 66
1
 10
0.0000
 20
0.0000
 30
0.0000
 40
0.8128
 41
0.8128
 70
0
  0
VERTEX
  8
1
 10
56.7182
 20
16.9418
 30
0.0000
  0
VERTEX
  8
1
 10
57.0230
 20
16.6370
 30
0.0000
  0
SEQEND
  8
0
  0
POLYLINE
  8
1
 66
1
 10
0.0000
 20
0.0000
 30
0.0000
 40
0.4064
 41
0.4064
 70
0
  0
VERTEX
  8
1
 10
56.8793
 20
16.4933
 30
0.0000
 42
1.0000
  0
VERTEX
  8
1
 10
57.1667
 20
16.7807
 30
0.0000
  0
SEQEND
  8
0
  0
POLYLINE
  8
1
 66
1
 10
0.0000
 20
0.0000
 30
0.0000
 40
0.4064
 41
0.4064
 70
0
  0
VERTEX
  8
1
 10
56.8619
 20
17.0855
 30
0.0000
 42
1.0000
  0
VERTEX
  8
1
 10
56.5745
 20
16.7981
 30
0.0000
  0
SEQEND
  8
0
  0
POLYLINE
  8
1
 66
1
 10
0.0000
 20
0.0000
 30
0.0000
 40
0.2000
 41
0.2000
 70
0
  0
VERTEX
  8
1
 10
49.8000
 20
12.5410
 30
0.0000
  0
VERTEX
  8
1
 10
51.8000
 20
12.5410
 30
0.0000
  0
SEQEND
  8
0
  0
POLYLINE
  8
1
 66
1
 10
0.0000
 20
0.0000
 30
0.0000
 40
0.1000
 41
0.1000
 70
0
  0
VERTEX
  8
1
 10
51.8000
 20
12.4910
 30
0.0000
 42
1.0000
  0
VERTEX
  8
1
 10
51.8000
 20
12.5910
 30
0.0000
  0
SEQEND
  8
0
  0
POLYLINE
  8
1
 66
1
 10
0.0000
 20
0.0000
 30
0.0000
 40
0.1000
 41
0.1000
 70
0
  0
VERTEX
  8
1
 10
49.8000
 20
12.5910
 30
0.0000
 42
1.0000
  0
VERTEX
  8
1
 10
49.8000
 20
12.4910
 30
0.0000
  0
SEQEND
  8
0
  0
POLYLINE
  8
1
 66
1
 10
0.0000
 20
0.0000
 30
0.0000
 40
0.2000
 41
0.2000
 70
0
  0
VERTEX
  8
1
 10
54.6100
 20
16.5100
 30
0.0000
  0
VERTEX
  8
1
 10
54.6100
 20
16.9418
 30
0.0000
  0
SEQEND
  8
0
  0
POLYLINE
  8
1
 66
1
 10
0.0000
 20
0.0000
 30
0.0000
 40
0.1000
 41
0.1000
 70
0
  0
VERTEX
  8
1
 10
54.6600
 20
16.9418
 30
0.0000
 42
1.0000
  0
VERTEX
  8
1
 10
54.5600
 20
16.9418
 30
0.0000
  0
SEQEND
  8
0
  0
POLYLINE
  8
1
 66
1
 10
0.0000
 20
0.0000
 30
0.0000
 40
0.1000
 41
0.1000
 70
0
  0
VERTEX
  8
1
 10
54.5600
 20
16.5100
 30
0.0000
 42
1.0000
  0
VERTEX
  8
1
 10
54.6600
 20
16.5100
 30
0.0000
  0
SEQEND
  8
0
  0
POLYLINE
  8
1
 66
1
 10
0.0000
 20
0.0000
 30
0.0000
 40
0.2540
 41
0.2540
 70
0
  0
VERTEX
  8
1
 10
51.8000
 20
12.5410
 30
0.0000
  0
VERTEX
  8
1
 10
51.8000
 20
13.7000
 30
0.0000
  0
SEQEND
  8
0
  0
POLYLINE
  8
1
 66
1
 10
0.0000
 20
0.0000
 30
0.0000
 40
0.1270
 41
0.1270
 70
0
  0
VERTEX
  8
1
 10
51.8635
 20
13.7000
 30
0.0000
 42
1.0000
  0
VERTEX
  8
1
 10
51.7365
 20
13.7000
 30
0.0000
  0
SEQEND
  8
0
  0
POLYLINE
  8
1
 66
1
 10
0.0000
 20
0.0000
 30
0.0000
 40
0.1270
 41
0.1270
 70
0
  0
VERTEX
  8
1
 10
51.7365
 20
12.5410
 30
0.0000
 42
1.0000
  0
VERTEX
  8
1
 10
51.8635
 20
12.5410
 30
0.0000
  0
SEQEND
  8
0
  0
POLYLINE
  8
1
 66
1
 10
0.0000
 20
0.0000
 30
0.0000
 40
0.2540
 41
0.2540
 70
0
  0
VERTEX
  8
1
 10
51.8000
 20
13.7000
 30
0.0000
  0
VERTEX
  8
1
 10
54.6100
 20
16.5100
 30
0.0000
  0
SEQEND
  8
0
  0
POLYLINE
  8
1
 66
1
 10
0.0000
 20
0.0000
 30
0.0000
 40
0.1270
 41
0.1270
 70
0
  0
VERTEX
  8
1
 10
54.6549
 20
16.4651
 30
0.0000
 42
1.0000
  0
VERTEX
  8
1
 10
54.5651
 20
16.5549
 30
0.0000
  0
SEQEND
  8
0
  0
POLYLINE
  8
1
 66
1
 10
0.0000
 20
0.0000
 30
0.0000
 40
0.1270
 41
0.1270
 70
0
  0
VERTEX
  8
1
 10
51.7551
 20
13.7449
 30
0.0000
 42
1.0000
  0
VERTEX
  8
1
 10
51.8449
 20
13.6551
 30
0.0000
  0
SEQEND
  8
0
  0
POLYLINE
  8
1
 66
1
 10
0.0000
 20
0.0000
 30
0.0000
 40
0.1524
 41
0.1524
 70
0
  0
VERTEX
  8
1
 10
51.8000
 20
8.5410
 30
0.0000
  0
VERTEX
  8
1
 10
49.8000
 20
8.5410
 30
0.0000
  0
SEQEND
  8
0
  0
POLYLINE
  8
1
 66
1
 10
0.0000
 20
0.0000
 30
0.0000
 40
0.0762
 41
0.0762
 70
0
  0
VERTEX
  8
1
 10
49.8000
 20
8.5791
 30
0.0000
 42
1.0000
  0
VERTEX
  8
1
 10
49.8000
 20
8.5029
 30
0.0000
  0
SEQEND
  8
0
  0
POLYLINE
  8
1
 66
1
 10
0.0000
 20
0.0000
 30
0.0000
 40
0.0762
 41
0.0762
 70
0
  0
VERTEX
  8
1
 10
51.8000
 20
8.5029
 30
0.0000
 42
1.0000
  0
VERTEX
  8
1
 10
51.8000
 20
8.5791
 30
0.0000
  0
SEQEND
  8
0
  0
POLYLINE
  8
1
 66
1
 10
0.0000
 20
0.0000
 30
0.0000
 40
0.8128
 41
0.8128
 70
0
  0
VERTEX
  8
1
 10
21.2090
 20
4.1910
 30
0.0000
  0
VERTEX
  8
1
 10
21.5138
 20
3.8862
 30
0.0000
  0
SEQEND
  8
0
  0
POLYLINE
  8
1
 66
1
 10
0.0000
 20
0.0000
 30
0.0000
 40
0.4064
 41
0.4064
 70
0
  0
VERTEX
  8
1
 10
21.3701
 20
3.7425
 30
0.0000
 42
1.0000
  0
VERTEX
  8
1
 10
21.6575
 20
4.0299
 30
0.0000
  0
SEQEND
  8
0
  0
POLYLINE
  8
1
 66
1
 10
0.0000
 20
0.0000
 30
0.0000
 40
0.4064
 41
0.4064
 70
0
  0
VERTEX
  8
1
 10
21.3527
 20
4.3347
 30
0.0000
 42
1.0000
  0
VERTEX
  8
1
 10
21.0653
 20
4.0473
 30
0.0000
  0
SEQEND
  8
0
  0
POLYLINE
  8
1
 66
1
 10
0.0000
 20
0.0000
 30
0.0000
 40
0.8128
 41
0.8128
 70
0
  0
VERTEX
  8
1
 10
56.7182
 20
3.8862
 30
0.0000
  0
VERTEX
  8
1
 10
48.2600
 20
3.8862
 30
0.0000
  0
SEQEND
  8
0
  0
POLYLINE
  8
1
 66
1
 10
0.0000
 20
0.0000
 30
0.0000
 40
0.4064
 41
0.4064
 70
0
  0
VERTEX
  8
1
 10
48.2600
 20
4.0894
 30
0.0000
 42
1.0000
  0
VERTEX
  8
1
 10
48.2600
 20
3.6830
 30
0.0000
  0
SEQEND
  8
0
  0
POLYLINE
  8
1
 66
1
 10
0.0000
 20
0.0000
 30
0.0000
 40
0.4064
 41
0.4064
 70
0
  0
VERTEX
  8
1
 10
56.7182
 20
3.6830
 30
0.0000
 42
1.0000
  0
VERTEX
  8
1
 10
56.7182
 20
4.0894
 30
0.0000
  0
SEQEND
  8
0
  0
POLYLINE
  8
1
 66
1
 10
0.0000
 20
0.0000
 30
0.0000
 40
0.8128
 41
0.8128
 70
0
  0
VERTEX
  8
1
 10
21.5138
 20
3.8862
 30
0.0000
  0
VERTEX
  8
1
 10
48.2600
 20
3.8862
 30
0.0000
  0
SEQEND
  8
0
  0
POLYLINE
  8
1
 66
1
 10
0.0000
 20
0.0000
 30
0.0000
 40
0.4064
 41
0.4064
 70
0
  0
VERTEX
  8
1
 10
48.2600
 20
3.6830
 30
0.0000
 42
1.0000
  0
VERTEX
  8
1
 10
48.2600
 20
4.0894
 30
0.0000
  0
SEQEND
  8
0
  0
POLYLINE
  8
1
 66
1
 10
0.0000
 20
0.0000
 30
0.0000
 40
0.4064
 41
0.4064
 70
0
  0
VERTEX
  8
1
 10
21.5138
 20
4.0894
 30
0.0000
 42
1.0000
  0
VERTEX
  8
1
 10
21.5138
 20
3.6830
 30
0.0000
  0
SEQEND
  8
0
  0
POLYLINE
  8
1
 66
1
 10
0.0000
 20
0.0000
 30
0.0000
 40
0.8128
 41
0.8128
 70
0
  0
VERTEX
  8
1
 10
56.7182
 20
3.8862
 30
0.0000
  0
VERTEX
  8
1
 10
57.0230
 20
4.1910
 30
0.0000
  0
SEQEND
  8
0
  0
POLYLINE
  8
1
 66
1
 10
0.0000
 20
0.0000
 30
0.0000
 40
0.4064
 41
0.4064
 70
0
  0
VERTEX
  8
1
 10
57.1667
 20
4.0473
 30
0.0000
 42
1.0000
  0
VERTEX
  8
1
 10
56.8793
 20
4.3347
 30
0.0000
  0
SEQEND
  8
0
  0
POLYLINE
  8
1
 66
1
 10
0.0000
 20
0.0000
 30
0.0000
 40
0.4064
 41
0.4064
 70
0
  0
VERTEX
  8
1
 10
56.5745
 20
4.0299
 30
0.0000
 42
1.0000
  0
VERTEX
  8
1
 10
56.8619
 20
3.7425
 30
0.0000
  0
SEQEND
  8
0
  0
POLYLINE
  8
1
 66
1
 10
0.0000
 20
0.0000
 30
0.0000
 40
0.2540
 41
0.2540
 70
0
  0
VERTEX
  8
1
 10
49.8000
 20
8.5410
 30
0.0000
  0
VERTEX
  8
1
 10
49.8000
 20
7.8900
 30
0.0000
  0
SEQEND
  8
0
  0
POLYLINE
  8
1
 66
1
 10
0.0000
 20
0.0000
 30
0.0000
 40
0.1270
 41
0.1270
 70
0
  0
VERTEX
  8
1
 10
49.7365
 20
7.8900
 30
0.0000
 42
1.0000
  0
VERTEX
  8
1
 10
49.8635
 20
7.8900
 30
0.0000
  0
SEQEND
  8
0
  0
POLYLINE
  8
1
 66
1
 10
0.0000
 20
0.0000
 30
0.0000
 40
0.1270
 41
0.1270
 70
0
  0
VERTEX
  8
1
 10
49.8635
 20
8.5410
 30
0.0000
 42
1.0000
  0
VERTEX
  8
1
 10
49.7365
 20
8.5410
 30
0.0000
  0
SEQEND
  8
0
  0
POLYLINE
  8
1
 66
1
 10
0.0000
 20
0.0000
 30
0.0000
 40
0.2540
 41
0.2540
 70
0
  0
VERTEX
  8
1
 10
49.8000
 20
7.8900
 30
0.0000
  0
VERTEX
  8
1
 10
49.4919
 20
7.5819
 30
0.0000
  0
SEQEND
  8
0
  0
POLYLINE
  8
1
 66
1
 10
0.0000
 20
0.0000
 30
0.0000
 40
0.1270
 41
0.1270
 70
0
  0
VERTEX
  8
1
 10
49.4470
 20
7.6268
 30
0.0000
 42
1.0000
  0
VERTEX
  8
1
 10
49.5368
 20
7.5370
 30
0.0000
  0
SEQEND
  8
0
  0
POLYLINE
  8
1
 66
1
 10
0.0000
 20
0.0000
 30
0.0000
 40
0.1270
 41
0.1270
 70
0
  0
VERTEX
  8
1
 10
49.8449
 20
7.8451
 30
0.0000
 42
1.0000
  0
VERTEX
  8
1
 10
49.7551
 20
7.9349
 30
0.0000
  0
SEQEND
  8
0
  0
POLYLINE
  8
1
 66
1
 10
0.0000
 20
0.0000
 30
0.0000
 40
0.2540
 41
0.2540
 70
0
  0
VERTEX
  8
1
 10
49.4919
 20
5.1181
 30
0.0000
  0
VERTEX
  8
1
 10
49.4919
 20
7.5819
 30
0.0000
  0
SEQEND
  8
0
  0
POLYLINE
  8
1
 66
1
 10
0.0000
 20
0.0000
 30
0.0000
 40
0.1270
 41
0.1270
 70
0
  0
VERTEX
  8
1
 10
49.5554
 20
7.5819
 30
0.0000
 42
1.0000
  0
VERTEX
  8
1
 10
49.4284
 20
7.5819
 30
0.0000
  0
SEQEND
  8
0
  0
POLYLINE
  8
1
 66
1
 10
0.0000
 20
0.0000
 30
0.0000
 40
0.1270
 41
0.1270
 70
0
  0
VERTEX
  8
1
 10
49.4284
 20
5.1181
 30
0.0000
 42
1.0000
  0
VERTEX
  8
1
 10
49.5554
 20
5.1181
 30
0.0000
  0
SEQEND
  8
0
  0
POLYLINE
  8
1
 66
1
 10
0.0000
 20
0.0000
 30
0.0000
 40
0.2540
 41
0.2540
 70
0
  0
VERTEX
  8
1
 10
48.2600
 20
3.8862
 30
0.0000
  0
VERTEX
  8
1
 10
49.4919
 20
5.1181
 30
0.0000
  0
SEQEND
  8
0
  0
POLYLINE
  8
1
 66
1
 10
0.0000
 20
0.0000
 30
0.0000
 40
0.1270
 41
0.1270
 70
0
  0
VERTEX
  8
1
 10
49.5368
 20
5.0732
 30
0.0000
 42
1.0000
  0
VERTEX
  8
1
 10
49.4470
 20
5.1630
 30
0.0000
  0
SEQEND
  8
0
  0
POLYLINE
  8
1
 66
1
 10
0.0000
 20
0.0000
 30
0.0000
 40
0.1270
 41
0.1270
 70
0
  0
VERTEX
  8
1
 10
48.2151
 20
3.9311
 30
0.0000
 42
1.0000
  0
VERTEX
  8
1
 10
48.3049
 20
3.8413
 30
0.0000
  0
SEQEND
  8
0
  0
POLYLINE
  8
1
 66
1
 10
0.0000
 20
0.0000
 30
0.0000
 40
0.1524
 41
0.1524
 70
0
  0
VERTEX
  8
1
 10
49.8000
 20
10.5410
 30
0.0000
  0
VERTEX
  8
1
 10
51.8000
 20
10.5410
 30
0.0000
  0
SEQEND
  8
0
  0
POLYLINE
  8
1
 66
1
 10
0.0000
 20
0.0000
 30
0.0000
 40
0.0762
 41
0.0762
 70
0
  0
VERTEX
  8
1
 10
51.8000
 20
10.5029
 30
0.0000
 42
1.0000
  0
VERTEX
  8
1
 10
51.8000
 20
10.5791
 30
0.0000
  0
SEQEND
  8
0
  0
POLYLINE
  8
1
 66
1
 10
0.0000
 20
0.0000
 30
0.0000
 40
0.0762
 41
0.0762
 70
0
  0
VERTEX
  8
1
 10
49.8000
 20
10.5791
 30
0.0000
 42
1.0000
  0
VERTEX
  8
1
 10
49.8000
 20
10.5029
 30
0.0000
  0
SEQEND
  8
0
  0
POLYLINE
  8
1
 66
1
 10
0.0000
 20
0.0000
 30
0.0000
 40
0.2000
 41
0.2000
 70
0
  0
VERTEX
  8
1
 10
48.2600
 20
6.0970
 30
0.0000
  0
VERTEX
  8
1
 10
48.2600
 20
7.9830
 30
0.0000
  0
SEQEND
  8
0
  0
POLYLINE
  8
1
 66
1
 10
0.0000
 20
0.0000
 30
0.0000
 40
0.1000
 41
0.1000
 70
0
  0
VERTEX
  8
1
 10
48.3100
 20
7.9830
 30
0.0000
 42
1.0000
  0
VERTEX
  8
1
 10
48.2100
 20
7.9830
 30
0.0000
  0
SEQEND
  8
0
  0
POLYLINE
  8
1
 66
1
 10
0.0000
 20
0.0000
 30
0.0000
 40
0.1000
 41
0.1000
 70
0
  0
VERTEX
  8
1
 10
48.2100
 20
6.0970
 30
0.0000
 42
1.0000
  0
VERTEX
  8
1
 10
48.3100
 20
6.0970
 30
0.0000
  0
SEQEND
  8
0
  0
POLYLINE
  8
1
 66
1
 10
0.0000
 20
0.0000
 30
0.0000
 40
0.2000
 41
0.2000
 70
0
  0
VERTEX
  8
1
 10
48.2600
 20
7.9830
 30
0.0000
  0
VERTEX
  8
1
 10
49.3180
 20
9.0410
 30
0.0000
  0
SEQEND
  8
0
  0
POLYLINE
  8
1
 66
1
 10
0.0000
 20
0.0000
 30
0.0000
 40
0.1000
 41
0.1000
 70
0
  0
VERTEX
  8
1
 10
49.3534
 20
9.0056
 30
0.0000
 42
1.0000
  0
VERTEX
  8
1
 10
49.2827
 20
9.0764
 30
0.0000
  0
SEQEND
  8
0
  0
POLYLINE
  8
1
 66
1
 10
0.0000
 20
0.0000
 30
0.0000
 40
0.1000
 41
0.1000
 70
0
  0
VERTEX
  8
1
 10
48.2246
 20
8.0183
 30
0.0000
 42
1.0000
  0
VERTEX
  8
1
 10
48.2954
 20
7.9476
 30
0.0000
  0
SEQEND
  8
0
  0
POLYLINE
  8
1
 66
1
 10
0.0000
 20
0.0000
 30
0.0000
 40
0.2000
 41
0.2000
 70
0
  0
VERTEX
  8
1
 10
49.3180
 20
9.0410
 30
0.0000
  0
VERTEX
  8
1
 10
49.8000
 20
9.0410
 30
0.0000
  0
SEQEND
  8
0
  0
POLYLINE
  8
1
 66
1
 10
0.0000
 20
0.0000
 30
0.0000
 40
0.1000
 41
0.1000
 70
0
  0
VERTEX
  8
1
 10
49.8000
 20
8.9910
 30
0.0000
 42
1.0000
  0
VERTEX
  8
1
 10
49.8000
 20
9.0910
 30
0.0000
  0
SEQEND
  8
0
  0
POLYLINE
  8
1
 66
1
 10
0.0000
 20
0.0000
 30
0.0000
 40
0.1000
 41
0.1000
 70
0
  0
VERTEX
  8
1
 10
49.3180
 20
9.0910
 30
0.0000
 42
1.0000
  0
VERTEX
  8
1
 10
49.3180
 20
8.9910
 30
0.0000
  0
SEQEND
  8
0
  0
POLYLINE
  8
16
 66
1
 10
0.0000
 20
0.0000
 30
0.0000
 40
0.2540
 41
0.2540
 70
0
  0
VERTEX
  8
16
 10
48.2600
 20
6.0970
 30
0.0000
  0
VERTEX
  8
16
 10
31.7500
 20
6.0970
 30
0.0000
  0
SEQEND
  8
0
  0
POLYLINE
  8
16
 66
1
 10
0.0000
 20
0.0000
 30
0.0000
 40
0.1270
 41
0.1270
 70
0
  0
VERTEX
  8
16
 10
31.7500
 20
6.1605
 30
0.0000
 42
1.0000
  0
VERTEX
  8
16
 10
31.7500
 20
6.0335
 30
0.0000
  0
SEQEND
  8
0
  0
POLYLINE
  8
16
 66
1
 10
0.0000
 20
0.0000
 30
0.0000
 40
0.1270
 41
0.1270
 70
0
  0
VERTEX
  8
16
 10
48.2600
 20
6.0335
 30
0.0000
 42
1.0000
  0
VERTEX
  8
16
 10
48.2600
 20
6.1605
 30
0.0000
  0
SEQEND
  8
0
  0
POLYLINE
  8
16
 66
1
 10
0.0000
 20
0.0000
 30
0.0000
 40
0.2540
 41
0.2540
 70
0
  0
VERTEX
  8
16
 10
31.7500
 20
6.0970
 30
0.0000
  0
VERTEX
  8
16
 10
27.9472
 20
9.8998
 30
0.0000
  0
SEQEND
  8
0
  0
POLYLINE
  8
16
 66
1
 10
0.0000
 20
0.0000
 30
0.0000
 40
0.1270
 41
0.1270
 70
0
  0
VERTEX
  8
16
 10
27.9921
 20
9.9447
 30
0.0000
 42
1.0000
  0
VERTEX
  8
16
 10
27.9023
 20
9.8549
 30
0.0000
  0
SEQEND
  8
0
  0
POLYLINE
  8
16
 66
1
 10
0.0000
 20
0.0000
 30
0.0000
 40
0.1270
 41
0.1270
 70
0
  0
VERTEX
  8
16
 10
31.7051
 20
6.0521
 30
0.0000
 42
1.0000
  0
VERTEX
  8
16
 10
31.7949
 20
6.1419
 30
0.0000
  0
SEQEND
  8
0
  0
POLYLINE
  8
16
 66
1
 10
0.0000
 20
0.0000
 30
0.0000
 40
0.2540
 41
0.2540
 70
0
  0
VERTEX
  8
16
 10
27.9472
 20
9.8998
 30
0.0000
  0
VERTEX
  8
16
 10
22.2312
 20
9.8998
 30
0.0000
  0
SEQEND
  8
0
  0
POLYLINE
  8
16
 66
1
 10
0.0000
 20
0.0000
 30
0.0000
 40
0.1270
 41
0.1270
 70
0
  0
VERTEX
  8
16
 10
22.2312
 20
9.9633
 30
0.0000
 42
1.0000
  0
VERTEX
  8
16
 10
22.2312
 20
9.8363
 30
0.0000
  0
SEQEND
  8
0
  0
POLYLINE
  8
16
 66
1
 10
0.0000
 20
0.0000
 30
0.0000
 40
0.1270
 41
0.1270
 70
0
  0
VERTEX
  8
16
 10
27.9472
 20
9.8363
 30
0.0000
 42
1.0000
  0
VERTEX
  8
16
 10
27.9472
 20
9.9633
 30
0.0000
  0
SEQEND
  8
0
  0
POLYLINE
  8
16
 66
1
 10
0.0000
 20
0.0000
 30
0.0000
 40
0.2540
 41
0.2540
 70
0
  0
VERTEX
  8
16
 10
20.7010
 20
11.4300
 30
0.0000
  0
VERTEX
  8
16
 10
22.2312
 20
9.8998
 30
0.0000
  0
SEQEND
  8
0
  0
POLYLINE
  8
16
 66
1
 10
0.0000
 20
0.0000
 30
0.0000
 40
0.1270
 41
0.1270
 70
0
  0
VERTEX
  8
16
 10
22.1863
 20
9.8549
 30
0.0000
 42
1.0000
  0
VERTEX
  8
16
 10
22.2761
 20
9.9447
 30
0.0000
  0
SEQEND
  8
0
  0
POLYLINE
  8
16
 66
1
 10
0.0000
 20
0.0000
 30
0.0000
 40
0.1270
 41
0.1270
 70
0
  0
VERTEX
  8
16
 10
20.7459
 20
11.4749
 30
0.0000
 42
1.0000
  0
VERTEX
  8
16
 10
20.6561
 20
11.3851
 30
0.0000
  0
SEQEND
  8
0
  0
POLYLINE
  8
1
 66
1
 10
0.0000
 20
0.0000
 30
0.0000
 40
0.2540
 41
0.2540
 70
0
  0
VERTEX
  8
1
 10
12.7000
 20
11.4300
 30
0.0000
  0
VERTEX
  8
1
 10
11.4250
 20
11.4300
 30
0.0000
  0
SEQEND
  8
0
  0
POLYLINE
  8
1
 66
1
 10
0.0000
 20
0.0000
 30
0.0000
 40
0.1270
 41
0.1270
 70
0
  0
VERTEX
  8
1
 10
11.4250
 20
11.4935
 30
0.0000
 42
1.0000
  0
VERTEX
  8
1
 10
11.4250
 20
11.3665
 30
0.0000
  0
SEQEND
  8
0
  0
POLYLINE
  8
1
 66
1
 10
0.0000
 20
0.0000
 30
0.0000
 40
0.1270
 41
0.1270
 70
0
  0
VERTEX
  8
1
 10
12.7000
 20
11.3665
 30
0.0000
 42
1.0000
  0
VERTEX
  8
1
 10
12.7000
 20
11.4935
 30
0.0000
  0
SEQEND
  8
0
  0
POLYLINE
  8
1
 66
1
 10
0.0000
 20
0.0000
 30
0.0000
 40
0.2540
 41
0.2540
 70
0
  0
VERTEX
  8
1
 10
11.4250
 20
11.4300
 30
0.0000
  0
VERTEX
  8
1
 10
11.2980
 20
11.5570
 30
0.0000
  0
SEQEND
  8
0
  0
POLYLINE
  8
1
 66
1
 10
0.0000
 20
0.0000
 30
0.0000
 40
0.1270
 41
0.1270
 70
0
  0
VERTEX
  8
1
 10
11.3429
 20
11.6019
 30
0.0000
 42
1.0000
  0
VERTEX
  8
1
 10
11.2531
 20
11.5121
 30
0.0000
  0
SEQEND
  8
0
  0
POLYLINE
  8
1
 66
1
 10
0.0000
 20
0.0000
 30
0.0000
 40
0.1270
 41
0.1270
 70
0
  0
VERTEX
  8
1
 10
11.3801
 20
11.3851
 30
0.0000
 42
1.0000
  0
VERTEX
  8
1
 10
11.4699
 20
11.4749
 30
0.0000
  0
SEQEND
  8
0
  0
POLYLINE
  8
16
 66
1
 10
0.0000
 20
0.0000
 30
0.0000
 40
0.2540
 41
0.2540
 70
0
  0
VERTEX
  8
16
 10
12.7000
 20
11.4300
 30
0.0000
  0
VERTEX
  8
16
 10
20.7010
 20
11.4300
 30
0.0000
  0
SEQEND
  8
0
  0
POLYLINE
  8
16
 66
1
 10
0.0000
 20
0.0000
 30
0.0000
 40
0.1270
 41
0.1270
 70
0
  0
VERTEX
  8
16
 10
20.7010
 20
11.3665
 30
0.0000
 42
1.0000
  0
VERTEX
  8
16
 10
20.7010
 20
11.4935
 30
0.0000
  0
SEQEND
  8
0
  0
POLYLINE
  8
16
 66
1
 10
0.0000
 20
0.0000
 30
0.0000
 40
0.1270
 41
0.1270
 70
0
  0
VERTEX
  8
16
 10
12.7000
 20
11.4935
 30
0.0000
 42
1.0000
  0
VERTEX
  8
16
 10
12.7000
 20
11.3665
 30
0.0000
  0
SEQEND
  8
0
  0
INSERT
  8
18
  2
ROUNDV
 10
48.2600
 20
6.0970
 30
0.0000
 41
0.7564
 42
0.7564
 43
1.0000
 50
0.0000
  0
INSERT
  8
18
  2
ROUNDV
 10
48.2600
 20
6.0970
 30
0.0000
 41
0.7564
 42
0.7564
 43
1.0000
 50
0.0000
  0
INSERT
  8
18
  2
ROUNDV
 10
12.7000
 20
11.4300
 30
0.0000
 41
0.7564
 42
0.7564
 43
1.0000
 50
0.0000
  0
INSERT
  8
18
  2
ROUNDV
 10
12.7000
 20
11.4300
 30
0.0000
 41
0.7564
 42
0.7564
 43
1.0000
 50
0.0000
  0
POLYLINE
  8
1
 66
1
 10
0.0000
 20
0.0000
 30
0.0000
 40
0.3048
 41
0.3048
 70
0
  0
VERTEX
  8
1
 10
60.0790
 20
13.9700
 30
0.0000
  0
VERTEX
  8
1
 10
58.1500
 20
12.0410
 30
0.0000
  0
SEQEND
  8
0
  0
POLYLINE
  8
1
 66
1
 10
0.0000
 20
0.0000
 30
0.0000
 40
0.1524
 41
0.1524
 70
0
  0
VERTEX
  8
1
 10
58.0961
 20
12.0949
 30
0.0000
 42
1.0000
  0
VERTEX
  8
1
 10
58.2039
 20
11.9871
 30
0.0000
  0
SEQEND
  8
0
  0
POLYLINE
  8
1
 66
1
 10
0.0000
 20
0.0000
 30
0.0000
 40
0.1524
 41
0.1524
 70
0
  0
VERTEX
  8
1
 10
60.1329
 20
13.9161
 30
0.0000
 42
1.0000
  0
VERTEX
  8
1
 10
60.0251
 20
14.0239
 30
0.0000
  0
SEQEND
  8
0
  0
POLYLINE
  8
1
 66
1
 10
0.0000
 20
0.0000
 30
0.0000
 40
0.3048
 41
0.3048
 70
0
  0
VERTEX
  8
1
 10
51.8000
 20
12.0410
 30
0.0000
  0
VERTEX
  8
1
 10
58.1500
 20
12.0410
 30
0.0000
  0
SEQEND
  8
0
  0
POLYLINE
  8
1
 66
1
 10
0.0000
 20
0.0000
 30
0.0000
 40
0.1524
 41
0.1524
 70
0
  0
VERTEX
  8
1
 10
58.1500
 20
11.9648
 30
0.0000
 42
1.0000
  0
VERTEX
  8
1
 10
58.1500
 20
12.1172
 30
0.0000
  0
SEQEND
  8
0
  0
POLYLINE
  8
1
 66
1
 10
0.0000
 20
0.0000
 30
0.0000
 40
0.1524
 41
0.1524
 70
0
  0
VERTEX
  8
1
 10
51.8000
 20
12.1172
 30
0.0000
 42
1.0000
  0
VERTEX
  8
1
 10
51.8000
 20
11.9648
 30
0.0000
  0
SEQEND
  8
0
  0
POLYLINE
  8
1
 66
1
 10
0.0000
 20
0.0000
 30
0.0000
 40
0.3048
 41
0.3048
 70
0
  0
VERTEX
  8
1
 10
66.1720
 20
12.7000
 30
0.0000
  0
VERTEX
  8
1
 10
64.9020
 20
13.9700
 30
0.0000
  0
SEQEND
  8
0
  0
POLYLINE
  8
1
 66
1
 10
0.0000
 20
0.0000
 30
0.0000
 40
0.1524
 41
0.1524
 70
0
  0
VERTEX
  8
1
 10
64.9559
 20
14.0239
 30
0.0000
 42
1.0000
  0
VERTEX
  8
1
 10
64.8481
 20
13.9161
 30
0.0000
  0
SEQEND
  8
0
  0
POLYLINE
  8
1
 66
1
 10
0.0000
 20
0.0000
 30
0.0000
 40
0.1524
 41
0.1524
 70
0
  0
VERTEX
  8
1
 10
66.1181
 20
12.6461
 30
0.0000
 42
1.0000
  0
VERTEX
  8
1
 10
66.2259
 20
12.7539
 30
0.0000
  0
SEQEND
  8
0
  0
POLYLINE
  8
1
 66
1
 10
0.0000
 20
0.0000
 30
0.0000
 40
0.3048
 41
0.3048
 70
0
  0
VERTEX
  8
1
 10
64.9020
 20
13.9700
 30
0.0000
  0
VERTEX
  8
1
 10
60.0790
 20
13.9700
 30
0.0000
  0
SEQEND
  8
0
  0
POLYLINE
  8
1
 66
1
 10
0.0000
 20
0.0000
 30
0.0000
 40
0.1524
 41
0.1524
 70
0
  0
VERTEX
  8
1
 10
60.0790
 20
14.0462
 30
0.0000
 42
1.0000
  0
VERTEX
  8
1
 10
60.0790
 20
13.8938
 30
0.0000
  0
SEQEND
  8
0
  0
POLYLINE
  8
1
 66
1
 10
0.0000
 20
0.0000
 30
0.0000
 40
0.1524
 41
0.1524
 70
0
  0
VERTEX
  8
1
 10
64.9020
 20
13.8938
 30
0.0000
 42
1.0000
  0
VERTEX
  8
1
 10
64.9020
 20
14.0462
 30
0.0000
  0
SEQEND
  8
0
  0
POLYLINE
  8
16
 66
1
 10
0.0000
 20
0.0000
 30
0.0000
 40
0.3048
 41
0.3048
 70
0
  0
VERTEX
  8
16
 10
49.0220
 20
17.0180
 30
0.0000
  0
VERTEX
  8
16
 10
49.5300
 20
16.5100
 30
0.0000
  0
SEQEND
  8
0
  0
POLYLINE
  8
16
 66
1
 10
0.0000
 20
0.0000
 30
0.0000
 40
0.1524
 41
0.1524
 70
0
  0
VERTEX
  8
16
 10
49.4761
 20
16.4561
 30
0.0000
 42
1.0000
  0
VERTEX
  8
16
 10
49.5839
 20
16.5639
 30
0.0000
  0
SEQEND
  8
0
  0
POLYLINE
  8
16
 66
1
 10
0.0000
 20
0.0000
 30
0.0000
 40
0.1524
 41
0.1524
 70
0
  0
VERTEX
  8
16
 10
49.0759
 20
17.0719
 30
0.0000
 42
1.0000
  0
VERTEX
  8
16
 10
48.9681
 20
16.9641
 30
0.0000
  0
SEQEND
  8
0
  0
POLYLINE
  8
1
 66
1
 10
0.0000
 20
0.0000
 30
0.0000
 40
0.4064
 41
0.4064
 70
0
  0
VERTEX
  8
1
 10
28.9560
 20
13.8430
 30
0.0000
  0
VERTEX
  8
1
 10
30.8610
 20
15.7480
 30
0.0000
  0
SEQEND
  8
0
  0
POLYLINE
  8
1
 66
1
 10
0.0000
 20
0.0000
 30
0.0000
 40
0.2032
 41
0.2032
 70
0
  0
VERTEX
  8
1
 10
30.9328
 20
15.6762
 30
0.0000
 42
1.0000
  0
VERTEX
  8
1
 10
30.7892
 20
15.8198
 30
0.0000
  0
SEQEND
  8
0
  0
POLYLINE
  8
1
 66
1
 10
0.0000
 20
0.0000
 30
0.0000
 40
0.2032
 41
0.2032
 70
0
  0
VERTEX
  8
1
 10
28.8842
 20
13.9148
 30
0.0000
 42
1.0000
  0
VERTEX
  8
1
 10
29.0278
 20
13.7712
 30
0.0000
  0
SEQEND
  8
0
  0
POLYLINE
  8
1
 66
1
 10
0.0000
 20
0.0000
 30
0.0000
 40
0.4064
 41
0.4064
 70
0
  0
VERTEX
  8
1
 10
30.8610
 20
15.7480
 30
0.0000
  0
VERTEX
  8
1
 10
31.2420
 20
15.7480
 30
0.0000
  0
SEQEND
  8
0
  0
POLYLINE
  8
1
 66
1
 10
0.0000
 20
0.0000
 30
0.0000
 40
0.2032
 41
0.2032
 70
0
  0
VERTEX
  8
1
 10
31.2420
 20
15.6464
 30
0.0000
 42
1.0000
  0
VERTEX
  8
1
 10
31.2420
 20
15.8496
 30
0.0000
  0
SEQEND
  8
0
  0
POLYLINE
  8
1
 66
1
 10
0.0000
 20
0.0000
 30
0.0000
 40
0.2032
 41
0.2032
 70
0
  0
VERTEX
  8
1
 10
30.8610
 20
15.8496
 30
0.0000
 42
1.0000
  0
VERTEX
  8
1
 10
30.8610
 20
15.6464
 30
0.0000
  0
SEQEND
  8
0
  0
POLYLINE
  8
16
 66
1
 10
0.0000
 20
0.0000
 30
0.0000
 40
0.4064
 41
0.4064
 70
0
  0
VERTEX
  8
16
 10
31.2420
 20
15.7480
 30
0.0000
  0
VERTEX
  8
16
 10
32.5120
 20
17.0180
 30
0.0000
  0
SEQEND
  8
0
  0
POLYLINE
  8
16
 66
1
 10
0.0000
 20
0.0000
 30
0.0000
 40
0.2032
 41
0.2032
 70
0
  0
VERTEX
  8
16
 10
32.5838
 20
16.9462
 30
0.0000
 42
1.0000
  0
VERTEX
  8
16
 10
32.4402
 20
17.0898
 30
0.0000
  0
SEQEND
  8
0
  0
POLYLINE
  8
16
 66
1
 10
0.0000
 20
0.0000
 30
0.0000
 40
0.2032
 41
0.2032
 70
0
  0
VERTEX
  8
16
 10
31.1702
 20
15.8198
 30
0.0000
 42
1.0000
  0
VERTEX
  8
16
 10
31.3138
 20
15.6762
 30
0.0000
  0
SEQEND
  8
0
  0
POLYLINE
  8
16
 66
1
 10
0.0000
 20
0.0000
 30
0.0000
 40
0.4064
 41
0.4064
 70
0
  0
VERTEX
  8
16
 10
32.5120
 20
17.0180
 30
0.0000
  0
VERTEX
  8
16
 10
49.0220
 20
17.0180
 30
0.0000
  0
SEQEND
  8
0
  0
POLYLINE
  8
16
 66
1
 10
0.0000
 20
0.0000
 30
0.0000
 40
0.2032
 41
0.2032
 70
0
  0
VERTEX
  8
16
 10
49.0220
 20
16.9164
 30
0.0000
 42
1.0000
  0
VERTEX
  8
16
 10
49.0220
 20
17.1196
 30
0.0000
  0
SEQEND
  8
0
  0
POLYLINE
  8
16
 66
1
 10
0.0000
 20
0.0000
 30
0.0000
 40
0.2032
 41
0.2032
 70
0
  0
VERTEX
  8
16
 10
32.5120
 20
17.1196
 30
0.0000
 42
1.0000
  0
VERTEX
  8
16
 10
32.5120
 20
16.9164
 30
0.0000
  0
SEQEND
  8
0
  0
POLYLINE
  8
16
 66
1
 10
0.0000
 20
0.0000
 30
0.0000
 40
0.4064
 41
0.4064
 70
0
  0
VERTEX
  8
16
 10
49.5300
 20
16.5100
 30
0.0000
  0
VERTEX
  8
16
 10
54.6100
 20
11.4300
 30
0.0000
  0
SEQEND
  8
0
  0
POLYLINE
  8
16
 66
1
 10
0.0000
 20
0.0000
 30
0.0000
 40
0.2032
 41
0.2032
 70
0
  0
VERTEX
  8
16
 10
54.5382
 20
11.3582
 30
0.0000
 42
1.0000
  0
VERTEX
  8
16
 10
54.6818
 20
11.5018
 30
0.0000
  0
SEQEND
  8
0
  0
POLYLINE
  8
16
 66
1
 10
0.0000
 20
0.0000
 30
0.0000
 40
0.2032
 41
0.2032
 70
0
  0
VERTEX
  8
16
 10
49.6018
 20
16.5818
 30
0.0000
 42
1.0000
  0
VERTEX
  8
16
 10
49.4582
 20
16.4382
 30
0.0000
  0
SEQEND
  8
0
  0
POLYLINE
  8
16
 66
1
 10
0.0000
 20
0.0000
 30
0.0000
 40
0.4064
 41
0.4064
 70
0
  0
VERTEX
  8
16
 10
54.6100
 20
11.4300
 30
0.0000
  0
VERTEX
  8
16
 10
54.6100
 20
8.8900
 30
0.0000
  0
SEQEND
  8
0
  0
POLYLINE
  8
16
 66
1
 10
0.0000
 20
0.0000
 30
0.0000
 40
0.2032
 41
0.2032
 70
0
  0
VERTEX
  8
16
 10
54.5084
 20
8.8900
 30
0.0000
 42
1.0000
  0
VERTEX
  8
16
 10
54.7116
 20
8.8900
 30
0.0000
  0
SEQEND
  8
0
  0
POLYLINE
  8
16
 66
1
 10
0.0000
 20
0.0000
 30
0.0000
 40
0.2032
 41
0.2032
 70
0
  0
VERTEX
  8
16
 10
54.7116
 20
11.4300
 30
0.0000
 42
1.0000
  0
VERTEX
  8
16
 10
54.5084
 20
11.4300
 30
0.0000
  0
SEQEND
  8
0
  0
POLYLINE
  8
1
 66
1
 10
0.0000
 20
0.0000
 30
0.0000
 40
0.4064
 41
0.4064
 70
0
  0
VERTEX
  8
1
 10
51.8000
 20
9.0410
 30
0.0000
  0
VERTEX
  8
1
 10
54.4590
 20
9.0410
 30
0.0000
  0
SEQEND
  8
0
  0
POLYLINE
  8
1
 66
1
 10
0.0000
 20
0.0000
 30
0.0000
 40
0.2032
 41
0.2032
 70
0
  0
VERTEX
  8
1
 10
54.4590
 20
8.9394
 30
0.0000
 42
1.0000
  0
VERTEX
  8
1
 10
54.4590
 20
9.1426
 30
0.0000
  0
SEQEND
  8
0
  0
POLYLINE
  8
1
 66
1
 10
0.0000
 20
0.0000
 30
0.0000
 40
0.2032
 41
0.2032
 70
0
  0
VERTEX
  8
1
 10
51.8000
 20
9.1426
 30
0.0000
 42
1.0000
  0
VERTEX
  8
1
 10
51.8000
 20
8.9394
 30
0.0000
  0
SEQEND
  8
0
  0
POLYLINE
  8
1
 66
1
 10
0.0000
 20
0.0000
 30
0.0000
 40
0.4064
 41
0.4064
 70
0
  0
VERTEX
  8
1
 10
54.4590
 20
9.0410
 30
0.0000
  0
VERTEX
  8
1
 10
54.6100
 20
8.8900
 30
0.0000
  0
SEQEND
  8
0
  0
POLYLINE
  8
1
 66
1
 10
0.0000
 20
0.0000
 30
0.0000
 40
0.2032
 41
0.2032
 70
0
  0
VERTEX
  8
1
 10
54.5382
 20
8.8182
 30
0.0000
 42
1.0000
  0
VERTEX
  8
1
 10
54.6818
 20
8.9618
 30
0.0000
  0
SEQEND
  8
0
  0
POLYLINE
  8
1
 66
1
 10
0.0000
 20
0.0000
 30
0.0000
 40
0.2032
 41
0.2032
 70
0
  0
VERTEX
  8
1
 10
54.5308
 20
9.1128
 30
0.0000
 42
1.0000
  0
VERTEX
  8
1
 10
54.3872
 20
8.9692
 30
0.0000
  0
SEQEND
  8
0
  0
INSERT
  8
18
  2
ROUNDV
 10
31.2420
 20
15.7480
 30
0.0000
 41
0.7564
 42
0.7564
 43
1.0000
 50
0.0000
  0
INSERT
  8
18
  2
ROUNDV
 10
31.2420
 20
15.7480
 30
0.0000
 41
0.7564
 42
0.7564
 43
1.0000
 50
0.0000
  0
INSERT
  8
18
  2
ROUNDV
 10
54.6100
 20
8.8900
 30
0.0000
 41
0.7564
 42
0.7564
 43
1.0000
 50
0.0000
  0
INSERT
  8
18
  2
ROUNDV
 10
54.6100
 20
8.8900
 30
0.0000
 41
0.7564
 42
0.7564
 43
1.0000
 50
0.0000
  0
POLYLINE
  8
1
 66
1
 10
0.0000
 20
0.0000
 30
0.0000
 40
0.4064
 41
0.4064
 70
0
  0
VERTEX
  8
1
 10
28.9560
 20
6.9850
 30
0.0000
  0
VERTEX
  8
1
 10
28.9560
 20
7.3660
 30
0.0000
  0
SEQEND
  8
0
  0
POLYLINE
  8
1
 66
1
 10
0.0000
 20
0.0000
 30
0.0000
 40
0.2032
 41
0.2032
 70
0
  0
VERTEX
  8
1
 10
29.0576
 20
7.3660
 30
0.0000
 42
1.0000
  0
VERTEX
  8
1
 10
28.8544
 20
7.3660
 30
0.0000
  0
SEQEND
  8
0
  0
POLYLINE
  8
1
 66
1
 10
0.0000
 20
0.0000
 30
0.0000
 40
0.2032
 41
0.2032
 70
0
  0
VERTEX
  8
1
 10
28.8544
 20
6.9850
 30
0.0000
 42
1.0000
  0
VERTEX
  8
1
 10
29.0576
 20
6.9850
 30
0.0000
  0
SEQEND
  8
0
  0
POLYLINE
  8
1
 66
1
 10
0.0000
 20
0.0000
 30
0.0000
 40
0.4064
 41
0.4064
 70
0
  0
VERTEX
  8
1
 10
28.9560
 20
7.3660
 30
0.0000
  0
VERTEX
  8
1
 10
31.7500
 20
10.1600
 30
0.0000
  0
SEQEND
  8
0
  0
POLYLINE
  8
1
 66
1
 10
0.0000
 20
0.0000
 30
0.0000
 40
0.2032
 41
0.2032
 70
0
  0
VERTEX
  8
1
 10
31.8218
 20
10.0882
 30
0.0000
 42
1.0000
  0
VERTEX
  8
1
 10
31.6782
 20
10.2318
 30
0.0000
  0
SEQEND
  8
0
  0
POLYLINE
  8
1
 66
1
 10
0.0000
 20
0.0000
 30
0.0000
 40
0.2032
 41
0.2032
 70
0
  0
VERTEX
  8
1
 10
28.8842
 20
7.4378
 30
0.0000
 42
1.0000
  0
VERTEX
  8
1
 10
29.0278
 20
7.2942
 30
0.0000
  0
SEQEND
  8
0
  0
POLYLINE
  8
1
 66
1
 10
0.0000
 20
0.0000
 30
0.0000
 40
0.4064
 41
0.4064
 70
0
  0
VERTEX
  8
1
 10
31.7500
 20
10.1600
 30
0.0000
  0
VERTEX
  8
1
 10
31.7500
 20
13.9482
 30
0.0000
  0
SEQEND
  8
0
  0
POLYLINE
  8
1
 66
1
 10
0.0000
 20
0.0000
 30
0.0000
 40
0.2032
 41
0.2032
 70
0
  0
VERTEX
  8
1
 10
31.8516
 20
13.9482
 30
0.0000
 42
1.0000
  0
VERTEX
  8
1
 10
31.6484
 20
13.9482
 30
0.0000
  0
SEQEND
  8
0
  0
POLYLINE
  8
1
 66
1
 10
0.0000
 20
0.0000
 30
0.0000
 40
0.2032
 41
0.2032
 70
0
  0
VERTEX
  8
1
 10
31.6484
 20
10.1600
 30
0.0000
 42
1.0000
  0
VERTEX
  8
1
 10
31.8516
 20
10.1600
 30
0.0000
  0
SEQEND
  8
0
  0
POLYLINE
  8
1
 66
1
 10
0.0000
 20
0.0000
 30
0.0000
 40
0.4064
 41
0.4064
 70
0
  0
VERTEX
  8
1
 10
31.7500
 20
13.9482
 30
0.0000
  0
VERTEX
  8
1
 10
31.7500
 20
13.9700
 30
0.0000
  0
SEQEND
  8
0
  0
POLYLINE
  8
1
 66
1
 10
0.0000
 20
0.0000
 30
0.0000
 40
0.2032
 41
0.2032
 70
0
  0
VERTEX
  8
1
 10
31.8516
 20
13.9700
 30
0.0000
 42
1.0000
  0
VERTEX
  8
1
 10
31.6484
 20
13.9700
 30
0.0000
  0
SEQEND
  8
0
  0
POLYLINE
  8
1
 66
1
 10
0.0000
 20
0.0000
 30
0.0000
 40
0.2032
 41
0.2032
 70
0
  0
VERTEX
  8
1
 10
31.6484
 20
13.9482
 30
0.0000
 42
1.0000
  0
VERTEX
  8
1
 10
31.8516
 20
13.9482
 30
0.0000
  0
SEQEND
  8
0
  0
POLYLINE
  8
1
 66
1
 10
0.0000
 20
0.0000
 30
0.0000
 40
0.4064
 41
0.4064
 70
0
  0
VERTEX
  8
1
 10
31.7500
 20
13.9700
 30
0.0000
  0
VERTEX
  8
1
 10
33.0200
 20
15.2400
 30
0.0000
  0
SEQEND
  8
0
  0
POLYLINE
  8
1
 66
1
 10
0.0000
 20
0.0000
 30
0.0000
 40
0.2032
 41
0.2032
 70
0
  0
VERTEX
  8
1
 10
33.0918
 20
15.1682
 30
0.0000
 42
1.0000
  0
VERTEX
  8
1
 10
32.9482
 20
15.3118
 30
0.0000
  0
SEQEND
  8
0
  0
POLYLINE
  8
1
 66
1
 10
0.0000
 20
0.0000
 30
0.0000
 40
0.2032
 41
0.2032
 70
0
  0
VERTEX
  8
1
 10
31.6782
 20
14.0418
 30
0.0000
 42
1.0000
  0
VERTEX
  8
1
 10
31.8218
 20
13.8982
 30
0.0000
  0
SEQEND
  8
0
  0
POLYLINE
  8
1
 66
1
 10
0.0000
 20
0.0000
 30
0.0000
 40
0.4064
 41
0.4064
 70
0
  0
VERTEX
  8
1
 10
49.1527
 20
12.0604
 30
0.0000
  0
VERTEX
  8
1
 10
49.7806
 20
12.0604
 30
0.0000
  0
SEQEND
  8
0
  0
POLYLINE
  8
1
 66
1
 10
0.0000
 20
0.0000
 30
0.0000
 40
0.2032
 41
0.2032
 70
0
  0
VERTEX
  8
1
 10
49.7806
 20
11.9588
 30
0.0000
 42
1.0000
  0
VERTEX
  8
1
 10
49.7806
 20
12.1620
 30
0.0000
  0
SEQEND
  8
0
  0
POLYLINE
  8
1
 66
1
 10
0.0000
 20
0.0000
 30
0.0000
 40
0.2032
 41
0.2032
 70
0
  0
VERTEX
  8
1
 10
49.1527
 20
12.1620
 30
0.0000
 42
1.0000
  0
VERTEX
  8
1
 10
49.1527
 20
11.9588
 30
0.0000
  0
SEQEND
  8
0
  0
POLYLINE
  8
1
 66
1
 10
0.0000
 20
0.0000
 30
0.0000
 40
0.4064
 41
0.4064
 70
0
  0
VERTEX
  8
1
 10
49.7806
 20
12.0604
 30
0.0000
  0
VERTEX
  8
1
 10
49.8000
 20
12.0410
 30
0.0000
  0
SEQEND
  8
0
  0
POLYLINE
  8
1
 66
1
 10
0.0000
 20
0.0000
 30
0.0000
 40
0.2032
 41
0.2032
 70
0
  0
VERTEX
  8
1
 10
49.7282
 20
11.9692
 30
0.0000
 42
1.0000
  0
VERTEX
  8
1
 10
49.8718
 20
12.1128
 30
0.0000
  0
SEQEND
  8
0
  0
POLYLINE
  8
1
 66
1
 10
0.0000
 20
0.0000
 30
0.0000
 40
0.2032
 41
0.2032
 70
0
  0
VERTEX
  8
1
 10
49.8524
 20
12.1322
 30
0.0000
 42
1.0000
  0
VERTEX
  8
1
 10
49.7088
 20
11.9886
 30
0.0000
  0
SEQEND
  8
0
  0
POLYLINE
  8
1
 66
1
 10
0.0000
 20
0.0000
 30
0.0000
 40
0.4064
 41
0.4064
 70
0
  0
VERTEX
  8
1
 10
45.9731
 20
15.2400
 30
0.0000
  0
VERTEX
  8
1
 10
49.1527
 20
12.0604
 30
0.0000
  0
SEQEND
  8
0
  0
POLYLINE
  8
1
 66
1
 10
0.0000
 20
0.0000
 30
0.0000
 40
0.2032
 41
0.2032
 70
0
  0
VERTEX
  8
1
 10
49.0809
 20
11.9886
 30
0.0000
 42
1.0000
  0
VERTEX
  8
1
 10
49.2245
 20
12.1322
 30
0.0000
  0
SEQEND
  8
0
  0
POLYLINE
  8
1
 66
1
 10
0.0000
 20
0.0000
 30
0.0000
 40
0.2032
 41
0.2032
 70
0
  0
VERTEX
  8
1
 10
46.0449
 20
15.3118
 30
0.0000
 42
1.0000
  0
VERTEX
  8
1
 10
45.9013
 20
15.1682
 30
0.0000
  0
SEQEND
  8
0
  0
POLYLINE
  8
1
 66
1
 10
0.0000
 20
0.0000
 30
0.0000
 40
0.4064
 41
0.4064
 70
0
  0
VERTEX
  8
1
 10
33.0200
 20
15.2400
 30
0.0000
  0
VERTEX
  8
1
 10
45.9731
 20
15.2400
 30
0.0000
  0
SEQEND
  8
0
  0
POLYLINE
  8
1
 66
1
 10
0.0000
 20
0.0000
 30
0.0000
 40
0.2032
 41
0.2032
 70
0
  0
VERTEX
  8
1
 10
45.9731
 20
15.1384
 30
0.0000
 42
1.0000
  0
VERTEX
  8
1
 10
45.9731
 20
15.3416
 30
0.0000
  0
SEQEND
  8
0
  0
POLYLINE
  8
1
 66
1
 10
0.0000
 20
0.0000
 30
0.0000
 40
0.2032
 41
0.2032
 70
0
  0
VERTEX
  8
1
 10
33.0200
 20
15.3416
 30
0.0000
 42
1.0000
  0
VERTEX
  8
1
 10
33.0200
 20
15.1384
 30
0.0000
  0
SEQEND
  8
0
  0
POLYLINE
  8
1
 66
1
 10
0.0000
 20
0.0000
 30
0.0000
 40
0.3048
 41
0.3048
 70
0
  0
VERTEX
  8
1
 10
1.5240
 20
9.5250
 30
0.0000
  0
VERTEX
  8
1
 10
1.5900
 20
9.5910
 30
0.0000
  0
SEQEND
  8
0
  0
POLYLINE
  8
1
 66
1
 10
0.0000
 20
0.0000
 30
0.0000
 40
0.1524
 41
0.1524
 70
0
  0
VERTEX
  8
1
 10
1.6439
 20
9.5371
 30
0.0000
 42
1.0000
  0
VERTEX
  8
1
 10
1.5361
 20
9.6449
 30
0.0000
  0
SEQEND
  8
0
  0
POLYLINE
  8
1
 66
1
 10
0.0000
 20
0.0000
 30
0.0000
 40
0.1524
 41
0.1524
 70
0
  0
VERTEX
  8
1
 10
1.4701
 20
9.5789
 30
0.0000
 42
1.0000
  0
VERTEX
  8
1
 10
1.5779
 20
9.4711
 30
0.0000
  0
SEQEND
  8
0
  0
POLYLINE
  8
1
 66
1
 10
0.0000
 20
0.0000
 30
0.0000
 40
0.3048
 41
0.3048
 70
0
  0
VERTEX
  8
1
 10
1.5900
 20
9.5910
 30
0.0000
  0
VERTEX
  8
1
 10
5.2070
 20
9.5910
 30
0.0000
  0
SEQEND
  8
0
  0
POLYLINE
  8
1
 66
1
 10
0.0000
 20
0.0000
 30
0.0000
 40
0.1524
 41
0.1524
 70
0
  0
VERTEX
  8
1
 10
5.2070
 20
9.5148
 30
0.0000
 42
1.0000
  0
VERTEX
  8
1
 10
5.2070
 20
9.6672
 30
0.0000
  0
SEQEND
  8
0
  0
POLYLINE
  8
1
 66
1
 10
0.0000
 20
0.0000
 30
0.0000
 40
0.1524
 41
0.1524
 70
0
  0
VERTEX
  8
1
 10
1.5900
 20
9.6672
 30
0.0000
 42
1.0000
  0
VERTEX
  8
1
 10
1.5900
 20
9.5148
 30
0.0000
  0
SEQEND
  8
0
  0
POLYLINE
  8
1
 66
1
 10
0.0000
 20
0.0000
 30
0.0000
 40
0.3048
 41
0.3048
 70
0
  0
VERTEX
  8
1
 10
5.2070
 20
9.5910
 30
0.0000
  0
VERTEX
  8
1
 10
7.3660
 20
9.5910
 30
0.0000
  0
SEQEND
  8
0
  0
POLYLINE
  8
1
 66
1
 10
0.0000
 20
0.0000
 30
0.0000
 40
0.1524
 41
0.1524
 70
0
  0
VERTEX
  8
1
 10
7.3660
 20
9.5148
 30
0.0000
 42
1.0000
  0
VERTEX
  8
1
 10
7.3660
 20
9.6672
 30
0.0000
  0
SEQEND
  8
0
  0
POLYLINE
  8
1
 66
1
 10
0.0000
 20
0.0000
 30
0.0000
 40
0.1524
 41
0.1524
 70
0
  0
VERTEX
  8
1
 10
5.2070
 20
9.6672
 30
0.0000
 42
1.0000
  0
VERTEX
  8
1
 10
5.2070
 20
9.5148
 30
0.0000
  0
SEQEND
  8
0
  0
POLYLINE
  8
1
 66
1
 10
0.0000
 20
0.0000
 30
0.0000
 40
0.3048
 41
0.3048
 70
0
  0
VERTEX
  8
1
 10
7.3660
 20
9.5910
 30
0.0000
  0
VERTEX
  8
1
 10
8.3210
 20
8.6360
 30
0.0000
  0
SEQEND
  8
0
  0
POLYLINE
  8
1
 66
1
 10
0.0000
 20
0.0000
 30
0.0000
 40
0.1524
 41
0.1524
 70
0
  0
VERTEX
  8
1
 10
8.2671
 20
8.5821
 30
0.0000
 42
1.0000
  0
VERTEX
  8
1
 10
8.3749
 20
8.6899
 30
0.0000
  0
SEQEND
  8
0
  0
POLYLINE
  8
1
 66
1
 10
0.0000
 20
0.0000
 30
0.0000
 40
0.1524
 41
0.1524
 70
0
  0
VERTEX
  8
1
 10
7.4199
 20
9.6449
 30
0.0000
 42
1.0000
  0
VERTEX
  8
1
 10
7.3121
 20
9.5371
 30
0.0000
  0
SEQEND
  8
0
  0
POLYLINE
  8
1
 66
1
 10
0.0000
 20
0.0000
 30
0.0000
 40
0.2000
 41
0.2000
 70
0
  0
VERTEX
  8
1
 10
76.4540
 20
11.5570
 30
0.0000
  0
VERTEX
  8
1
 10
76.1340
 20
11.2370
 30
0.0000
  0
SEQEND
  8
0
  0
POLYLINE
  8
1
 66
1
 10
0.0000
 20
0.0000
 30
0.0000
 40
0.1000
 41
0.1000
 70
0
  0
VERTEX
  8
1
 10
76.0986
 20
11.2724
 30
0.0000
 42
1.0000
  0
VERTEX
  8
1
 10
76.1694
 20
11.2016
 30
0.0000
  0
SEQEND
  8
0
  0
POLYLINE
  8
1
 66
1
 10
0.0000
 20
0.0000
 30
0.0000
 40
0.1000
 41
0.1000
 70
0
  0
VERTEX
  8
1
 10
76.4894
 20
11.5216
 30
0.0000
 42
1.0000
  0
VERTEX
  8
1
 10
76.4186
 20
11.5924
 30
0.0000
  0
SEQEND
  8
0
  0
POLYLINE
  8
1
 66
1
 10
0.0000
 20
0.0000
 30
0.0000
 40
0.2000
 41
0.2000
 70
0
  0
VERTEX
  8
1
 10
76.1340
 20
11.2370
 30
0.0000
  0
VERTEX
  8
1
 10
73.6600
 20
11.2370
 30
0.0000
  0
SEQEND
  8
0
  0
POLYLINE
  8
1
 66
1
 10
0.0000
 20
0.0000
 30
0.0000
 40
0.1000
 41
0.1000
 70
0
  0
VERTEX
  8
1
 10
73.6600
 20
11.2870
 30
0.0000
 42
1.0000
  0
VERTEX
  8
1
 10
73.6600
 20
11.1870
 30
0.0000
  0
SEQEND
  8
0
  0
POLYLINE
  8
1
 66
1
 10
0.0000
 20
0.0000
 30
0.0000
 40
0.1000
 41
0.1000
 70
0
  0
VERTEX
  8
1
 10
76.1340
 20
11.1870
 30
0.0000
 42
1.0000
  0
VERTEX
  8
1
 10
76.1340
 20
11.2870
 30
0.0000
  0
SEQEND
  8
0
  0
POLYLINE
  8
1
 66
1
 10
0.0000
 20
0.0000
 30
0.0000
 40
0.2000
 41
0.2000
 70
0
  0
VERTEX
  8
1
 10
73.6600
 20
11.2370
 30
0.0000
  0
VERTEX
  8
1
 10
73.1520
 20
11.2370
 30
0.0000
  0
SEQEND
  8
0
  0
POLYLINE
  8
1
 66
1
 10
0.0000
 20
0.0000
 30
0.0000
 40
0.1000
 41
0.1000
 70
0
  0
VERTEX
  8
1
 10
73.1520
 20
11.2870
 30
0.0000
 42
1.0000
  0
VERTEX
  8
1
 10
73.1520
 20
11.1870
 30
0.0000
  0
SEQEND
  8
0
  0
POLYLINE
  8
1
 66
1
 10
0.0000
 20
0.0000
 30
0.0000
 40
0.1000
 41
0.1000
 70
0
  0
VERTEX
  8
1
 10
73.6600
 20
11.1870
 30
0.0000
 42
1.0000
  0
VERTEX
  8
1
 10
73.6600
 20
11.2870
 30
0.0000
  0
SEQEND
  8
0
  0
POLYLINE
  8
1
 66
1
 10
0.0000
 20
0.0000
 30
0.0000
 40
0.2000
 41
0.2000
 70
0
  0
VERTEX
  8
1
 10
69.9720
 20
12.7000
 30
0.0000
  0
VERTEX
  8
1
 10
71.4350
 20
11.2370
 30
0.0000
  0
SEQEND
  8
0
  0
POLYLINE
  8
1
 66
1
 10
0.0000
 20
0.0000
 30
0.0000
 40
0.1000
 41
0.1000
 70
0
  0
VERTEX
  8
1
 10
71.3996
 20
11.2016
 30
0.0000
 42
1.0000
  0
VERTEX
  8
1
 10
71.4704
 20
11.2724
 30
0.0000
  0
SEQEND
  8
0
  0
POLYLINE
  8
1
 66
1
 10
0.0000
 20
0.0000
 30
0.0000
 40
0.1000
 41
0.1000
 70
0
  0
VERTEX
  8
1
 10
70.0074
 20
12.7354
 30
0.0000
 42
1.0000
  0
VERTEX
  8
1
 10
69.9366
 20
12.6646
 30
0.0000
  0
SEQEND
  8
0
  0
POLYLINE
  8
1
 66
1
 10
0.0000
 20
0.0000
 30
0.0000
 40
0.2000
 41
0.2000
 70
0
  0
VERTEX
  8
1
 10
71.4350
 20
11.2370
 30
0.0000
  0
VERTEX
  8
1
 10
73.1520
 20
11.2370
 30
0.0000
  0
SEQEND
  8
0
  0
POLYLINE
  8
1
 66
1
 10
0.0000
 20
0.0000
 30
0.0000
 40
0.1000
 41
0.1000
 70
0
  0
VERTEX
  8
1
 10
73.1520
 20
11.1870
 30
0.0000
 42
1.0000
  0
VERTEX
  8
1
 10
73.1520
 20
11.2870
 30
0.0000
  0
SEQEND
  8
0
  0
POLYLINE
  8
1
 66
1
 10
0.0000
 20
0.0000
 30
0.0000
 40
0.1000
 41
0.1000
 70
0
  0
VERTEX
  8
1
 10
71.4350
 20
11.2870
 30
0.0000
 42
1.0000
  0
VERTEX
  8
1
 10
71.4350
 20
11.1870
 30
0.0000
  0
SEQEND
  8
0
  0
POLYLINE
  8
1
 66
1
 10
0.0000
 20
0.0000
 30
0.0000
 40
0.2000
 41
0.2000
 70
0
  0
VERTEX
  8
1
 10
72.7050
 20
8.8900
 30
0.0000
  0
VERTEX
  8
1
 10
73.1520
 20
9.3370
 30
0.0000
  0
SEQEND
  8
0
  0
POLYLINE
  8
1
 66
1
 10
0.0000
 20
0.0000
 30
0.0000
 40
0.1000
 41
0.1000
 70
0
  0
VERTEX
  8
1
 10
73.1874
 20
9.3016
 30
0.0000
 42
1.0000
  0
VERTEX
  8
1
 10
73.1166
 20
9.3724
 30
0.0000
  0
SEQEND
  8
0
  0
POLYLINE
  8
1
 66
1
 10
0.0000
 20
0.0000
 30
0.0000
 40
0.1000
 41
0.1000
 70
0
  0
VERTEX
  8
1
 10
72.6696
 20
8.9254
 30
0.0000
 42
1.0000
  0
VERTEX
  8
1
 10
72.7404
 20
8.8546
 30
0.0000
  0
SEQEND
  8
0
  0
POLYLINE
  8
1
 66
1
 10
0.0000
 20
0.0000
 30
0.0000
 40
0.2000
 41
0.2000
 70
0
  0
VERTEX
  8
1
 10
69.0220
 20
8.8900
 30
0.0000
  0
VERTEX
  8
1
 10
72.7050
 20
8.8900
 30
0.0000
  0
SEQEND
  8
0
  0
POLYLINE
  8
1
 66
1
 10
0.0000
 20
0.0000
 30
0.0000
 40
0.1000
 41
0.1000
 70
0
  0
VERTEX
  8
1
 10
72.7050
 20
8.8400
 30
0.0000
 42
1.0000
  0
VERTEX
  8
1
 10
72.7050
 20
8.9400
 30
0.0000
  0
SEQEND
  8
0
  0
POLYLINE
  8
1
 66
1
 10
0.0000
 20
0.0000
 30
0.0000
 40
0.1000
 41
0.1000
 70
0
  0
VERTEX
  8
1
 10
69.0220
 20
8.9400
 30
0.0000
 42
1.0000
  0
VERTEX
  8
1
 10
69.0220
 20
8.8400
 30
0.0000
  0
SEQEND
  8
0
  0
POLYLINE
  8
1
 66
1
 10
0.0000
 20
0.0000
 30
0.0000
 40
0.2000
 41
0.2000
 70
0
  0
VERTEX
  8
1
 10
76.4540
 20
9.3980
 30
0.0000
  0
VERTEX
  8
1
 10
76.3930
 20
9.3370
 30
0.0000
  0
SEQEND
  8
0
  0
POLYLINE
  8
1
 66
1
 10
0.0000
 20
0.0000
 30
0.0000
 40
0.1000
 41
0.1000
 70
0
  0
VERTEX
  8
1
 10
76.3576
 20
9.3724
 30
0.0000
 42
1.0000
  0
VERTEX
  8
1
 10
76.4284
 20
9.3016
 30
0.0000
  0
SEQEND
  8
0
  0
POLYLINE
  8
1
 66
1
 10
0.0000
 20
0.0000
 30
0.0000
 40
0.1000
 41
0.1000
 70
0
  0
VERTEX
  8
1
 10
76.4894
 20
9.3626
 30
0.0000
 42
1.0000
  0
VERTEX
  8
1
 10
76.4186
 20
9.4334
 30
0.0000
  0
SEQEND
  8
0
  0
POLYLINE
  8
1
 66
1
 10
0.0000
 20
0.0000
 30
0.0000
 40
0.2000
 41
0.2000
 70
0
  0
VERTEX
  8
1
 10
76.3930
 20
9.3370
 30
0.0000
  0
VERTEX
  8
1
 10
73.1520
 20
9.3370
 30
0.0000
  0
SEQEND
  8
0
  0
POLYLINE
  8
1
 66
1
 10
0.0000
 20
0.0000
 30
0.0000
 40
0.1000
 41
0.1000
 70
0
  0
VERTEX
  8
1
 10
73.1520
 20
9.3870
 30
0.0000
 42
1.0000
  0
VERTEX
  8
1
 10
73.1520
 20
9.2870
 30
0.0000
  0
SEQEND
  8
0
  0
POLYLINE
  8
1
 66
1
 10
0.0000
 20
0.0000
 30
0.0000
 40
0.1000
 41
0.1000
 70
0
  0
VERTEX
  8
1
 10
76.3930
 20
9.2870
 30
0.0000
 42
1.0000
  0
VERTEX
  8
1
 10
76.3930
 20
9.3870
 30
0.0000
  0
SEQEND
  8
0
  0
POLYLINE
  8
1
 66
1
 10
0.0000
 20
0.0000
 30
0.0000
 40
0.3048
 41
0.3048
 70
0
  0
VERTEX
  8
1
 10
5.2070
 20
11.4910
 30
0.0000
  0
VERTEX
  8
1
 10
5.2730
 20
11.5570
 30
0.0000
  0
SEQEND
  8
0
  0
POLYLINE
  8
1
 66
1
 10
0.0000
 20
0.0000
 30
0.0000
 40
0.1524
 41
0.1524
 70
0
  0
VERTEX
  8
1
 10
5.3269
 20
11.5031
 30
0.0000
 42
1.0000
  0
VERTEX
  8
1
 10
5.2191
 20
11.6109
 30
0.0000
  0
SEQEND
  8
0
  0
POLYLINE
  8
1
 66
1
 10
0.0000
 20
0.0000
 30
0.0000
 40
0.1524
 41
0.1524
 70
0
  0
VERTEX
  8
1
 10
5.1531
 20
11.5449
 30
0.0000
 42
1.0000
  0
VERTEX
  8
1
 10
5.2609
 20
11.4371
 30
0.0000
  0
SEQEND
  8
0
  0
POLYLINE
  8
1
 66
1
 10
0.0000
 20
0.0000
 30
0.0000
 40
0.3048
 41
0.3048
 70
0
  0
VERTEX
  8
1
 10
1.5240
 20
11.6840
 30
0.0000
  0
VERTEX
  8
1
 10
3.5560
 20
11.6840
 30
0.0000
  0
SEQEND
  8
0
  0
POLYLINE
  8
1
 66
1
 10
0.0000
 20
0.0000
 30
0.0000
 40
0.1524
 41
0.1524
 70
0
  0
VERTEX
  8
1
 10
3.5560
 20
11.6078
 30
0.0000
 42
1.0000
  0
VERTEX
  8
1
 10
3.5560
 20
11.7602
 30
0.0000
  0
SEQEND
  8
0
  0
POLYLINE
  8
1
 66
1
 10
0.0000
 20
0.0000
 30
0.0000
 40
0.1524
 41
0.1524
 70
0
  0
VERTEX
  8
1
 10
1.5240
 20
11.7602
 30
0.0000
 42
1.0000
  0
VERTEX
  8
1
 10
1.5240
 20
11.6078
 30
0.0000
  0
SEQEND
  8
0
  0
POLYLINE
  8
1
 66
1
 10
0.0000
 20
0.0000
 30
0.0000
 40
0.3048
 41
0.3048
 70
0
  0
VERTEX
  8
1
 10
3.5560
 20
11.6840
 30
0.0000
  0
VERTEX
  8
1
 10
3.8100
 20
11.4300
 30
0.0000
  0
SEQEND
  8
0
  0
POLYLINE
  8
1
 66
1
 10
0.0000
 20
0.0000
 30
0.0000
 40
0.1524
 41
0.1524
 70
0
  0
VERTEX
  8
1
 10
3.7561
 20
11.3761
 30
0.0000
 42
1.0000
  0
VERTEX
  8
1
 10
3.8639
 20
11.4839
 30
0.0000
  0
SEQEND
  8
0
  0
POLYLINE
  8
1
 66
1
 10
0.0000
 20
0.0000
 30
0.0000
 40
0.1524
 41
0.1524
 70
0
  0
VERTEX
  8
1
 10
3.6099
 20
11.7379
 30
0.0000
 42
1.0000
  0
VERTEX
  8
1
 10
3.5021
 20
11.6301
 30
0.0000
  0
SEQEND
  8
0
  0
POLYLINE
  8
1
 66
1
 10
0.0000
 20
0.0000
 30
0.0000
 40
0.3048
 41
0.3048
 70
0
  0
VERTEX
  8
1
 10
3.8100
 20
11.4300
 30
0.0000
  0
VERTEX
  8
1
 10
5.1460
 20
11.4300
 30
0.0000
  0
SEQEND
  8
0
  0
POLYLINE
  8
1
 66
1
 10
0.0000
 20
0.0000
 30
0.0000
 40
0.1524
 41
0.1524
 70
0
  0
VERTEX
  8
1
 10
5.1460
 20
11.3538
 30
0.0000
 42
1.0000
  0
VERTEX
  8
1
 10
5.1460
 20
11.5062
 30
0.0000
  0
SEQEND
  8
0
  0
POLYLINE
  8
1
 66
1
 10
0.0000
 20
0.0000
 30
0.0000
 40
0.1524
 41
0.1524
 70
0
  0
VERTEX
  8
1
 10
3.8100
 20
11.5062
 30
0.0000
 42
1.0000
  0
VERTEX
  8
1
 10
3.8100
 20
11.3538
 30
0.0000
  0
SEQEND
  8
0
  0
POLYLINE
  8
1
 66
1
 10
0.0000
 20
0.0000
 30
0.0000
 40
0.3048
 41
0.3048
 70
0
  0
VERTEX
  8
1
 10
5.1460
 20
11.4300
 30
0.0000
  0
VERTEX
  8
1
 10
5.2070
 20
11.4910
 30
0.0000
  0
SEQEND
  8
0
  0
POLYLINE
  8
1
 66
1
 10
0.0000
 20
0.0000
 30
0.0000
 40
0.1524
 41
0.1524
 70
0
  0
VERTEX
  8
1
 10
5.2609
 20
11.4371
 30
0.0000
 42
1.0000
  0
VERTEX
  8
1
 10
5.1531
 20
11.5449
 30
0.0000
  0
SEQEND
  8
0
  0
POLYLINE
  8
1
 66
1
 10
0.0000
 20
0.0000
 30
0.0000
 40
0.1524
 41
0.1524
 70
0
  0
VERTEX
  8
1
 10
5.0921
 20
11.4839
 30
0.0000
 42
1.0000
  0
VERTEX
  8
1
 10
5.1999
 20
11.3761
 30
0.0000
  0
SEQEND
  8
0
  0
POLYLINE
  8
1
 66
1
 10
0.0000
 20
0.0000
 30
0.0000
 40
0.2540
 41
0.2540
 70
0
  0
VERTEX
  8
1
 10
5.2730
 20
11.5570
 30
0.0000
  0
VERTEX
  8
1
 10
7.4980
 20
11.5570
 30
0.0000
  0
SEQEND
  8
0
  0
POLYLINE
  8
1
 66
1
 10
0.0000
 20
0.0000
 30
0.0000
 40
0.1270
 41
0.1270
 70
0
  0
VERTEX
  8
1
 10
7.4980
 20
11.4935
 30
0.0000
 42
1.0000
  0
VERTEX
  8
1
 10
7.4980
 20
11.6205
 30
0.0000
  0
SEQEND
  8
0
  0
POLYLINE
  8
1
 66
1
 10
0.0000
 20
0.0000
 30
0.0000
 40
0.1270
 41
0.1270
 70
0
  0
VERTEX
  8
1
 10
5.2730
 20
11.6205
 30
0.0000
 42
1.0000
  0
VERTEX
  8
1
 10
5.2730
 20
11.4935
 30
0.0000
  0
SEQEND
  8
0
  0
POLYLINE
  8
16
 66
1
 10
0.0000
 20
0.0000
 30
0.0000
 40
0.2540
 41
0.2540
 70
0
  0
VERTEX
  8
16
 10
57.0230
 20
7.4930
 30
0.0000
  0
VERTEX
  8
16
 10
58.4200
 20
8.8900
 30
0.0000
  0
SEQEND
  8
0
  0
POLYLINE
  8
16
 66
1
 10
0.0000
 20
0.0000
 30
0.0000
 40
0.1270
 41
0.1270
 70
0
  0
VERTEX
  8
16
 10
58.4649
 20
8.8451
 30
0.0000
 42
1.0000
  0
VERTEX
  8
16
 10
58.3751
 20
8.9349
 30
0.0000
  0
SEQEND
  8
0
  0
POLYLINE
  8
16
 66
1
 10
0.0000
 20
0.0000
 30
0.0000
 40
0.1270
 41
0.1270
 70
0
  0
VERTEX
  8
16
 10
56.9781
 20
7.5379
 30
0.0000
 42
1.0000
  0
VERTEX
  8
16
 10
57.0679
 20
7.4481
 30
0.0000
  0
SEQEND
  8
0
  0
POLYLINE
  8
1
 66
1
 10
0.0000
 20
0.0000
 30
0.0000
 40
0.2540
 41
0.2540
 70
0
  0
VERTEX
  8
1
 10
49.8000
 20
10.0410
 30
0.0000
  0
VERTEX
  8
1
 10
49.5300
 20
10.0410
 30
0.0000
  0
SEQEND
  8
0
  0
POLYLINE
  8
1
 66
1
 10
0.0000
 20
0.0000
 30
0.0000
 40
0.1270
 41
0.1270
 70
0
  0
VERTEX
  8
1
 10
49.5300
 20
10.1045
 30
0.0000
 42
1.0000
  0
VERTEX
  8
1
 10
49.5300
 20
9.9775
 30
0.0000
  0
SEQEND
  8
0
  0
POLYLINE
  8
1
 66
1
 10
0.0000
 20
0.0000
 30
0.0000
 40
0.1270
 41
0.1270
 70
0
  0
VERTEX
  8
1
 10
49.8000
 20
9.9775
 30
0.0000
 42
1.0000
  0
VERTEX
  8
1
 10
49.8000
 20
10.1045
 30
0.0000
  0
SEQEND
  8
0
  0
POLYLINE
  8
1
 66
1
 10
0.0000
 20
0.0000
 30
0.0000
 40
0.2540
 41
0.2540
 70
0
  0
VERTEX
  8
1
 10
47.2442
 20
7.4930
 30
0.0000
  0
VERTEX
  8
1
 10
47.2441
 20
7.4931
 30
0.0000
  0
SEQEND
  8
0
  0
POLYLINE
  8
1
 66
1
 10
0.0000
 20
0.0000
 30
0.0000
 40
0.1270
 41
0.1270
 70
0
  0
VERTEX
  8
1
 10
47.2890
 20
7.5380
 30
0.0000
 42
1.0000
  0
VERTEX
  8
1
 10
47.1992
 20
7.4482
 30
0.0000
  0
SEQEND
  8
0
  0
POLYLINE
  8
1
 66
1
 10
0.0000
 20
0.0000
 30
0.0000
 40
0.1270
 41
0.1270
 70
0
  0
VERTEX
  8
1
 10
47.1993
 20
7.4481
 30
0.0000
 42
1.0000
  0
VERTEX
  8
1
 10
47.2891
 20
7.5379
 30
0.0000
  0
SEQEND
  8
0
  0
POLYLINE
  8
16
 66
1
 10
0.0000
 20
0.0000
 30
0.0000
 40
0.2540
 41
0.2540
 70
0
  0
VERTEX
  8
16
 10
57.0230
 20
7.4930
 30
0.0000
  0
VERTEX
  8
16
 10
47.2442
 20
7.4930
 30
0.0000
  0
SEQEND
  8
0
  0
POLYLINE
  8
16
 66
1
 10
0.0000
 20
0.0000
 30
0.0000
 40
0.1270
 41
0.1270
 70
0
  0
VERTEX
  8
16
 10
47.2442
 20
7.5565
 30
0.0000
 42
1.0000
  0
VERTEX
  8
16
 10
47.2442
 20
7.4295
 30
0.0000
  0
SEQEND
  8
0
  0
POLYLINE
  8
16
 66
1
 10
0.0000
 20
0.0000
 30
0.0000
 40
0.1270
 41
0.1270
 70
0
  0
VERTEX
  8
16
 10
57.0230
 20
7.4295
 30
0.0000
 42
1.0000
  0
VERTEX
  8
16
 10
57.0230
 20
7.5565
 30
0.0000
  0
SEQEND
  8
0
  0
POLYLINE
  8
1
 66
1
 10
0.0000
 20
0.0000
 30
0.0000
 40
0.2000
 41
0.2000
 70
0
  0
VERTEX
  8
1
 10
58.4200
 20
8.8900
 30
0.0000
  0
VERTEX
  8
1
 10
67.1220
 20
8.8900
 30
0.0000
  0
SEQEND
  8
0
  0
POLYLINE
  8
1
 66
1
 10
0.0000
 20
0.0000
 30
0.0000
 40
0.1000
 41
0.1000
 70
0
  0
VERTEX
  8
1
 10
67.1220
 20
8.8400
 30
0.0000
 42
1.0000
  0
VERTEX
  8
1
 10
67.1220
 20
8.9400
 30
0.0000
  0
SEQEND
  8
0
  0
POLYLINE
  8
1
 66
1
 10
0.0000
 20
0.0000
 30
0.0000
 40
0.1000
 41
0.1000
 70
0
  0
VERTEX
  8
1
 10
58.4200
 20
8.9400
 30
0.0000
 42
1.0000
  0
VERTEX
  8
1
 10
58.4200
 20
8.8400
 30
0.0000
  0
SEQEND
  8
0
  0
POLYLINE
  8
1
 66
1
 10
0.0000
 20
0.0000
 30
0.0000
 40
0.2000
 41
0.2000
 70
0
  0
VERTEX
  8
1
 10
58.4200
 20
8.8900
 30
0.0000
  0
VERTEX
  8
1
 10
56.2690
 20
11.0410
 30
0.0000
  0
SEQEND
  8
0
  0
POLYLINE
  8
1
 66
1
 10
0.0000
 20
0.0000
 30
0.0000
 40
0.1000
 41
0.1000
 70
0
  0
VERTEX
  8
1
 10
56.3044
 20
11.0764
 30
0.0000
 42
1.0000
  0
VERTEX
  8
1
 10
56.2336
 20
11.0056
 30
0.0000
  0
SEQEND
  8
0
  0
POLYLINE
  8
1
 66
1
 10
0.0000
 20
0.0000
 30
0.0000
 40
0.1000
 41
0.1000
 70
0
  0
VERTEX
  8
1
 10
58.3846
 20
8.8546
 30
0.0000
 42
1.0000
  0
VERTEX
  8
1
 10
58.4554
 20
8.9254
 30
0.0000
  0
SEQEND
  8
0
  0
POLYLINE
  8
1
 66
1
 10
0.0000
 20
0.0000
 30
0.0000
 40
0.2000
 41
0.2000
 70
0
  0
VERTEX
  8
1
 10
56.2690
 20
11.0410
 30
0.0000
  0
VERTEX
  8
1
 10
51.8000
 20
11.0410
 30
0.0000
  0
SEQEND
  8
0
  0
POLYLINE
  8
1
 66
1
 10
0.0000
 20
0.0000
 30
0.0000
 40
0.1000
 41
0.1000
 70
0
  0
VERTEX
  8
1
 10
51.8000
 20
11.0910
 30
0.0000
 42
1.0000
  0
VERTEX
  8
1
 10
51.8000
 20
10.9910
 30
0.0000
  0
SEQEND
  8
0
  0
POLYLINE
  8
1
 66
1
 10
0.0000
 20
0.0000
 30
0.0000
 40
0.1000
 41
0.1000
 70
0
  0
VERTEX
  8
1
 10
56.2690
 20
10.9910
 30
0.0000
 42
1.0000
  0
VERTEX
  8
1
 10
56.2690
 20
11.0910
 30
0.0000
  0
SEQEND
  8
0
  0
POLYLINE
  8
16
 66
1
 10
0.0000
 20
0.0000
 30
0.0000
 40
0.4064
 41
0.4064
 70
0
  0
VERTEX
  8
16
 10
20.3200
 20
8.8900
 30
0.0000
  0
VERTEX
  8
16
 10
12.7000
 20
8.8900
 30
0.0000
  0
SEQEND
  8
0
  0
POLYLINE
  8
16
 66
1
 10
0.0000
 20
0.0000
 30
0.0000
 40
0.2032
 41
0.2032
 70
0
  0
VERTEX
  8
16
 10
12.7000
 20
8.9916
 30
0.0000
 42
1.0000
  0
VERTEX
  8
16
 10
12.7000
 20
8.7884
 30
0.0000
  0
SEQEND
  8
0
  0
POLYLINE
  8
16
 66
1
 10
0.0000
 20
0.0000
 30
0.0000
 40
0.2032
 41
0.2032
 70
0
  0
VERTEX
  8
16
 10
20.3200
 20
8.7884
 30
0.0000
 42
1.0000
  0
VERTEX
  8
16
 10
20.3200
 20
8.9916
 30
0.0000
  0
SEQEND
  8
0
  0
POLYLINE
  8
16
 66
1
 10
0.0000
 20
0.0000
 30
0.0000
 40
0.4064
 41
0.4064
 70
0
  0
VERTEX
  8
16
 10
20.3200
 20
8.8900
 30
0.0000
  0
VERTEX
  8
16
 10
25.4000
 20
3.8100
 30
0.0000
  0
SEQEND
  8
0
  0
POLYLINE
  8
16
 66
1
 10
0.0000
 20
0.0000
 30
0.0000
 40
0.2032
 41
0.2032
 70
0
  0
VERTEX
  8
16
 10
25.3282
 20
3.7382
 30
0.0000
 42
1.0000
  0
VERTEX
  8
16
 10
25.4718
 20
3.8818
 30
0.0000
  0
SEQEND
  8
0
  0
POLYLINE
  8
16
 66
1
 10
0.0000
 20
0.0000
 30
0.0000
 40
0.2032
 41
0.2032
 70
0
  0
VERTEX
  8
16
 10
20.3918
 20
8.9618
 30
0.0000
 42
1.0000
  0
VERTEX
  8
16
 10
20.2482
 20
8.8182
 30
0.0000
  0
SEQEND
  8
0
  0
POLYLINE
  8
16
 66
1
 10
0.0000
 20
0.0000
 30
0.0000
 40
0.4064
 41
0.4064
 70
0
  0
VERTEX
  8
16
 10
25.4000
 20
3.8100
 30
0.0000
  0
VERTEX
  8
16
 10
30.4800
 20
3.8100
 30
0.0000
  0
SEQEND
  8
0
  0
POLYLINE
  8
16
 66
1
 10
0.0000
 20
0.0000
 30
0.0000
 40
0.2032
 41
0.2032
 70
0
  0
VERTEX
  8
16
 10
30.4800
 20
3.7084
 30
0.0000
 42
1.0000
  0
VERTEX
  8
16
 10
30.4800
 20
3.9116
 30
0.0000
  0
SEQEND
  8
0
  0
POLYLINE
  8
16
 66
1
 10
0.0000
 20
0.0000
 30
0.0000
 40
0.2032
 41
0.2032
 70
0
  0
VERTEX
  8
16
 10
25.4000
 20
3.9116
 30
0.0000
 42
1.0000
  0
VERTEX
  8
16
 10
25.4000
 20
3.7084
 30
0.0000
  0
SEQEND
  8
0
  0
POLYLINE
  8
16
 66
1
 10
0.0000
 20
0.0000
 30
0.0000
 40
0.4064
 41
0.4064
 70
0
  0
VERTEX
  8
16
 10
30.4800
 20
3.8100
 30
0.0000
  0
VERTEX
  8
16
 10
31.7500
 20
5.0800
 30
0.0000
  0
SEQEND
  8
0
  0
POLYLINE
  8
16
 66
1
 10
0.0000
 20
0.0000
 30
0.0000
 40
0.2032
 41
0.2032
 70
0
  0
VERTEX
  8
16
 10
31.8218
 20
5.0082
 30
0.0000
 42
1.0000
  0
VERTEX
  8
16
 10
31.6782
 20
5.1518
 30
0.0000
  0
SEQEND
  8
0
  0
POLYLINE
  8
16
 66
1
 10
0.0000
 20
0.0000
 30
0.0000
 40
0.2032
 41
0.2032
 70
0
  0
VERTEX
  8
16
 10
30.4082
 20
3.8818
 30
0.0000
 42
1.0000
  0
VERTEX
  8
16
 10
30.5518
 20
3.7382
 30
0.0000
  0
SEQEND
  8
0
  0
POLYLINE
  8
16
 66
1
 10
0.0000
 20
0.0000
 30
0.0000
 40
0.4064
 41
0.4064
 70
0
  0
VERTEX
  8
16
 10
31.7500
 20
5.0800
 30
0.0000
  0
VERTEX
  8
16
 10
41.9100
 20
5.0800
 30
0.0000
  0
SEQEND
  8
0
  0
POLYLINE
  8
16
 66
1
 10
0.0000
 20
0.0000
 30
0.0000
 40
0.2032
 41
0.2032
 70
0
  0
VERTEX
  8
16
 10
41.9100
 20
4.9784
 30
0.0000
 42
1.0000
  0
VERTEX
  8
16
 10
41.9100
 20
5.1816
 30
0.0000
  0
SEQEND
  8
0
  0
POLYLINE
  8
16
 66
1
 10
0.0000
 20
0.0000
 30
0.0000
 40
0.2032
 41
0.2032
 70
0
  0
VERTEX
  8
16
 10
31.7500
 20
5.1816
 30
0.0000
 42
1.0000
  0
VERTEX
  8
16
 10
31.7500
 20
4.9784
 30
0.0000
  0
SEQEND
  8
0
  0
POLYLINE
  8
1
 66
1
 10
0.0000
 20
0.0000
 30
0.0000
 40
0.4064
 41
0.4064
 70
0
  0
VERTEX
  8
1
 10
41.9100
 20
5.0800
 30
0.0000
  0
VERTEX
  8
1
 10
42.3118
 20
5.4818
 30
0.0000
  0
SEQEND
  8
0
  0
POLYLINE
  8
1
 66
1
 10
0.0000
 20
0.0000
 30
0.0000
 40
0.2032
 41
0.2032
 70
0
  0
VERTEX
  8
1
 10
42.3836
 20
5.4100
 30
0.0000
 42
1.0000
  0
VERTEX
  8
1
 10
42.2400
 20
5.5536
 30
0.0000
  0
SEQEND
  8
0
  0
POLYLINE
  8
1
 66
1
 10
0.0000
 20
0.0000
 30
0.0000
 40
0.2032
 41
0.2032
 70
0
  0
VERTEX
  8
1
 10
41.8382
 20
5.1518
 30
0.0000
 42
1.0000
  0
VERTEX
  8
1
 10
41.9818
 20
5.0082
 30
0.0000
  0
SEQEND
  8
0
  0
POLYLINE
  8
1
 66
1
 10
0.0000
 20
0.0000
 30
0.0000
 40
0.4064
 41
0.4064
 70
0
  0
VERTEX
  8
1
 10
45.4625
 20
5.4818
 30
0.0000
  0
VERTEX
  8
1
 10
42.3118
 20
5.4818
 30
0.0000
  0
SEQEND
  8
0
  0
POLYLINE
  8
1
 66
1
 10
0.0000
 20
0.0000
 30
0.0000
 40
0.2032
 41
0.2032
 70
0
  0
VERTEX
  8
1
 10
42.3118
 20
5.5834
 30
0.0000
 42
1.0000
  0
VERTEX
  8
1
 10
42.3118
 20
5.3802
 30
0.0000
  0
SEQEND
  8
0
  0
POLYLINE
  8
1
 66
1
 10
0.0000
 20
0.0000
 30
0.0000
 40
0.2032
 41
0.2032
 70
0
  0
VERTEX
  8
1
 10
45.4625
 20
5.3802
 30
0.0000
 42
1.0000
  0
VERTEX
  8
1
 10
45.4625
 20
5.5834
 30
0.0000
  0
SEQEND
  8
0
  0
POLYLINE
  8
1
 66
1
 10
0.0000
 20
0.0000
 30
0.0000
 40
0.4064
 41
0.4064
 70
0
  0
VERTEX
  8
1
 10
49.5300
 20
10.0410
 30
0.0000
  0
VERTEX
  8
1
 10
48.5300
 20
10.0410
 30
0.0000
  0
SEQEND
  8
0
  0
POLYLINE
  8
1
 66
1
 10
0.0000
 20
0.0000
 30
0.0000
 40
0.2032
 41
0.2032
 70
0
  0
VERTEX
  8
1
 10
48.5300
 20
10.1426
 30
0.0000
 42
1.0000
  0
VERTEX
  8
1
 10
48.5300
 20
9.9394
 30
0.0000
  0
SEQEND
  8
0
  0
POLYLINE
  8
1
 66
1
 10
0.0000
 20
0.0000
 30
0.0000
 40
0.2032
 41
0.2032
 70
0
  0
VERTEX
  8
1
 10
49.5300
 20
9.9394
 30
0.0000
 42
1.0000
  0
VERTEX
  8
1
 10
49.5300
 20
10.1426
 30
0.0000
  0
SEQEND
  8
0
  0
POLYLINE
  8
1
 66
1
 10
0.0000
 20
0.0000
 30
0.0000
 40
0.4064
 41
0.4064
 70
0
  0
VERTEX
  8
1
 10
48.5300
 20
10.0410
 30
0.0000
  0
VERTEX
  8
1
 10
47.2441
 20
8.7551
 30
0.0000
  0
SEQEND
  8
0
  0
POLYLINE
  8
1
 66
1
 10
0.0000
 20
0.0000
 30
0.0000
 40
0.2032
 41
0.2032
 70
0
  0
VERTEX
  8
1
 10
47.1723
 20
8.8269
 30
0.0000
 42
1.0000
  0
VERTEX
  8
1
 10
47.3159
 20
8.6833
 30
0.0000
  0
SEQEND
  8
0
  0
POLYLINE
  8
1
 66
1
 10
0.0000
 20
0.0000
 30
0.0000
 40
0.2032
 41
0.2032
 70
0
  0
VERTEX
  8
1
 10
48.6018
 20
9.9692
 30
0.0000
 42
1.0000
  0
VERTEX
  8
1
 10
48.4582
 20
10.1128
 30
0.0000
  0
SEQEND
  8
0
  0
POLYLINE
  8
1
 66
1
 10
0.0000
 20
0.0000
 30
0.0000
 40
0.4064
 41
0.4064
 70
0
  0
VERTEX
  8
1
 10
47.2441
 20
8.7551
 30
0.0000
  0
VERTEX
  8
1
 10
47.2441
 20
7.4931
 30
0.0000
  0
SEQEND
  8
0
  0
POLYLINE
  8
1
 66
1
 10
0.0000
 20
0.0000
 30
0.0000
 40
0.2032
 41
0.2032
 70
0
  0
VERTEX
  8
1
 10
47.1425
 20
7.4931
 30
0.0000
 42
1.0000
  0
VERTEX
  8
1
 10
47.3457
 20
7.4931
 30
0.0000
  0
SEQEND
  8
0
  0
POLYLINE
  8
1
 66
1
 10
0.0000
 20
0.0000
 30
0.0000
 40
0.2032
 41
0.2032
 70
0
  0
VERTEX
  8
1
 10
47.3457
 20
8.7551
 30
0.0000
 42
1.0000
  0
VERTEX
  8
1
 10
47.1425
 20
8.7551
 30
0.0000
  0
SEQEND
  8
0
  0
POLYLINE
  8
1
 66
1
 10
0.0000
 20
0.0000
 30
0.0000
 40
0.4064
 41
0.4064
 70
0
  0
VERTEX
  8
1
 10
47.2442
 20
7.4930
 30
0.0000
  0
VERTEX
  8
1
 10
47.2442
 20
7.2635
 30
0.0000
  0
SEQEND
  8
0
  0
POLYLINE
  8
1
 66
1
 10
0.0000
 20
0.0000
 30
0.0000
 40
0.2032
 41
0.2032
 70
0
  0
VERTEX
  8
1
 10
47.1426
 20
7.2635
 30
0.0000
 42
1.0000
  0
VERTEX
  8
1
 10
47.3458
 20
7.2635
 30
0.0000
  0
SEQEND
  8
0
  0
POLYLINE
  8
1
 66
1
 10
0.0000
 20
0.0000
 30
0.0000
 40
0.2032
 41
0.2032
 70
0
  0
VERTEX
  8
1
 10
47.3458
 20
7.4930
 30
0.0000
 42
1.0000
  0
VERTEX
  8
1
 10
47.1426
 20
7.4930
 30
0.0000
  0
SEQEND
  8
0
  0
POLYLINE
  8
1
 66
1
 10
0.0000
 20
0.0000
 30
0.0000
 40
0.4064
 41
0.4064
 70
0
  0
VERTEX
  8
1
 10
47.2442
 20
7.2635
 30
0.0000
  0
VERTEX
  8
1
 10
45.4625
 20
5.4818
 30
0.0000
  0
SEQEND
  8
0
  0
POLYLINE
  8
1
 66
1
 10
0.0000
 20
0.0000
 30
0.0000
 40
0.2032
 41
0.2032
 70
0
  0
VERTEX
  8
1
 10
45.3906
 20
5.5536
 30
0.0000
 42
1.0000
  0
VERTEX
  8
1
 10
45.5343
 20
5.4100
 30
0.0000
  0
SEQEND
  8
0
  0
POLYLINE
  8
1
 66
1
 10
0.0000
 20
0.0000
 30
0.0000
 40
0.2032
 41
0.2032
 70
0
  0
VERTEX
  8
1
 10
47.3160
 20
7.1917
 30
0.0000
 42
1.0000
  0
VERTEX
  8
1
 10
47.1724
 20
7.3354
 30
0.0000
  0
SEQEND
  8
0
  0
POLYLINE
  8
1
 66
1
 10
0.0000
 20
0.0000
 30
0.0000
 40
0.2540
 41
0.2540
 70
0
  0
VERTEX
  8
1
 10
12.7000
 20
8.8900
 30
0.0000
  0
VERTEX
  8
1
 10
12.4460
 20
8.6360
 30
0.0000
  0
SEQEND
  8
0
  0
POLYLINE
  8
1
 66
1
 10
0.0000
 20
0.0000
 30
0.0000
 40
0.1270
 41
0.1270
 70
0
  0
VERTEX
  8
1
 10
12.4011
 20
8.6809
 30
0.0000
 42
1.0000
  0
VERTEX
  8
1
 10
12.4909
 20
8.5911
 30
0.0000
  0
SEQEND
  8
0
  0
POLYLINE
  8
1
 66
1
 10
0.0000
 20
0.0000
 30
0.0000
 40
0.1270
 41
0.1270
 70
0
  0
VERTEX
  8
1
 10
12.7449
 20
8.8451
 30
0.0000
 42
1.0000
  0
VERTEX
  8
1
 10
12.6551
 20
8.9349
 30
0.0000
  0
SEQEND
  8
0
  0
POLYLINE
  8
1
 66
1
 10
0.0000
 20
0.0000
 30
0.0000
 40
0.2540
 41
0.2540
 70
0
  0
VERTEX
  8
1
 10
12.4460
 20
8.6360
 30
0.0000
  0
VERTEX
  8
1
 10
11.4300
 20
8.6360
 30
0.0000
  0
SEQEND
  8
0
  0
POLYLINE
  8
1
 66
1
 10
0.0000
 20
0.0000
 30
0.0000
 40
0.1270
 41
0.1270
 70
0
  0
VERTEX
  8
1
 10
11.4300
 20
8.6995
 30
0.0000
 42
1.0000
  0
VERTEX
  8
1
 10
11.4300
 20
8.5725
 30
0.0000
  0
SEQEND
  8
0
  0
POLYLINE
  8
1
 66
1
 10
0.0000
 20
0.0000
 30
0.0000
 40
0.1270
 41
0.1270
 70
0
  0
VERTEX
  8
1
 10
12.4460
 20
8.5725
 30
0.0000
 42
1.0000
  0
VERTEX
  8
1
 10
12.4460
 20
8.6995
 30
0.0000
  0
SEQEND
  8
0
  0
POLYLINE
  8
1
 66
1
 10
0.0000
 20
0.0000
 30
0.0000
 40
0.2540
 41
0.2540
 70
0
  0
VERTEX
  8
1
 10
11.4300
 20
8.6360
 30
0.0000
  0
VERTEX
  8
1
 10
10.2210
 20
8.6360
 30
0.0000
  0
SEQEND
  8
0
  0
POLYLINE
  8
1
 66
1
 10
0.0000
 20
0.0000
 30
0.0000
 40
0.1270
 41
0.1270
 70
0
  0
VERTEX
  8
1
 10
10.2210
 20
8.6995
 30
0.0000
 42
1.0000
  0
VERTEX
  8
1
 10
10.2210
 20
8.5725
 30
0.0000
  0
SEQEND
  8
0
  0
POLYLINE
  8
1
 66
1
 10
0.0000
 20
0.0000
 30
0.0000
 40
0.1270
 41
0.1270
 70
0
  0
VERTEX
  8
1
 10
11.4300
 20
8.5725
 30
0.0000
 42
1.0000
  0
VERTEX
  8
1
 10
11.4300
 20
8.6995
 30
0.0000
  0
SEQEND
  8
0
  0
INSERT
  8
18
  2
ROUNDV
 10
12.7000
 20
8.8900
 30
0.0000
 41
0.7564
 42
0.7564
 43
1.0000
 50
0.0000
  0
INSERT
  8
18
  2
ROUNDV
 10
12.7000
 20
8.8900
 30
0.0000
 41
0.7564
 42
0.7564
 43
1.0000
 50
0.0000
  0
INSERT
  8
18
  2
ROUNDV
 10
47.2442
 20
7.4930
 30
0.0000
 41
0.7564
 42
0.7564
 43
1.0000
 50
0.0000
  0
INSERT
  8
18
  2
ROUNDV
 10
47.2442
 20
7.4930
 30
0.0000
 41
0.7564
 42
0.7564
 43
1.0000
 50
0.0000
  0
INSERT
  8
18
  2
ROUNDV
 10
58.4200
 20
8.8900
 30
0.0000
 41
0.7564
 42
0.7564
 43
1.0000
 50
0.0000
  0
INSERT
  8
18
  2
ROUNDV
 10
58.4200
 20
8.8900
 30
0.0000
 41
0.7564
 42
0.7564
 43
1.0000
 50
0.0000
  0
INSERT
  8
18
  2
ROUNDV
 10
41.9100
 20
5.0800
 30
0.0000
 41
0.7564
 42
0.7564
 43
1.0000
 50
0.0000
  0
INSERT
  8
18
  2
ROUNDV
 10
41.9100
 20
5.0800
 30
0.0000
 41
0.7564
 42
0.7564
 43
1.0000
 50
0.0000
  0
ENDSEC
  0
EOF
